token_id,mreid_id
1,MREID_0000001
2,MREID_0000002
3,MREID_0000003
4,MREID_0000004
5,MREID_0000005
6,MREID_0000008
7,MREID_0000006
8,MREID_0000007
9,MREID_0000009
10,MREID_0000010
11,MREID_0000011
12,MREID_0000013
13,MREID_0000012
14,MREID_0000014
15,MREID_0000015
16,MREID_0000018
17,MREID_0000017
18,MREID_0000016
19,MREID_0000020
20,MREID_0000019
21,MREID_0000021
22,MREID_0000022
23,MREID_0000023
24,MREID_0000024
25,MREID_0000026
26,MREID_0000025
27,MREID_0000027
28,MREID_0000028
29,MREID_0000030
30,MREID_0000031
31,MREID_0000029
32,MREID_0000032
33,MREID_0000033
34,MREID_0000035
35,MREID_0000034
36,MREID_0000036
37,MREID_0000037
38,MREID_0000038
39,MREID_0000039
40,MREID_0000040
41,MREID_0000041
42,MREID_0000042
43,MREID_0000043
44,MREID_0000044
45,MREID_0000045
46,MREID_0000046
47,MREID_0000047
48,MREID_0000048
49,MREID_0000049
50,MREID_0000050
51,MREID_0000051
52,MREID_0000052
53,MREID_0000054
54,MREID_0000053
55,MREID_0000055
56,MREID_0000057
57,MREID_0000058
58,MREID_0000056
59,MREID_0000059
60,MREID_0000060
61,MREID_0000061
62,MREID_0000062
63,MREID_0000063
64,MREID_0000064
65,MREID_0000065
66,MREID_0000066
67,MREID_0000067
68,MREID_0000068
69,MREID_0000069
70,MREID_0000070
71,MREID_0000071
72,MREID_0000072
73,MREID_0000074
74,MREID_0000073
75,MREID_0000075
76,MREID_0000076
77,MREID_0000077
78,MREID_0000078
79,MREID_0000079
80,MREID_0000081
81,MREID_0000082
82,MREID_0000080
83,MREID_0000083
84,MREID_0000084
85,MREID_0000086
86,MREID_0000085
87,MREID_0000087
88,MREID_0000090
89,MREID_0000089
90,MREID_0000088
91,MREID_0000091
92,MREID_0000093
93,MREID_0000092
94,MREID_0000094
95,MREID_0000095
96,MREID_0000096
97,MREID_0000097
98,MREID_0000098
99,MREID_0000099
100,MREID_0000101
101,MREID_0000102
102,MREID_0000100
103,MREID_0000103
104,MREID_0000104
105,MREID_0000105
106,MREID_0000106
107,MREID_0000107
108,MREID_0000109
109,MREID_0000108
110,MREID_0000110
111,MREID_0000111
112,MREID_0000112
113,MREID_0000113
114,MREID_0000114
115,MREID_0000115
116,MREID_0000116
117,MREID_0000117
118,MREID_0000118
119,MREID_0000119
120,MREID_0000120
121,MREID_0000122
122,MREID_0000121
123,MREID_0000123
124,MREID_0000125
125,MREID_0000126
126,MREID_0000124
127,MREID_0000128
128,MREID_0000127
129,MREID_0000130
130,MREID_0000129
131,MREID_0000131
132,MREID_0000132
133,MREID_0000133
134,MREID_0000134
135,MREID_0000135
136,MREID_0000136
137,MREID_0000137
138,MREID_0000138
139,MREID_0000139
140,MREID_0000140
141,MREID_0000141
142,MREID_0000142
143,MREID_0000143
144,MREID_0000144
145,MREID_0000145
146,MREID_0000146
147,MREID_0000147
148,MREID_0000148
149,MREID_0000149
150,MREID_0000150
151,MREID_0000152
152,MREID_0000151
153,MREID_0000153
154,MREID_0000154
155,MREID_0000155
156,MREID_0000156
157,MREID_0000157
158,MREID_0000158
159,MREID_0000159
160,MREID_0000161
161,MREID_0000160
162,MREID_0000162
163,MREID_0000163
164,MREID_0000165
165,MREID_0000164
166,MREID_0000166
167,MREID_0000167
168,MREID_0000169
169,MREID_0000168
170,MREID_0000170
171,MREID_0000171
172,MREID_0000172
173,MREID_0000173
174,MREID_0000174
175,MREID_0000175
176,MREID_0000176
177,MREID_0000178
178,MREID_0000177
179,MREID_0000179
180,MREID_0000180
181,MREID_0000181
182,MREID_0000182
183,MREID_0000183
184,MREID_0000184
185,MREID_0000185
186,MREID_0000186
187,MREID_0000187
188,MREID_0000188
189,MREID_0000189
190,MREID_0000190
191,MREID_0000191
192,MREID_0000193
193,MREID_0000192
194,MREID_0000194
195,MREID_0000195
196,MREID_0000196
197,MREID_0000197
198,MREID_0000198
199,MREID_0000199
200,MREID_0000202
201,MREID_0000200
202,MREID_0000201
203,MREID_0000203
204,MREID_0000204
205,MREID_0000206
206,MREID_0000205
207,MREID_0000207
208,MREID_0000209
209,MREID_0000208
210,MREID_0000210
211,MREID_0000211
212,MREID_0000212
213,MREID_0000213
214,MREID_0000214
215,MREID_0000215
216,MREID_0000217
217,MREID_0000216
218,MREID_0000218
219,MREID_0000219
220,MREID_0000221
221,MREID_0000222
222,MREID_0000220
223,MREID_0000223
224,MREID_0000224
225,MREID_0000225
226,MREID_0000226
227,MREID_0000227
228,MREID_0000228
229,MREID_0000229
230,MREID_0000231
231,MREID_0000230
232,MREID_0000232
233,MREID_0000233
234,MREID_0000234
235,MREID_0000235
236,MREID_0000236
237,MREID_0000239
238,MREID_0000238
239,MREID_0000237
240,MREID_0000240
241,MREID_0000241
242,MREID_0000242
243,MREID_0000243
244,MREID_0000244
245,MREID_0000245
246,MREID_0000246
247,MREID_0000247
248,MREID_0000248
249,MREID_0000249
250,MREID_0000250
251,MREID_0000252
252,MREID_0000253
253,MREID_0000251
254,MREID_0000255
255,MREID_0000257
256,MREID_0000254
257,MREID_0000256
258,MREID_0000258
259,MREID_0000259
260,MREID_0000260
261,MREID_0000261
262,MREID_0000262
263,MREID_0000263
264,MREID_0000264
265,MREID_0000265
266,MREID_0000266
267,MREID_0000268
268,MREID_0000267
269,MREID_0000269
270,MREID_0000270
271,MREID_0000271
272,MREID_0000272
273,MREID_0000273
274,MREID_0000274
275,MREID_0000275
276,MREID_0000277
277,MREID_0000278
278,MREID_0000276
279,MREID_0000279
280,MREID_0000280
281,MREID_0000281
282,MREID_0000282
283,MREID_0000283
284,MREID_0000284
285,MREID_0000285
286,MREID_0000286
287,MREID_0000287
288,MREID_0000288
289,MREID_0000289
290,MREID_0000291
291,MREID_0000290
292,MREID_0000292
293,MREID_0000293
294,MREID_0000294
295,MREID_0000295
296,MREID_0000296
297,MREID_0000297
298,MREID_0000299
299,MREID_0000298
300,MREID_0000300
301,MREID_0000301
302,MREID_0000302
303,MREID_0000303
304,MREID_0000305
305,MREID_0000304
306,MREID_0000306
307,MREID_0000307
308,MREID_0000308
309,MREID_0000309
310,MREID_0000310
311,MREID_0000311
312,MREID_0000312
313,MREID_0000313
314,MREID_0000314
315,MREID_0000315
316,MREID_0000316
317,MREID_0000317
318,MREID_0000319
319,MREID_0000318
320,MREID_0000320
321,MREID_0000321
322,MREID_0000322
323,MREID_0000323
324,MREID_0000324
325,MREID_0000325
326,MREID_0000326
327,MREID_0000327
328,MREID_0000328
329,MREID_0000329
330,MREID_0000330
331,MREID_0000331
332,MREID_0000332
333,MREID_0000333
334,MREID_0000334
335,MREID_0000335
336,MREID_0000337
337,MREID_0000336
338,MREID_0000338
339,MREID_0000339
340,MREID_0000341
341,MREID_0000340
342,MREID_0000342
343,MREID_0000343
344,MREID_0000345
345,MREID_0000344
346,MREID_0000346
347,MREID_0000348
348,MREID_0000347
349,MREID_0000349
350,MREID_0000350
351,MREID_0000351
352,MREID_0000352
353,MREID_0000353
354,MREID_0000354
355,MREID_0000355
356,MREID_0000357
357,MREID_0000356
358,MREID_0000358
359,MREID_0000361
360,MREID_0000359
361,MREID_0000360
362,MREID_0000363
363,MREID_0000362
364,MREID_0000365
365,MREID_0000364
366,MREID_0000366
367,MREID_0000369
368,MREID_0000367
369,MREID_0000368
370,MREID_0000371
371,MREID_0000370
372,MREID_0000372
373,MREID_0000373
374,MREID_0000374
375,MREID_0000376
376,MREID_0000375
377,MREID_0000377
378,MREID_0000380
379,MREID_0000378
380,MREID_0000379
381,MREID_0000381
382,MREID_0000382
383,MREID_0000383
384,MREID_0000385
385,MREID_0000384
386,MREID_0000386
387,MREID_0000387
388,MREID_0000388
389,MREID_0000389
390,MREID_0000390
391,MREID_0000391
392,MREID_0000392
393,MREID_0000393
394,MREID_0000394
395,MREID_0000395
396,MREID_0000397
397,MREID_0000396
398,MREID_0000398
399,MREID_0000399
400,MREID_0000401
401,MREID_0000400
402,MREID_0000402
403,MREID_0000404
404,MREID_0000403
405,MREID_0000405
406,MREID_0000406
407,MREID_0000407
408,MREID_0000408
409,MREID_0000409
410,MREID_0000410
411,MREID_0000413
412,MREID_0000412
413,MREID_0000411
414,MREID_0000415
415,MREID_0000414
416,MREID_0000416
417,MREID_0000417
418,MREID_0000419
419,MREID_0000418
420,MREID_0000420
421,MREID_0000421
422,MREID_0000422
423,MREID_0000423
424,MREID_0000424
425,MREID_0000425
426,MREID_0000426
427,MREID_0000427
428,MREID_0000428
429,MREID_0000429
430,MREID_0000430
431,MREID_0000432
432,MREID_0000431
433,MREID_0000433
434,MREID_0000434
435,MREID_0000436
436,MREID_0000435
437,MREID_0000437
438,MREID_0000440
439,MREID_0000438
440,MREID_0000439
441,MREID_0000441
442,MREID_0000442
443,MREID_0000443
444,MREID_0000444
445,MREID_0000445
446,MREID_0000446
447,MREID_0000447
448,MREID_0000448
449,MREID_0000449
450,MREID_0000450
451,MREID_0000452
452,MREID_0000453
453,MREID_0000451
454,MREID_0000454
455,MREID_0000455
456,MREID_0000457
457,MREID_0000456
458,MREID_0000458
459,MREID_0000459
460,MREID_0000460
461,MREID_0000461
462,MREID_0000462
463,MREID_0000463
464,MREID_0000464
465,MREID_0000465
466,MREID_0000467
467,MREID_0000469
468,MREID_0000466
469,MREID_0000468
470,MREID_0000470
471,MREID_0000471
472,MREID_0000472
473,MREID_0000473
474,MREID_0000475
475,MREID_0000474
476,MREID_0000476
477,MREID_0000477
478,MREID_0000478
479,MREID_0000479
480,MREID_0000480
481,MREID_0000481
482,MREID_0000483
483,MREID_0000482
484,MREID_0000484
485,MREID_0000485
486,MREID_0000486
487,MREID_0000487
488,MREID_0000489
489,MREID_0000488
490,MREID_0000490
491,MREID_0000491
492,MREID_0000493
493,MREID_0000492
494,MREID_0000494
495,MREID_0000496
496,MREID_0000495
497,MREID_0000497
498,MREID_0000498
499,MREID_0000499
500,MREID_0000500
501,MREID_0000501
502,MREID_0000502
503,MREID_0000503
504,MREID_0000504
505,MREID_0000505
506,MREID_0000506
507,MREID_0000507
508,MREID_0000508
509,MREID_0000509
510,MREID_0000510
511,MREID_0000511
512,MREID_0000512
513,MREID_0000513
514,MREID_0000514
515,MREID_0000515
516,MREID_0000516
517,MREID_0000517
518,MREID_0000518
519,MREID_0000519
520,MREID_0000520
521,MREID_0000521
522,MREID_0000522
523,MREID_0000523
524,MREID_0000524
525,MREID_0000525
526,MREID_0000526
527,MREID_0000527
528,MREID_0000528
529,MREID_0000529
530,MREID_0000530
531,MREID_0000531
532,MREID_0000532
533,MREID_0000533
534,MREID_0000534
535,MREID_0000535
536,MREID_0000536
537,MREID_0000537
538,MREID_0000538
539,MREID_0000539
540,MREID_0000540
541,MREID_0000541
542,MREID_0000542
543,MREID_0000543
544,MREID_0000544
545,MREID_0000545
546,MREID_0000546
547,MREID_0000547
548,MREID_0000548
549,MREID_0000549
550,MREID_0000550
551,MREID_0000552
552,MREID_0000551
553,MREID_0000553
554,MREID_0000554
555,MREID_0000555
556,MREID_0000556
557,MREID_0000557
558,MREID_0000558
559,MREID_0000559
560,MREID_0000560
561,MREID_0000562
562,MREID_0000561
563,MREID_0000563
564,MREID_0000564
565,MREID_0000565
566,MREID_0000566
567,MREID_0000567
568,MREID_0000568
569,MREID_0000569
570,MREID_0000570
571,MREID_0000571
572,MREID_0000573
573,MREID_0000572
574,MREID_0000574
575,MREID_0000576
576,MREID_0000575
577,MREID_0000577
578,MREID_0000578
579,MREID_0000579
580,MREID_0000580
581,MREID_0000581
582,MREID_0000582
583,MREID_0000583
584,MREID_0000584
585,MREID_0000585
586,MREID_0000586
587,MREID_0000587
588,MREID_0000588
589,MREID_0000589
590,MREID_0000590
591,MREID_0000591
592,MREID_0000592
593,MREID_0000593
594,MREID_0000594
595,MREID_0000595
596,MREID_0000596
597,MREID_0000597
598,MREID_0000598
599,MREID_0000599
600,MREID_0000600
601,MREID_0000601
602,MREID_0000602
603,MREID_0000603
604,MREID_0000604
605,MREID_0000605
606,MREID_0000606
607,MREID_0000607
608,MREID_0000608
609,MREID_0000609
610,MREID_0000610
611,MREID_0000611
612,MREID_0000612
613,MREID_0000613
614,MREID_0000614
615,MREID_0000615
616,MREID_0000616
617,MREID_0000617
618,MREID_0000618
619,MREID_0000619
620,MREID_0000620
621,MREID_0000621
622,MREID_0000622
623,MREID_0000623
624,MREID_0000624
625,MREID_0000625
626,MREID_0000626
627,MREID_0000627
628,MREID_0000628
629,MREID_0000629
630,MREID_0000630
631,MREID_0000631
632,MREID_0000632
633,MREID_0000633
634,MREID_0000634
635,MREID_0000636
636,MREID_0000635
637,MREID_0000637
638,MREID_0000638
639,MREID_0000639
640,MREID_0000641
641,MREID_0000640
642,MREID_0000642
643,MREID_0000643
644,MREID_0000644
645,MREID_0000645
646,MREID_0000646
647,MREID_0000647
648,MREID_0000648
649,MREID_0000649
650,MREID_0000650
651,MREID_0000651
652,MREID_0000652
653,MREID_0000653
654,MREID_0000654
655,MREID_0000655
656,MREID_0000656
657,MREID_0000657
658,MREID_0000658
659,MREID_0000659
660,MREID_0000660
661,MREID_0000661
662,MREID_0000662
663,MREID_0000663
664,MREID_0000664
665,MREID_0000665
666,MREID_0000666
667,MREID_0000667
668,MREID_0000668
669,MREID_0000670
670,MREID_0000669
671,MREID_0000671
672,MREID_0000672
673,MREID_0000673
674,MREID_0000674
675,MREID_0000675
676,MREID_0000677
677,MREID_0000676
678,MREID_0000678
679,MREID_0000679
680,MREID_0000681
681,MREID_0000680
682,MREID_0000682
683,MREID_0000683
684,MREID_0000684
685,MREID_0000685
686,MREID_0000687
687,MREID_0000686
688,MREID_0000688
689,MREID_0000689
690,MREID_0000690
691,MREID_0000691
692,MREID_0000692
693,MREID_0000693
694,MREID_0000694
695,MREID_0000695
696,MREID_0000696
697,MREID_0000697
698,MREID_0000698
699,MREID_0000700
700,MREID_0000699
701,MREID_0000701
702,MREID_0000702
703,MREID_0000703
704,MREID_0000704
705,MREID_0000705
706,MREID_0000706
707,MREID_0000707
708,MREID_0000708
709,MREID_0000709
710,MREID_0000710
711,MREID_0000711
712,MREID_0000712
713,MREID_0000713
714,MREID_0000714
715,MREID_0000717
716,MREID_0000718
717,MREID_0000716
718,MREID_0000715
719,MREID_0000719
720,MREID_0000720
721,MREID_0000721
722,MREID_0000722
723,MREID_0000723
724,MREID_0000724
725,MREID_0000725
726,MREID_0000726
727,MREID_0000727
728,MREID_0000728
729,MREID_0000729
730,MREID_0000730
731,MREID_0000731
732,MREID_0000732
733,MREID_0000733
734,MREID_0000734
735,MREID_0000735
736,MREID_0000736
737,MREID_0000737
738,MREID_0000738
739,MREID_0000739
740,MREID_0000740
741,MREID_0000741
742,MREID_0000743
743,MREID_0000742
744,MREID_0000744
745,MREID_0000745
746,MREID_0000746
747,MREID_0000748
748,MREID_0000747
749,MREID_0000749
750,MREID_0000750
751,MREID_0000751
752,MREID_0000752
753,MREID_0000753
754,MREID_0000754
755,MREID_0000755
756,MREID_0000756
757,MREID_0000757
758,MREID_0000758
759,MREID_0000759
760,MREID_0000760
761,MREID_0000761
762,MREID_0000762
763,MREID_0000763
764,MREID_0000764
765,MREID_0000765
766,MREID_0000767
767,MREID_0000766
768,MREID_0000768
769,MREID_0000769
770,MREID_0000770
771,MREID_0000771
772,MREID_0000772
773,MREID_0000773
774,MREID_0000774
775,MREID_0000775
776,MREID_0000778
777,MREID_0000777
778,MREID_0000776
779,MREID_0000779
780,MREID_0000780
781,MREID_0000781
782,MREID_0000782
783,MREID_0000783
784,MREID_0000784
785,MREID_0000785
786,MREID_0000786
787,MREID_0000787
788,MREID_0000788
789,MREID_0000789
790,MREID_0000790
791,MREID_0000791
792,MREID_0000792
793,MREID_0000793
794,MREID_0000794
795,MREID_0000795
796,MREID_0000796
797,MREID_0000797
798,MREID_0000798
799,MREID_0000799
800,MREID_0000800
801,MREID_0000801
802,MREID_0000802
803,MREID_0000803
804,MREID_0000804
805,MREID_0000805
806,MREID_0000806
807,MREID_0000808
808,MREID_0000807
809,MREID_0000809
810,MREID_0000810
811,MREID_0000811
812,MREID_0000813
813,MREID_0000812
814,MREID_0000814
815,MREID_0000816
816,MREID_0000815
817,MREID_0000817
818,MREID_0000818
819,MREID_0000820
820,MREID_0000819
821,MREID_0000821
822,MREID_0000822
823,MREID_0000823
824,MREID_0000824
825,MREID_0000825
826,MREID_0000826
827,MREID_0000827
828,MREID_0000828
829,MREID_0000829
830,MREID_0000830
831,MREID_0000831
832,MREID_0000832
833,MREID_0000833
834,MREID_0000834
835,MREID_0000836
836,MREID_0000835
837,MREID_0000837
838,MREID_0000838
839,MREID_0000839
840,MREID_0000841
841,MREID_0000840
842,MREID_0000842
843,MREID_0000843
844,MREID_0000844
845,MREID_0000845
846,MREID_0000846
847,MREID_0000847
848,MREID_0000848
849,MREID_0000849
850,MREID_0000850
851,MREID_0000851
852,MREID_0000853
853,MREID_0000852
854,MREID_0000854
855,MREID_0000856
856,MREID_0000855
857,MREID_0000857
858,MREID_0000858
859,MREID_0000859
860,MREID_0000860
861,MREID_0000861
862,MREID_0000862
863,MREID_0000863
864,MREID_0000864
865,MREID_0000865
866,MREID_0000867
867,MREID_0000866
868,MREID_0000869
869,MREID_0000868
870,MREID_0000870
871,MREID_0000871
872,MREID_0000872
873,MREID_0000873
874,MREID_0000874
875,MREID_0000876
876,MREID_0000875
877,MREID_0000877
878,MREID_0000878
879,MREID_0000879
880,MREID_0000880
881,MREID_0000881
882,MREID_0000882
883,MREID_0000883
884,MREID_0000884
885,MREID_0000885
886,MREID_0000886
887,MREID_0000887
888,MREID_0000888
889,MREID_0000889
890,MREID_0000891
891,MREID_0000892
892,MREID_0000890
893,MREID_0000893
894,MREID_0000894
895,MREID_0000895
896,MREID_0000897
897,MREID_0000896
898,MREID_0000898
899,MREID_0000899
900,MREID_0000900
901,MREID_0000901
902,MREID_0000902
903,MREID_0000903
904,MREID_0000904
905,MREID_0000905
906,MREID_0000906
907,MREID_0000908
908,MREID_0000907
909,MREID_0000909
910,MREID_0000910
911,MREID_0000912
912,MREID_0000911
913,MREID_0000913
914,MREID_0000914
915,MREID_0000915
916,MREID_0000916
917,MREID_0000917
918,MREID_0000918
919,MREID_0000919
920,MREID_0000921
921,MREID_0000920
922,MREID_0000922
923,MREID_0000923
924,MREID_0000924
925,MREID_0000925
926,MREID_0000926
927,MREID_0000927
928,MREID_0000929
929,MREID_0000928
930,MREID_0000930
931,MREID_0000932
932,MREID_0000931
933,MREID_0000933
934,MREID_0000934
935,MREID_0000935
936,MREID_0000937
937,MREID_0000936
938,MREID_0000938
939,MREID_0000940
940,MREID_0000939
941,MREID_0000941
942,MREID_0000942
943,MREID_0000943
944,MREID_0000944
945,MREID_0000945
946,MREID_0000946
947,MREID_0000948
948,MREID_0000947
949,MREID_0000949
950,MREID_0000950
951,MREID_0000951
952,MREID_0000952
953,MREID_0000953
954,MREID_0000954
955,MREID_0000955
956,MREID_0000956
957,MREID_0000957
958,MREID_0000958
959,MREID_0000959
960,MREID_0000960
961,MREID_0000961
962,MREID_0000962
963,MREID_0000963
964,MREID_0000964
965,MREID_0000965
966,MREID_0000966
967,MREID_0000967
968,MREID_0000968
969,MREID_0000969
970,MREID_0000970
971,MREID_0000971
972,MREID_0000972
973,MREID_0000973
974,MREID_0000974
975,MREID_0000975
976,MREID_0000977
977,MREID_0000976
978,MREID_0000978
979,MREID_0000979
980,MREID_0000980
981,MREID_0000981
982,MREID_0000982
983,MREID_0000983
984,MREID_0000984
985,MREID_0000985
986,MREID_0000986
987,MREID_0000987
988,MREID_0000988
989,MREID_0000989
990,MREID_0000990
991,MREID_0000991
992,MREID_0000992
993,MREID_0000993
994,MREID_0000994
995,MREID_0000995
996,MREID_0000996
997,MREID_0000997
998,MREID_0000998
999,MREID_0000999
1000,MREID_0001000
1001,MREID_0001001
1002,MREID_0001002
1003,MREID_0001003
1004,MREID_0001004
1005,MREID_0001005
1006,MREID_0001006
1007,MREID_0001007
1008,MREID_0001008
1009,MREID_0001009
1010,MREID_0001010
1011,MREID_0001011
1012,MREID_0001012
1013,MREID_0001013
1014,MREID_0001014
1015,MREID_0001015
1016,MREID_0001016
1017,MREID_0001017
1018,MREID_0001018
1019,MREID_0001019
1020,MREID_0001020
1021,MREID_0001021
1022,MREID_0001022
1023,MREID_0001023
1024,MREID_0001024
1025,MREID_0001025
1026,MREID_0001026
1027,MREID_0001027
1028,MREID_0001028
1029,MREID_0001029
1030,MREID_0001030
1031,MREID_0001031
1032,MREID_0001032
1033,MREID_0001033
1034,MREID_0001034
1035,MREID_0001035
1036,MREID_0001036
1037,MREID_0001037
1038,MREID_0001038
1039,MREID_0001039
1040,MREID_0001040
1041,MREID_0001041
1042,MREID_0001042
1043,MREID_0001044
1044,MREID_0001043
1045,MREID_0001045
1046,MREID_0001046
1047,MREID_0001047
1048,MREID_0001048
1049,MREID_0001049
1050,MREID_0001050
1051,MREID_0001051
1052,MREID_0001052
1053,MREID_0001053
1054,MREID_0001054
1055,MREID_0001055
1056,MREID_0001056
1057,MREID_0001057
1058,MREID_0001058
1059,MREID_0001059
1060,MREID_0001060
1061,MREID_0001061
1062,MREID_0001062
1063,MREID_0001063
1064,MREID_0001064
1065,MREID_0001066
1066,MREID_0001065
1067,MREID_0001068
1068,MREID_0001067
1069,MREID_0001069
1070,MREID_0001070
1071,MREID_0001071
1072,MREID_0001072
1073,MREID_0001073
1074,MREID_0001074
1075,MREID_0001075
1076,MREID_0001076
1077,MREID_0001077
1078,MREID_0001078
1079,MREID_0001079
1080,MREID_0001080
1081,MREID_0001081
1082,MREID_0001082
1083,MREID_0001083
1084,MREID_0001084
1085,MREID_0001085
1086,MREID_0001086
1087,MREID_0001088
1088,MREID_0001087
1089,MREID_0001089
1090,MREID_0001090
1091,MREID_0001092
1092,MREID_0001091
1093,MREID_0001093
1094,MREID_0001094
1095,MREID_0001095
1096,MREID_0001096
1097,MREID_0001097
1098,MREID_0001098
1099,MREID_0001099
1100,MREID_0001100
1101,MREID_0001102
1102,MREID_0001101
1103,MREID_0001103
1104,MREID_0001104
1105,MREID_0001105
1106,MREID_0001106
1107,MREID_0001107
1108,MREID_0001108
1109,MREID_0001109
1110,MREID_0001110
1111,MREID_0001111
1112,MREID_0001112
1113,MREID_0001113
1114,MREID_0001114
1115,MREID_0001115
1116,MREID_0001116
1117,MREID_0001117
1118,MREID_0001118
1119,MREID_0001119
1120,MREID_0001120
1121,MREID_0001121
1122,MREID_0001122
1123,MREID_0001123
1124,MREID_0001124
1125,MREID_0001125
1126,MREID_0001127
1127,MREID_0001126
1128,MREID_0001129
1129,MREID_0001128
1130,MREID_0001130
1131,MREID_0001131
1132,MREID_0001132
1133,MREID_0001133
1134,MREID_0001134
1135,MREID_0001135
1136,MREID_0001137
1137,MREID_0001136
1138,MREID_0001138
1139,MREID_0001139
1140,MREID_0001140
1141,MREID_0001142
1142,MREID_0001141
1143,MREID_0001143
1144,MREID_0001146
1145,MREID_0001144
1146,MREID_0001145
1147,MREID_0001147
1148,MREID_0001148
1149,MREID_0001149
1150,MREID_0001150
1151,MREID_0001152
1152,MREID_0001151
1153,MREID_0001153
1154,MREID_0001154
1155,MREID_0001155
1156,MREID_0001156
1157,MREID_0001157
1158,MREID_0001158
1159,MREID_0001159
1160,MREID_0001160
1161,MREID_0001161
1162,MREID_0001162
1163,MREID_0001163
1164,MREID_0001164
1165,MREID_0001165
1166,MREID_0001166
1167,MREID_0001167
1168,MREID_0001168
1169,MREID_0001169
1170,MREID_0001170
1171,MREID_0001172
1172,MREID_0001171
1173,MREID_0001173
1174,MREID_0001175
1175,MREID_0001174
1176,MREID_0001176
1177,MREID_0001177
1178,MREID_0001178
1179,MREID_0001179
1180,MREID_0001180
1181,MREID_0001181
1182,MREID_0001182
1183,MREID_0001183
1184,MREID_0001184
1185,MREID_0001185
1186,MREID_0001186
1187,MREID_0001187
1188,MREID_0001188
1189,MREID_0001189
1190,MREID_0001190
1191,MREID_0001191
1192,MREID_0001192
1193,MREID_0001193
1194,MREID_0001194
1195,MREID_0001195
1196,MREID_0001196
1197,MREID_0001197
1198,MREID_0001198
1199,MREID_0001199
1200,MREID_0001200
1201,MREID_0001201
1202,MREID_0001202
1203,MREID_0001203
1204,MREID_0001204
1205,MREID_0001205
1206,MREID_0001207
1207,MREID_0001206
1208,MREID_0001209
1209,MREID_0001208
1210,MREID_0001210
1211,MREID_0001211
1212,MREID_0001212
1213,MREID_0001213
1214,MREID_0001214
1215,MREID_0001215
1216,MREID_0001216
1217,MREID_0001218
1218,MREID_0001217
1219,MREID_0001219
1220,MREID_0001220
1221,MREID_0001221
1222,MREID_0001223
1223,MREID_0001222
1224,MREID_0001224
1225,MREID_0001225
1226,MREID_0001226
1227,MREID_0001227
1228,MREID_0001228
1229,MREID_0001229
1230,MREID_0001230
1231,MREID_0001231
1232,MREID_0001233
1233,MREID_0001232
1234,MREID_0001234
1235,MREID_0001235
1236,MREID_0001236
1237,MREID_0001237
1238,MREID_0001239
1239,MREID_0001238
1240,MREID_0001241
1241,MREID_0001240
1242,MREID_0001242
1243,MREID_0001243
1244,MREID_0001244
1245,MREID_0001245
1246,MREID_0001247
1247,MREID_0001246
1248,MREID_0001248
1249,MREID_0001249
1250,MREID_0001250
1251,MREID_0001251
1252,MREID_0001252
1253,MREID_0001253
1254,MREID_0001254
1255,MREID_0001255
1256,MREID_0001256
1257,MREID_0001257
1258,MREID_0001258
1259,MREID_0001259
1260,MREID_0001260
1261,MREID_0001261
1262,MREID_0001262
1263,MREID_0001263
1264,MREID_0001264
1265,MREID_0001265
1266,MREID_0001266
1267,MREID_0001267
1268,MREID_0001268
1269,MREID_0001269
1270,MREID_0001270
1271,MREID_0001271
1272,MREID_0001272
1273,MREID_0001273
1274,MREID_0001274
1275,MREID_0001275
1276,MREID_0001276
1277,MREID_0001277
1278,MREID_0001278
1279,MREID_0001279
1280,MREID_0001280
1281,MREID_0001281
1282,MREID_0001282
1283,MREID_0001283
1284,MREID_0001285
1285,MREID_0001284
1286,MREID_0001286
1287,MREID_0001287
1288,MREID_0001288
1289,MREID_0001289
1290,MREID_0001290
1291,MREID_0001291
1292,MREID_0001292
1293,MREID_0001293
1294,MREID_0001294
1295,MREID_0001295
1296,MREID_0001296
1297,MREID_0001297
1298,MREID_0001298
1299,MREID_0001299
1300,MREID_0001300
1301,MREID_0001301
1302,MREID_0001302
1303,MREID_0001303
1304,MREID_0001304
1305,MREID_0001305
1306,MREID_0001307
1307,MREID_0001306
1308,MREID_0001308
1309,MREID_0001309
1310,MREID_0001310
1311,MREID_0001311
1312,MREID_0001313
1313,MREID_0001312
1314,MREID_0001314
1315,MREID_0001315
1316,MREID_0001316
1317,MREID_0001317
1318,MREID_0001318
1319,MREID_0001319
1320,MREID_0001320
1321,MREID_0001321
1322,MREID_0001322
1323,MREID_0001324
1324,MREID_0001323
1325,MREID_0001325
1326,MREID_0001326
1327,MREID_0001327
1328,MREID_0001328
1329,MREID_0001329
1330,MREID_0001330
1331,MREID_0001331
1332,MREID_0001332
1333,MREID_0001333
1334,MREID_0001334
1335,MREID_0001335
1336,MREID_0001336
1337,MREID_0001337
1338,MREID_0001338
1339,MREID_0001339
1340,MREID_0001340
1341,MREID_0001341
1342,MREID_0001342
1343,MREID_0001343
1344,MREID_0001344
1345,MREID_0001345
1346,MREID_0001347
1347,MREID_0001348
1348,MREID_0001346
1349,MREID_0001349
1350,MREID_0001350
1351,MREID_0001351
1352,MREID_0001352
1353,MREID_0001353
1354,MREID_0001356
1355,MREID_0001354
1356,MREID_0001355
1357,MREID_0001357
1358,MREID_0001358
1359,MREID_0001359
1360,MREID_0001360
1361,MREID_0001361
1362,MREID_0001362
1363,MREID_0001363
1364,MREID_0001364
1365,MREID_0001365
1366,MREID_0001366
1367,MREID_0001367
1368,MREID_0001368
1369,MREID_0001369
1370,MREID_0001371
1371,MREID_0001370
1372,MREID_0001372
1373,MREID_0001373
1374,MREID_0001374
1375,MREID_0001375
1376,MREID_0001376
1377,MREID_0001377
1378,MREID_0001378
1379,MREID_0001379
1380,MREID_0001380
1381,MREID_0001382
1382,MREID_0001381
1383,MREID_0001383
1384,MREID_0001385
1385,MREID_0001384
1386,MREID_0001386
1387,MREID_0001387
1388,MREID_0001388
1389,MREID_0001389
1390,MREID_0001390
1391,MREID_0001391
1392,MREID_0001392
1393,MREID_0001393
1394,MREID_0001395
1395,MREID_0001394
1396,MREID_0001396
1397,MREID_0001397
1398,MREID_0001398
1399,MREID_0001399
1400,MREID_0001400
1401,MREID_0001401
1402,MREID_0001402
1403,MREID_0001403
1404,MREID_0001405
1405,MREID_0001404
1406,MREID_0001406
1407,MREID_0001408
1408,MREID_0001407
1409,MREID_0001409
1410,MREID_0001410
1411,MREID_0001411
1412,MREID_0001412
1413,MREID_0001413
1414,MREID_0001414
1415,MREID_0001415
1416,MREID_0001416
1417,MREID_0001417
1418,MREID_0001418
1419,MREID_0001419
1420,MREID_0001420
1421,MREID_0001421
1422,MREID_0001422
1423,MREID_0001424
1424,MREID_0001423
1425,MREID_0001425
1426,MREID_0001426
1427,MREID_0001427
1428,MREID_0001428
1429,MREID_0001429
1430,MREID_0001430
1431,MREID_0001431
1432,MREID_0001432
1433,MREID_0001433
1434,MREID_0001434
1435,MREID_0001435
1436,MREID_0001436
1437,MREID_0001437
1438,MREID_0001438
1439,MREID_0001439
1440,MREID_0001440
1441,MREID_0001441
1442,MREID_0001442
1443,MREID_0001443
1444,MREID_0001444
1445,MREID_0001445
1446,MREID_0001446
1447,MREID_0001447
1448,MREID_0001448
1449,MREID_0001449
1450,MREID_0001450
1451,MREID_0001451
1452,MREID_0001452
1453,MREID_0001453
1454,MREID_0001454
1455,MREID_0001455
1456,MREID_0001456
1457,MREID_0001457
1458,MREID_0001458
1459,MREID_0001459
1460,MREID_0001460
1461,MREID_0001461
1462,MREID_0001462
1463,MREID_0001463
1464,MREID_0001464
1465,MREID_0001465
1466,MREID_0001466
1467,MREID_0001467
1468,MREID_0001469
1469,MREID_0001468
1470,MREID_0001470
1471,MREID_0001471
1472,MREID_0001473
1473,MREID_0001472
1474,MREID_0001474
1475,MREID_0001475
1476,MREID_0001476
1477,MREID_0001477
1478,MREID_0001478
1479,MREID_0001479
1480,MREID_0001481
1481,MREID_0001480
1482,MREID_0001482
1483,MREID_0001483
1484,MREID_0001484
1485,MREID_0001485
1486,MREID_0001486
1487,MREID_0001489
1488,MREID_0001487
1489,MREID_0001488
1490,MREID_0001490
1491,MREID_0001491
1492,MREID_0001492
1493,MREID_0001493
1494,MREID_0001494
1495,MREID_0001495
1496,MREID_0001496
1497,MREID_0001497
1498,MREID_0001498
1499,MREID_0001499
1500,MREID_0001500
1501,MREID_0001501
1502,MREID_0001502
1503,MREID_0001503
1504,MREID_0001504
1505,MREID_0001505
1506,MREID_0001506
1507,MREID_0001507
1508,MREID_0001508
1509,MREID_0001509
1510,MREID_0001510
1511,MREID_0001511
1512,MREID_0001512
1513,MREID_0001513
1514,MREID_0001514
1515,MREID_0001515
1516,MREID_0001516
1517,MREID_0001517
1518,MREID_0001518
1519,MREID_0001519
1520,MREID_0001520
1521,MREID_0001521
1522,MREID_0001522
1523,MREID_0001523
1524,MREID_0001524
1525,MREID_0001525
1526,MREID_0001526
1527,MREID_0001527
1528,MREID_0001528
1529,MREID_0001529
1530,MREID_0001530
1531,MREID_0001531
1532,MREID_0001532
1533,MREID_0001533
1534,MREID_0001534
1535,MREID_0001535
1536,MREID_0001536
1537,MREID_0001537
1538,MREID_0001538
1539,MREID_0001539
1540,MREID_0001540
1541,MREID_0001541
1542,MREID_0001542
1543,MREID_0001543
1544,MREID_0001544
1545,MREID_0001545
1546,MREID_0001546
1547,MREID_0001547
1548,MREID_0001548
1549,MREID_0001549
1550,MREID_0001550
1551,MREID_0001551
1552,MREID_0001553
1553,MREID_0001552
1554,MREID_0001554
1555,MREID_0001555
1556,MREID_0001556
1557,MREID_0001557
1558,MREID_0001558
1559,MREID_0001559
1560,MREID_0001560
1561,MREID_0001561
1562,MREID_0001562
1563,MREID_0001563
1564,MREID_0001564
1565,MREID_0001565
1566,MREID_0001566
1567,MREID_0001567
1568,MREID_0001568
1569,MREID_0001570
1570,MREID_0001569
1571,MREID_0001571
1572,MREID_0001572
1573,MREID_0001573
1574,MREID_0001574
1575,MREID_0001575
1576,MREID_0001576
1577,MREID_0001577
1578,MREID_0001578
1579,MREID_0001579
1580,MREID_0001580
1581,MREID_0001581
1582,MREID_0001582
1583,MREID_0001583
1584,MREID_0001584
1585,MREID_0001585
1586,MREID_0001586
1587,MREID_0001587
1588,MREID_0001588
1589,MREID_0001589
1590,MREID_0001590
1591,MREID_0001591
1592,MREID_0001592
1593,MREID_0001593
1594,MREID_0001594
1595,MREID_0001595
1596,MREID_0001596
1597,MREID_0001598
1598,MREID_0001597
1599,MREID_0001599
1600,MREID_0001600
1601,MREID_0001601
1602,MREID_0001602
1603,MREID_0001603
1604,MREID_0001604
1605,MREID_0001605
1606,MREID_0001606
1607,MREID_0001607
1608,MREID_0001608
1609,MREID_0001609
1610,MREID_0001610
1611,MREID_0001611
1612,MREID_0001612
1613,MREID_0001613
1614,MREID_0001614
1615,MREID_0001615
1616,MREID_0001616
1617,MREID_0001617
1618,MREID_0001618
1619,MREID_0001619
1620,MREID_0001620
1621,MREID_0001621
1622,MREID_0001622
1623,MREID_0001623
1624,MREID_0001624
1625,MREID_0001625
1626,MREID_0001626
1627,MREID_0001627
1628,MREID_0001629
1629,MREID_0001628
1630,MREID_0001630
1631,MREID_0001631
1632,MREID_0001632
1633,MREID_0001633
1634,MREID_0001634
1635,MREID_0001635
1636,MREID_0001636
1637,MREID_0001637
1638,MREID_0001638
1639,MREID_0001639
1640,MREID_0001641
1641,MREID_0001640
1642,MREID_0001642
1643,MREID_0001643
1644,MREID_0001644
1645,MREID_0001645
1646,MREID_0001646
1647,MREID_0001647
1648,MREID_0001648
1649,MREID_0001649
1650,MREID_0001650
1651,MREID_0001651
1652,MREID_0001652
1653,MREID_0001653
1654,MREID_0001654
1655,MREID_0001655
1656,MREID_0001656
1657,MREID_0001657
1658,MREID_0001658
1659,MREID_0001659
1660,MREID_0001660
1661,MREID_0001661
1662,MREID_0001662
1663,MREID_0001663
1664,MREID_0001664
1665,MREID_0001665
1666,MREID_0001666
1667,MREID_0001667
1668,MREID_0001668
1669,MREID_0001669
1670,MREID_0001670
1671,MREID_0001671
1672,MREID_0001672
1673,MREID_0001673
1674,MREID_0001674
1675,MREID_0001675
1676,MREID_0001676
1677,MREID_0001677
1678,MREID_0001678
1679,MREID_0001679
1680,MREID_0001680
1681,MREID_0001681
1682,MREID_0001682
1683,MREID_0001683
1684,MREID_0001684
1685,MREID_0001685
1686,MREID_0001686
1687,MREID_0001687
1688,MREID_0001688
1689,MREID_0001689
1690,MREID_0001690
1691,MREID_0001691
1692,MREID_0001692
1693,MREID_0001693
1694,MREID_0001694
1695,MREID_0001695
1696,MREID_0001696
1697,MREID_0001697
1698,MREID_0001698
1699,MREID_0001699
1700,MREID_0001700
1701,MREID_0001701
1702,MREID_0001703
1703,MREID_0001702
1704,MREID_0001705
1705,MREID_0001704
1706,MREID_0001706
1707,MREID_0001707
1708,MREID_0001708
1709,MREID_0001709
1710,MREID_0001711
1711,MREID_0001710
1712,MREID_0001712
1713,MREID_0001713
1714,MREID_0001714
1715,MREID_0001715
1716,MREID_0001716
1717,MREID_0001717
1718,MREID_0001718
1719,MREID_0001719
1720,MREID_0001720
1721,MREID_0001721
1722,MREID_0001722
1723,MREID_0001723
1724,MREID_0001724
1725,MREID_0001725
1726,MREID_0001726
1727,MREID_0001727
1728,MREID_0001728
1729,MREID_0001729
1730,MREID_0001730
1731,MREID_0001731
1732,MREID_0001732
1733,MREID_0001733
1734,MREID_0001734
1735,MREID_0001735
1736,MREID_0001736
1737,MREID_0001737
1738,MREID_0001738
1739,MREID_0001739
1740,MREID_0001740
1741,MREID_0001741
1742,MREID_0001742
1743,MREID_0001743
1744,MREID_0001744
1745,MREID_0001745
1746,MREID_0001746
1747,MREID_0001747
1748,MREID_0001748
1749,MREID_0001749
1750,MREID_0001750
1751,MREID_0001751
1752,MREID_0001752
1753,MREID_0001754
1754,MREID_0001753
1755,MREID_0001755
1756,MREID_0001756
1757,MREID_0001757
1758,MREID_0001758
1759,MREID_0001759
1760,MREID_0001760
1761,MREID_0001761
1762,MREID_0001762
1763,MREID_0001763
1764,MREID_0001764
1765,MREID_0001765
1766,MREID_0001766
1767,MREID_0001767
1768,MREID_0001768
1769,MREID_0001769
1770,MREID_0001770
1771,MREID_0001771
1772,MREID_0001772
1773,MREID_0001773
1774,MREID_0001774
1775,MREID_0001775
1776,MREID_0001776
1777,MREID_0001777
1778,MREID_0001778
1779,MREID_0001779
1780,MREID_0001780
1781,MREID_0001781
1782,MREID_0001782
1783,MREID_0001783
1784,MREID_0001784
1785,MREID_0001785
1786,MREID_0001786
1787,MREID_0001787
1788,MREID_0001788
1789,MREID_0001789
1790,MREID_0001790
1791,MREID_0001791
1792,MREID_0001792
1793,MREID_0001793
1794,MREID_0001794
1795,MREID_0001795
1796,MREID_0001796
1797,MREID_0001797
1798,MREID_0001798
1799,MREID_0001799
1800,MREID_0001800
1801,MREID_0001801
1802,MREID_0001802
1803,MREID_0001803
1804,MREID_0001804
1805,MREID_0001805
1806,MREID_0001806
1807,MREID_0001807
1808,MREID_0001808
1809,MREID_0001809
1810,MREID_0001810
1811,MREID_0001811
1812,MREID_0001812
1813,MREID_0001813
1814,MREID_0001814
1815,MREID_0001815
1816,MREID_0001816
1817,MREID_0001817
1818,MREID_0001818
1819,MREID_0001819
1820,MREID_0001820
1821,MREID_0001821
1822,MREID_0001822
1823,MREID_0001823
1824,MREID_0001824
1825,MREID_0001825
1826,MREID_0001826
1827,MREID_0001827
1828,MREID_0001828
1829,MREID_0001829
1830,MREID_0001830
1831,MREID_0001831
1832,MREID_0001832
1833,MREID_0001833
1834,MREID_0001834
1835,MREID_0001836
1836,MREID_0001835
1837,MREID_0001837
1838,MREID_0001838
1839,MREID_0001839
1840,MREID_0001840
1841,MREID_0001841
1842,MREID_0001842
1843,MREID_0001843
1844,MREID_0001844
1845,MREID_0001845
1846,MREID_0001846
1847,MREID_0001847
1848,MREID_0001848
1849,MREID_0001849
1850,MREID_0001850
1851,MREID_0001851
1852,MREID_0001852
1853,MREID_0001853
1854,MREID_0001854
1855,MREID_0001855
1856,MREID_0001857
1857,MREID_0001856
1858,MREID_0001858
1859,MREID_0001859
1860,MREID_0001860
1861,MREID_0001861
1862,MREID_0001862
1863,MREID_0001863
1864,MREID_0001865
1865,MREID_0001864
1866,MREID_0001866
1867,MREID_0001867
1868,MREID_0001868
1869,MREID_0001869
1870,MREID_0001870
1871,MREID_0001871
1872,MREID_0001872
1873,MREID_0001873
1874,MREID_0001874
1875,MREID_0001875
1876,MREID_0001876
1877,MREID_0001877
1878,MREID_0001878
1879,MREID_0001879
1880,MREID_0001880
1881,MREID_0001881
1882,MREID_0001882
1883,MREID_0001883
1884,MREID_0001884
1885,MREID_0001885
1886,MREID_0001886
1887,MREID_0001887
1888,MREID_0001888
1889,MREID_0001889
1890,MREID_0001890
1891,MREID_0001891
1892,MREID_0001892
1893,MREID_0001893
1894,MREID_0001894
1895,MREID_0001895
1896,MREID_0001896
1897,MREID_0001897
1898,MREID_0001898
1899,MREID_0001899
1900,MREID_0001900
1901,MREID_0001901
1902,MREID_0001902
1903,MREID_0001903
1904,MREID_0001904
1905,MREID_0001905
1906,MREID_0001906
1907,MREID_0001907
1908,MREID_0001908
1909,MREID_0001909
1910,MREID_0001910
1911,MREID_0001911
1912,MREID_0001912
1913,MREID_0001913
1914,MREID_0001914
1915,MREID_0001915
1916,MREID_0001916
1917,MREID_0001917
1918,MREID_0001918
1919,MREID_0001919
1920,MREID_0001920
1921,MREID_0001921
1922,MREID_0001922
1923,MREID_0001923
1924,MREID_0001924
1925,MREID_0001925
1926,MREID_0001926
1927,MREID_0001927
1928,MREID_0001928
1929,MREID_0001930
1930,MREID_0001929
1931,MREID_0001931
1932,MREID_0001932
1933,MREID_0001933
1934,MREID_0001934
1935,MREID_0001935
1936,MREID_0001936
1937,MREID_0001937
1938,MREID_0001938
1939,MREID_0001939
1940,MREID_0001940
1941,MREID_0001941
1942,MREID_0001943
1943,MREID_0001942
1944,MREID_0001944
1945,MREID_0001945
1946,MREID_0001946
1947,MREID_0001947
1948,MREID_0001948
1949,MREID_0001949
1950,MREID_0001950
1951,MREID_0001951
1952,MREID_0001952
1953,MREID_0001953
1954,MREID_0001954
1955,MREID_0001955
1956,MREID_0001956
1957,MREID_0001957
1958,MREID_0001958
1959,MREID_0001959
1960,MREID_0001960
1961,MREID_0001961
1962,MREID_0001962
1963,MREID_0001963
1964,MREID_0001964
1965,MREID_0001965
1966,MREID_0001966
1967,MREID_0001967
1968,MREID_0001968
1969,MREID_0001969
1970,MREID_0001970
1971,MREID_0001971
1972,MREID_0001972
1973,MREID_0001973
1974,MREID_0001974
1975,MREID_0001975
1976,MREID_0001976
1977,MREID_0001977
1978,MREID_0001978
1979,MREID_0001979
1980,MREID_0001980
1981,MREID_0001981
1982,MREID_0001982
1983,MREID_0001983
1984,MREID_0001984
1985,MREID_0001985
1986,MREID_0001986
1987,MREID_0001987
1988,MREID_0001988
1989,MREID_0001989
1990,MREID_0001990
1991,MREID_0001991
1992,MREID_0001992
1993,MREID_0001993
1994,MREID_0001994
1995,MREID_0001995
1996,MREID_0001996
1997,MREID_0001997
1998,MREID_0001999
1999,MREID_0001998
2000,MREID_0002000
2001,MREID_0002001
2002,MREID_0002002
2003,MREID_0002003
2004,MREID_0002004
2005,MREID_0002005
2006,MREID_0002006
2007,MREID_0002007
2008,MREID_0002008
2009,MREID_0002009
2010,MREID_0002010
2011,MREID_0002011
2012,MREID_0002012
2013,MREID_0002013
2014,MREID_0002014
2015,MREID_0002015
2016,MREID_0002016
2017,MREID_0002017
2018,MREID_0002018
2019,MREID_0002019
2020,MREID_0002020
2021,MREID_0002021
2022,MREID_0002022
2023,MREID_0002023
2024,MREID_0002024
2025,MREID_0002025
2026,MREID_0002026
2027,MREID_0002027
2028,MREID_0002028
2029,MREID_0002029
2030,MREID_0002030
2031,MREID_0002031
2032,MREID_0002032
2033,MREID_0002033
2034,MREID_0002035
2035,MREID_0002034
2036,MREID_0002036
2037,MREID_0002038
2038,MREID_0002037
2039,MREID_0002039
2040,MREID_0002041
2041,MREID_0002040
2042,MREID_0002042
2043,MREID_0002044
2044,MREID_0002043
2045,MREID_0002045
2046,MREID_0002046
2047,MREID_0002047
2048,MREID_0002048
2049,MREID_0002049
2050,MREID_0002051
2051,MREID_0002050
2052,MREID_0002052
2053,MREID_0002053
2054,MREID_0002054
2055,MREID_0002055
2056,MREID_0002056
2057,MREID_0002057
2058,MREID_0002058
2059,MREID_0002059
2060,MREID_0002060
2061,MREID_0002061
2062,MREID_0002062
2063,MREID_0002063
2064,MREID_0002064
2065,MREID_0002065
2066,MREID_0002066
2067,MREID_0002067
2068,MREID_0002068
2069,MREID_0002069
2070,MREID_0002070
2071,MREID_0002071
2072,MREID_0002073
2073,MREID_0002074
2074,MREID_0002072
2075,MREID_0002075
2076,MREID_0002076
2077,MREID_0002077
2078,MREID_0002078
2079,MREID_0002080
2080,MREID_0002079
2081,MREID_0002081
2082,MREID_0002082
2083,MREID_0002083
2084,MREID_0002084
2085,MREID_0002085
2086,MREID_0002086
2087,MREID_0002087
2088,MREID_0002088
2089,MREID_0002090
2090,MREID_0002091
2091,MREID_0002089
2092,MREID_0002092
2093,MREID_0002093
2094,MREID_0002094
2095,MREID_0002095
2096,MREID_0002096
2097,MREID_0002097
2098,MREID_0002098
2099,MREID_0002099
2100,MREID_0002100
2101,MREID_0002101
2102,MREID_0002102
2103,MREID_0002104
2104,MREID_0002103
2105,MREID_0002105
2106,MREID_0002106
2107,MREID_0002107
2108,MREID_0002108
2109,MREID_0002109
2110,MREID_0002110
2111,MREID_0002111
2112,MREID_0002113
2113,MREID_0002112
2114,MREID_0002114
2115,MREID_0002115
2116,MREID_0002116
2117,MREID_0002117
2118,MREID_0002118
2119,MREID_0002119
2120,MREID_0002120
2121,MREID_0002121
2122,MREID_0002122
2123,MREID_0002123
2124,MREID_0002124
2125,MREID_0002125
2126,MREID_0002126
2127,MREID_0002127
2128,MREID_0002128
2129,MREID_0002129
2130,MREID_0002130
2131,MREID_0002131
2132,MREID_0002132
2133,MREID_0002133
2134,MREID_0002134
2135,MREID_0002135
2136,MREID_0002137
2137,MREID_0002136
2138,MREID_0002138
2139,MREID_0002139
2140,MREID_0002141
2141,MREID_0002140
2142,MREID_0002142
2143,MREID_0002143
2144,MREID_0002144
2145,MREID_0002145
2146,MREID_0002146
2147,MREID_0002147
2148,MREID_0002148
2149,MREID_0002149
2150,MREID_0002150
2151,MREID_0002151
2152,MREID_0002152
2153,MREID_0002153
2154,MREID_0002154
2155,MREID_0002155
2156,MREID_0002156
2157,MREID_0002157
2158,MREID_0002158
2159,MREID_0002159
2160,MREID_0002160
2161,MREID_0002161
2162,MREID_0002162
2163,MREID_0002163
2164,MREID_0002164
2165,MREID_0002165
2166,MREID_0002166
2167,MREID_0002167
2168,MREID_0002168
2169,MREID_0002169
2170,MREID_0002170
2171,MREID_0002171
2172,MREID_0002172
2173,MREID_0002173
2174,MREID_0002174
2175,MREID_0002175
2176,MREID_0002176
2177,MREID_0002177
2178,MREID_0002178
2179,MREID_0002179
2180,MREID_0002180
2181,MREID_0002181
2182,MREID_0002182
2183,MREID_0002183
2184,MREID_0002184
2185,MREID_0002185
2186,MREID_0002186
2187,MREID_0002187
2188,MREID_0002188
2189,MREID_0002189
2190,MREID_0002190
2191,MREID_0002191
2192,MREID_0002192
2193,MREID_0002193
2194,MREID_0002194
2195,MREID_0002195
2196,MREID_0002196
2197,MREID_0002197
2198,MREID_0002198
2199,MREID_0002199
2200,MREID_0002200
2201,MREID_0002201
2202,MREID_0002202
2203,MREID_0002203
2204,MREID_0002204
2205,MREID_0002205
2206,MREID_0002206
2207,MREID_0002207
2208,MREID_0002208
2209,MREID_0002209
2210,MREID_0002210
2211,MREID_0002211
2212,MREID_0002212
2213,MREID_0002213
2214,MREID_0002214
2215,MREID_0002215
2216,MREID_0002216
2217,MREID_0002217
2218,MREID_0002218
2219,MREID_0002219
2220,MREID_0002220
2221,MREID_0002221
2222,MREID_0002222
2223,MREID_0002223
2224,MREID_0002224
2225,MREID_0002225
2226,MREID_0002226
2227,MREID_0002227
2228,MREID_0002228
2229,MREID_0002229
2230,MREID_0002230
2231,MREID_0002232
2232,MREID_0002231
2233,MREID_0002233
2234,MREID_0002234
2235,MREID_0002235
2236,MREID_0002236
2237,MREID_0002237
2238,MREID_0002238
2239,MREID_0002239
2240,MREID_0002240
2241,MREID_0002241
2242,MREID_0002242
2243,MREID_0002243
2244,MREID_0002244
2245,MREID_0002245
2246,MREID_0002246
2247,MREID_0002247
2248,MREID_0002248
2249,MREID_0002250
2250,MREID_0002249
2251,MREID_0002251
2252,MREID_0002252
2253,MREID_0002253
2254,MREID_0002254
2255,MREID_0002255
2256,MREID_0002256
2257,MREID_0002257
2258,MREID_0002258
2259,MREID_0002259
2260,MREID_0002260
2261,MREID_0002261
2262,MREID_0002262
2263,MREID_0002263
2264,MREID_0002264
2265,MREID_0002265
2266,MREID_0002266
2267,MREID_0002268
2268,MREID_0002267
2269,MREID_0002269
2270,MREID_0002270
2271,MREID_0002271
2272,MREID_0002272
2273,MREID_0002274
2274,MREID_0002275
2275,MREID_0002273
2276,MREID_0002276
2277,MREID_0002277
2278,MREID_0002278
2279,MREID_0002279
2280,MREID_0002280
2281,MREID_0002281
2282,MREID_0002282
2283,MREID_0002284
2284,MREID_0002283
2285,MREID_0002285
2286,MREID_0002286
2287,MREID_0002287
2288,MREID_0002289
2289,MREID_0002288
2290,MREID_0002290
2291,MREID_0002291
2292,MREID_0002292
2293,MREID_0002293
2294,MREID_0002294
2295,MREID_0002295
2296,MREID_0002296
2297,MREID_0002298
2298,MREID_0002297
2299,MREID_0002299
2300,MREID_0002300
2301,MREID_0002301
2302,MREID_0002302
2303,MREID_0002303
2304,MREID_0002304
2305,MREID_0002305
2306,MREID_0002306
2307,MREID_0002307
2308,MREID_0002308
2309,MREID_0002309
2310,MREID_0002310
2311,MREID_0002311
2312,MREID_0002312
2313,MREID_0002313
2314,MREID_0002314
2315,MREID_0002315
2316,MREID_0002316
2317,MREID_0002317
2318,MREID_0002318
2319,MREID_0002319
2320,MREID_0002320
2321,MREID_0002321
2322,MREID_0002322
2323,MREID_0002323
2324,MREID_0002324
2325,MREID_0002327
2326,MREID_0002328
2327,MREID_0002329
2328,MREID_0002325
2329,MREID_0002326
2330,MREID_0002330
2331,MREID_0002331
2332,MREID_0002332
2333,MREID_0002333
2334,MREID_0002334
2335,MREID_0002335
2336,MREID_0002336
2337,MREID_0002337
2338,MREID_0002338
2339,MREID_0002339
2340,MREID_0002340
2341,MREID_0002341
2342,MREID_0002342
2343,MREID_0002343
2344,MREID_0002344
2345,MREID_0002345
2346,MREID_0002346
2347,MREID_0002347
2348,MREID_0002348
2349,MREID_0002350
2350,MREID_0002349
2351,MREID_0002351
2352,MREID_0002352
2353,MREID_0002353
2354,MREID_0002354
2355,MREID_0002355
2356,MREID_0002356
2357,MREID_0002357
2358,MREID_0002358
2359,MREID_0002359
2360,MREID_0002360
2361,MREID_0002361
2362,MREID_0002362
2363,MREID_0002363
2364,MREID_0002364
2365,MREID_0002365
2366,MREID_0002366
2367,MREID_0002367
2368,MREID_0002368
2369,MREID_0002369
2370,MREID_0002370
2371,MREID_0002371
2372,MREID_0002372
2373,MREID_0002373
2374,MREID_0002374
2375,MREID_0002375
2376,MREID_0002376
2377,MREID_0002377
2378,MREID_0002378
2379,MREID_0002379
2380,MREID_0002380
2381,MREID_0002381
2382,MREID_0002382
2383,MREID_0002383
2384,MREID_0002384
2385,MREID_0002385
2386,MREID_0002386
2387,MREID_0002387
2388,MREID_0002388
2389,MREID_0002389
2390,MREID_0002391
2391,MREID_0002390
2392,MREID_0002393
2393,MREID_0002392
2394,MREID_0002394
2395,MREID_0002397
2396,MREID_0002396
2397,MREID_0002395
2398,MREID_0002398
2399,MREID_0002399
2400,MREID_0002400
2401,MREID_0002401
2402,MREID_0002402
2403,MREID_0002403
2404,MREID_0002404
2405,MREID_0002405
2406,MREID_0002406
2407,MREID_0002407
2408,MREID_0002408
2409,MREID_0002409
2410,MREID_0002410
2411,MREID_0002411
2412,MREID_0002412
2413,MREID_0002413
2414,MREID_0002414
2415,MREID_0002415
2416,MREID_0002416
2417,MREID_0002417
2418,MREID_0002418
2419,MREID_0002419
2420,MREID_0002420
2421,MREID_0002421
2422,MREID_0002422
2423,MREID_0002423
2424,MREID_0002424
2425,MREID_0002425
2426,MREID_0002426
2427,MREID_0002427
2428,MREID_0002428
2429,MREID_0002429
2430,MREID_0002430
2431,MREID_0002431
2432,MREID_0002432
2433,MREID_0002433
2434,MREID_0002434
2435,MREID_0002435
2436,MREID_0002436
2437,MREID_0002437
2438,MREID_0002438
2439,MREID_0002439
2440,MREID_0002440
2441,MREID_0002441
2442,MREID_0002442
2443,MREID_0002443
2444,MREID_0002444
2445,MREID_0002445
2446,MREID_0002446
2447,MREID_0002447
2448,MREID_0002448
2449,MREID_0002449
2450,MREID_0002450
2451,MREID_0002451
2452,MREID_0002452
2453,MREID_0002453
2454,MREID_0002454
2455,MREID_0002455
2456,MREID_0002456
2457,MREID_0002457
2458,MREID_0002458
2459,MREID_0002459
2460,MREID_0002460
2461,MREID_0002461
2462,MREID_0002462
2463,MREID_0002463
2464,MREID_0002464
2465,MREID_0002465
2466,MREID_0002466
2467,MREID_0002467
2468,MREID_0002468
2469,MREID_0002469
2470,MREID_0002470
2471,MREID_0002471
2472,MREID_0002472
2473,MREID_0002473
2474,MREID_0002474
2475,MREID_0002475
2476,MREID_0002476
2477,MREID_0002477
2478,MREID_0002478
2479,MREID_0002479
2480,MREID_0002481
2481,MREID_0002480
2482,MREID_0002482
2483,MREID_0002483
2484,MREID_0002484
2485,MREID_0002485
2486,MREID_0002486
2487,MREID_0002487
2488,MREID_0002488
2489,MREID_0002489
2490,MREID_0002490
2491,MREID_0002491
2492,MREID_0002493
2493,MREID_0002492
2494,MREID_0002494
2495,MREID_0002495
2496,MREID_0002497
2497,MREID_0002496
2498,MREID_0002498
2499,MREID_0002499
2500,MREID_0002500
2501,MREID_0002501
2502,MREID_0002502
2503,MREID_0002503
2504,MREID_0002504
2505,MREID_0002505
2506,MREID_0002506
2507,MREID_0002507
2508,MREID_0002508
2509,MREID_0002509
2510,MREID_0002510
2511,MREID_0002511
2512,MREID_0002512
2513,MREID_0002515
2514,MREID_0002513
2515,MREID_0002514
2516,MREID_0002516
2517,MREID_0002517
2518,MREID_0002518
2519,MREID_0002519
2520,MREID_0002520
2521,MREID_0002521
2522,MREID_0002522
2523,MREID_0002523
2524,MREID_0002524
2525,MREID_0002525
2526,MREID_0002526
2527,MREID_0002527
2528,MREID_0002528
2529,MREID_0002529
2530,MREID_0002530
2531,MREID_0002531
2532,MREID_0002532
2533,MREID_0002533
2534,MREID_0002534
2535,MREID_0002535
2536,MREID_0002536
2537,MREID_0002537
2538,MREID_0002538
2539,MREID_0002539
2540,MREID_0002540
2541,MREID_0002541
2542,MREID_0002542
2543,MREID_0002543
2544,MREID_0002544
2545,MREID_0002545
2546,MREID_0002547
2547,MREID_0002546
2548,MREID_0002548
2549,MREID_0002549
2550,MREID_0002550
2551,MREID_0002552
2552,MREID_0002553
2553,MREID_0002551
2554,MREID_0002554
2555,MREID_0002555
2556,MREID_0002556
2557,MREID_0002557
2558,MREID_0002558
2559,MREID_0002559
2560,MREID_0002560
2561,MREID_0002561
2562,MREID_0002562
2563,MREID_0002563
2564,MREID_0002564
2565,MREID_0002565
2566,MREID_0002566
2567,MREID_0002567
2568,MREID_0002568
2569,MREID_0002569
2570,MREID_0002570
2571,MREID_0002571
2572,MREID_0002572
2573,MREID_0002573
2574,MREID_0002574
2575,MREID_0002575
2576,MREID_0002576
2577,MREID_0002577
2578,MREID_0002578
2579,MREID_0002579
2580,MREID_0002580
2581,MREID_0002581
2582,MREID_0002582
2583,MREID_0002583
2584,MREID_0002584
2585,MREID_0002585
2586,MREID_0002586
2587,MREID_0002587
2588,MREID_0002588
2589,MREID_0002590
2590,MREID_0002589
2591,MREID_0002591
2592,MREID_0002592
2593,MREID_0002593
2594,MREID_0002594
2595,MREID_0002595
2596,MREID_0002596
2597,MREID_0002597
2598,MREID_0002598
2599,MREID_0002599
2600,MREID_0002601
2601,MREID_0002600
2602,MREID_0002602
2603,MREID_0002603
2604,MREID_0002604
2605,MREID_0002605
2606,MREID_0002606
2607,MREID_0002607
2608,MREID_0002608
2609,MREID_0002609
2610,MREID_0002610
2611,MREID_0002611
2612,MREID_0002612
2613,MREID_0002613
2614,MREID_0002614
2615,MREID_0002615
2616,MREID_0002616
2617,MREID_0002618
2618,MREID_0002619
2619,MREID_0002617
2620,MREID_0002620
2621,MREID_0002621
2622,MREID_0002622
2623,MREID_0002623
2624,MREID_0002624
2625,MREID_0002625
2626,MREID_0002626
2627,MREID_0002627
2628,MREID_0002628
2629,MREID_0002629
2630,MREID_0002630
2631,MREID_0002631
2632,MREID_0002633
2633,MREID_0002632
2634,MREID_0002634
2635,MREID_0002635
2636,MREID_0002636
2637,MREID_0002637
2638,MREID_0002638
2639,MREID_0002639
2640,MREID_0002640
2641,MREID_0002641
2642,MREID_0002642
2643,MREID_0002643
2644,MREID_0002644
2645,MREID_0002645
2646,MREID_0002646
2647,MREID_0002647
2648,MREID_0002648
2649,MREID_0002649
2650,MREID_0002651
2651,MREID_0002650
2652,MREID_0002652
2653,MREID_0002653
2654,MREID_0002654
2655,MREID_0002656
2656,MREID_0002655
2657,MREID_0002657
2658,MREID_0002658
2659,MREID_0002659
2660,MREID_0002660
2661,MREID_0002661
2662,MREID_0002662
2663,MREID_0002663
2664,MREID_0002664
2665,MREID_0002665
2666,MREID_0002666
2667,MREID_0002667
2668,MREID_0002668
2669,MREID_0002669
2670,MREID_0002670
2671,MREID_0002671
2672,MREID_0002672
2673,MREID_0002673
2674,MREID_0002674
2675,MREID_0002675
2676,MREID_0002676
2677,MREID_0002677
2678,MREID_0002678
2679,MREID_0002679
2680,MREID_0002680
2681,MREID_0002681
2682,MREID_0002682
2683,MREID_0002683
2684,MREID_0002684
2685,MREID_0002685
2686,MREID_0002686
2687,MREID_0002687
2688,MREID_0002688
2689,MREID_0002689
2690,MREID_0002690
2691,MREID_0002691
2692,MREID_0002692
2693,MREID_0002693
2694,MREID_0002694
2695,MREID_0002695
2696,MREID_0002697
2697,MREID_0002696
2698,MREID_0002698
2699,MREID_0002699
2700,MREID_0002700
2701,MREID_0002701
2702,MREID_0002702
2703,MREID_0002703
2704,MREID_0002704
2705,MREID_0002705
2706,MREID_0002706
2707,MREID_0002707
2708,MREID_0002708
2709,MREID_0002709
2710,MREID_0002710
2711,MREID_0002711
2712,MREID_0002712
2713,MREID_0002713
2714,MREID_0002714
2715,MREID_0002715
2716,MREID_0002716
2717,MREID_0002717
2718,MREID_0002718
2719,MREID_0002719
2720,MREID_0002721
2721,MREID_0002720
2722,MREID_0002722
2723,MREID_0002723
2724,MREID_0002724
2725,MREID_0002725
2726,MREID_0002726
2727,MREID_0002727
2728,MREID_0002728
2729,MREID_0002729
2730,MREID_0002730
2731,MREID_0002731
2732,MREID_0002732
2733,MREID_0002733
2734,MREID_0002734
2735,MREID_0002735
2736,MREID_0002736
2737,MREID_0002737
2738,MREID_0002738
2739,MREID_0002739
2740,MREID_0002740
2741,MREID_0002741
2742,MREID_0002742
2743,MREID_0002743
2744,MREID_0002744
2745,MREID_0002745
2746,MREID_0002746
2747,MREID_0002747
2748,MREID_0002748
2749,MREID_0002749
2750,MREID_0002750
2751,MREID_0002751
2752,MREID_0002752
2753,MREID_0002754
2754,MREID_0002753
2755,MREID_0002755
2756,MREID_0002756
2757,MREID_0002757
2758,MREID_0002758
2759,MREID_0002759
2760,MREID_0002760
2761,MREID_0002761
2762,MREID_0002762
2763,MREID_0002763
2764,MREID_0002764
2765,MREID_0002765
2766,MREID_0002766
2767,MREID_0002767
2768,MREID_0002769
2769,MREID_0002768
2770,MREID_0002770
2771,MREID_0002771
2772,MREID_0002772
2773,MREID_0002773
2774,MREID_0002774
2775,MREID_0002775
2776,MREID_0002776
2777,MREID_0002777
2778,MREID_0002778
2779,MREID_0002779
2780,MREID_0002780
2781,MREID_0002781
2782,MREID_0002782
2783,MREID_0002783
2784,MREID_0002784
2785,MREID_0002785
2786,MREID_0002786
2787,MREID_0002787
2788,MREID_0002788
2789,MREID_0002789
2790,MREID_0002790
2791,MREID_0002791
2792,MREID_0002792
2793,MREID_0002793
2794,MREID_0002794
2795,MREID_0002795
2796,MREID_0002796
2797,MREID_0002797
2798,MREID_0002798
2799,MREID_0002799
2800,MREID_0002800
2801,MREID_0002801
2802,MREID_0002802
2803,MREID_0002803
2804,MREID_0002804
2805,MREID_0002805
2806,MREID_0002806
2807,MREID_0002807
2808,MREID_0002808
2809,MREID_0002809
2810,MREID_0002810
2811,MREID_0002811
2812,MREID_0002812
2813,MREID_0002813
2814,MREID_0002814
2815,MREID_0002815
2816,MREID_0002816
2817,MREID_0002817
2818,MREID_0002818
2819,MREID_0002819
2820,MREID_0002820
2821,MREID_0002821
2822,MREID_0002822
2823,MREID_0002823
2824,MREID_0002824
2825,MREID_0002826
2826,MREID_0002825
2827,MREID_0002827
2828,MREID_0002828
2829,MREID_0002829
2830,MREID_0002830
2831,MREID_0002831
2832,MREID_0002832
2833,MREID_0002833
2834,MREID_0002834
2835,MREID_0002835
2836,MREID_0002836
2837,MREID_0002837
2838,MREID_0002838
2839,MREID_0002839
2840,MREID_0002840
2841,MREID_0002841
2842,MREID_0002842
2843,MREID_0002843
2844,MREID_0002844
2845,MREID_0002846
2846,MREID_0002845
2847,MREID_0002847
2848,MREID_0002848
2849,MREID_0002849
2850,MREID_0002850
2851,MREID_0002851
2852,MREID_0002852
2853,MREID_0002853
2854,MREID_0002854
2855,MREID_0002855
2856,MREID_0002856
2857,MREID_0002857
2858,MREID_0002858
2859,MREID_0002859
2860,MREID_0002860
2861,MREID_0002861
2862,MREID_0002862
2863,MREID_0002863
2864,MREID_0002864
2865,MREID_0002865
2866,MREID_0002866
2867,MREID_0002867
2868,MREID_0002868
2869,MREID_0002869
2870,MREID_0002870
2871,MREID_0002871
2872,MREID_0002872
2873,MREID_0002873
2874,MREID_0002874
2875,MREID_0002875
2876,MREID_0002876
2877,MREID_0002877
2878,MREID_0002878
2879,MREID_0002879
2880,MREID_0002880
2881,MREID_0002882
2882,MREID_0002881
2883,MREID_0002883
2884,MREID_0002884
2885,MREID_0002885
2886,MREID_0002886
2887,MREID_0002887
2888,MREID_0002888
2889,MREID_0002890
2890,MREID_0002889
2891,MREID_0002891
2892,MREID_0002892
2893,MREID_0002893
2894,MREID_0002894
2895,MREID_0002895
2896,MREID_0002896
2897,MREID_0002897
2898,MREID_0002899
2899,MREID_0002898
2900,MREID_0002900
2901,MREID_0002901
2902,MREID_0002902
2903,MREID_0002903
2904,MREID_0002904
2905,MREID_0002905
2906,MREID_0002906
2907,MREID_0002907
2908,MREID_0002908
2909,MREID_0002909
2910,MREID_0002910
2911,MREID_0002911
2912,MREID_0002912
2913,MREID_0002913
2914,MREID_0002914
2915,MREID_0002915
2916,MREID_0002916
2917,MREID_0002917
2918,MREID_0002918
2919,MREID_0002919
2920,MREID_0002920
2921,MREID_0002921
2922,MREID_0002922
2923,MREID_0002923
2924,MREID_0002924
2925,MREID_0002925
2926,MREID_0002926
2927,MREID_0002927
2928,MREID_0002928
2929,MREID_0002929
2930,MREID_0002930
2931,MREID_0002931
2932,MREID_0002932
2933,MREID_0002933
2934,MREID_0002934
2935,MREID_0002935
2936,MREID_0002936
2937,MREID_0002937
2938,MREID_0002938
2939,MREID_0002939
2940,MREID_0002940
2941,MREID_0002941
2942,MREID_0002942
2943,MREID_0002943
2944,MREID_0002944
2945,MREID_0002945
2946,MREID_0002947
2947,MREID_0002946
2948,MREID_0002948
2949,MREID_0002949
2950,MREID_0002950
2951,MREID_0002951
2952,MREID_0002952
2953,MREID_0002953
2954,MREID_0002954
2955,MREID_0002955
2956,MREID_0002956
2957,MREID_0002957
2958,MREID_0002958
2959,MREID_0002959
2960,MREID_0002960
2961,MREID_0002961
2962,MREID_0002962
2963,MREID_0002963
2964,MREID_0002964
2965,MREID_0002966
2966,MREID_0002965
2967,MREID_0002967
2968,MREID_0002968
2969,MREID_0002969
2970,MREID_0002970
2971,MREID_0002971
2972,MREID_0002972
2973,MREID_0002973
2974,MREID_0002974
2975,MREID_0002975
2976,MREID_0002976
2977,MREID_0002977
2978,MREID_0002978
2979,MREID_0002979
2980,MREID_0002980
2981,MREID_0002981
2982,MREID_0002982
2983,MREID_0002983
2984,MREID_0002984
2985,MREID_0002985
2986,MREID_0002986
2987,MREID_0002987
2988,MREID_0002988
2989,MREID_0002990
2990,MREID_0002989
2991,MREID_0002991
2992,MREID_0002992
2993,MREID_0002993
2994,MREID_0002994
2995,MREID_0002995
2996,MREID_0002996
2997,MREID_0002997
2998,MREID_0002998
2999,MREID_0002999
3000,MREID_0003000
3001,MREID_0003001
3002,MREID_0003002
3003,MREID_0003003
3004,MREID_0003004
3005,MREID_0003005
3006,MREID_0003006
3007,MREID_0003007
3008,MREID_0003008
3009,MREID_0003009
3010,MREID_0003010
3011,MREID_0003011
3012,MREID_0003012
3013,MREID_0003013
3014,MREID_0003014
3015,MREID_0003015
3016,MREID_0003016
3017,MREID_0003017
3018,MREID_0003018
3019,MREID_0003019
3020,MREID_0003020
3021,MREID_0003021
3022,MREID_0003022
3023,MREID_0003023
3024,MREID_0003024
3025,MREID_0003025
3026,MREID_0003026
3027,MREID_0003027
3028,MREID_0003028
3029,MREID_0003029
3030,MREID_0003030
3031,MREID_0003031
3032,MREID_0003032
3033,MREID_0003033
3034,MREID_0003034
3035,MREID_0003035
3036,MREID_0003036
3037,MREID_0003037
3038,MREID_0003038
3039,MREID_0003039
3040,MREID_0003040
3041,MREID_0003041
3042,MREID_0003042
3043,MREID_0003043
3044,MREID_0003044
3045,MREID_0003045
3046,MREID_0003046
3047,MREID_0003047
3048,MREID_0003048
3049,MREID_0003049
3050,MREID_0003050
3051,MREID_0003051
3052,MREID_0003052
3053,MREID_0003053
3054,MREID_0003054
3055,MREID_0003055
3056,MREID_0003056
3057,MREID_0003057
3058,MREID_0003058
3059,MREID_0003059
3060,MREID_0003060
3061,MREID_0003061
3062,MREID_0003062
3063,MREID_0003063
3064,MREID_0003064
3065,MREID_0003065
3066,MREID_0003066
3067,MREID_0003067
3068,MREID_0003068
3069,MREID_0003069
3070,MREID_0003070
3071,MREID_0003071
3072,MREID_0003072
3073,MREID_0003073
3074,MREID_0003074
3075,MREID_0003075
3076,MREID_0003076
3077,MREID_0003077
3078,MREID_0003078
3079,MREID_0003079
3080,MREID_0003080
3081,MREID_0003081
3082,MREID_0003082
3083,MREID_0003083
3084,MREID_0003084
3085,MREID_0003085
3086,MREID_0003086
3087,MREID_0003087
3088,MREID_0003088
3089,MREID_0003089
3090,MREID_0003090
3091,MREID_0003091
3092,MREID_0003092
3093,MREID_0003093
3094,MREID_0003094
3095,MREID_0003095
3096,MREID_0003097
3097,MREID_0003096
3098,MREID_0003098
3099,MREID_0003099
3100,MREID_0003100
3101,MREID_0003101
3102,MREID_0003102
3103,MREID_0003103
3104,MREID_0003104
3105,MREID_0003105
3106,MREID_0003106
3107,MREID_0003107
3108,MREID_0003108
3109,MREID_0003109
3110,MREID_0003110
3111,MREID_0003111
3112,MREID_0003112
3113,MREID_0003113
3114,MREID_0003114
3115,MREID_0003115
3116,MREID_0003117
3117,MREID_0003116
3118,MREID_0003118
3119,MREID_0003119
3120,MREID_0003120
3121,MREID_0003121
3122,MREID_0003122
3123,MREID_0003123
3124,MREID_0003124
3125,MREID_0003126
3126,MREID_0003125
3127,MREID_0003127
3128,MREID_0003128
3129,MREID_0003129
3130,MREID_0003130
3131,MREID_0003131
3132,MREID_0003132
3133,MREID_0003133
3134,MREID_0003134
3135,MREID_0003135
3136,MREID_0003136
3137,MREID_0003137
3138,MREID_0003138
3139,MREID_0003139
3140,MREID_0003140
3141,MREID_0003141
3142,MREID_0003142
3143,MREID_0003143
3144,MREID_0003144
3145,MREID_0003145
3146,MREID_0003146
3147,MREID_0003147
3148,MREID_0003148
3149,MREID_0003149
3150,MREID_0003150
3151,MREID_0003151
3152,MREID_0003152
3153,MREID_0003153
3154,MREID_0003154
3155,MREID_0003155
3156,MREID_0003156
3157,MREID_0003157
3158,MREID_0003158
3159,MREID_0003160
3160,MREID_0003159
3161,MREID_0003161
3162,MREID_0003162
3163,MREID_0003163
3164,MREID_0003164
3165,MREID_0003165
3166,MREID_0003166
3167,MREID_0003167
3168,MREID_0003168
3169,MREID_0003169
3170,MREID_0003170
3171,MREID_0003171
3172,MREID_0003172
3173,MREID_0003173
3174,MREID_0003174
3175,MREID_0003175
3176,MREID_0003176
3177,MREID_0003177
3178,MREID_0003178
3179,MREID_0003179
3180,MREID_0003180
3181,MREID_0003181
3182,MREID_0003182
3183,MREID_0003183
3184,MREID_0003184
3185,MREID_0003185
3186,MREID_0003186
3187,MREID_0003187
3188,MREID_0003188
3189,MREID_0003189
3190,MREID_0003190
3191,MREID_0003191
3192,MREID_0003192
3193,MREID_0003193
3194,MREID_0003194
3195,MREID_0003195
3196,MREID_0003196
3197,MREID_0003197
3198,MREID_0003198
3199,MREID_0003199
3200,MREID_0003200
3201,MREID_0003201
3202,MREID_0003202
3203,MREID_0003203
3204,MREID_0003204
3205,MREID_0003205
3206,MREID_0003206
3207,MREID_0003207
3208,MREID_0003208
3209,MREID_0003209
3210,MREID_0003210
3211,MREID_0003211
3212,MREID_0003212
3213,MREID_0003213
3214,MREID_0003214
3215,MREID_0003215
3216,MREID_0003216
3217,MREID_0003217
3218,MREID_0003218
3219,MREID_0003219
3220,MREID_0003220
3221,MREID_0003221
3222,MREID_0003222
3223,MREID_0003223
3224,MREID_0003224
3225,MREID_0003225
3226,MREID_0003226
3227,MREID_0003227
3228,MREID_0003228
3229,MREID_0003229
3230,MREID_0003230
3231,MREID_0003231
3232,MREID_0003232
3233,MREID_0003233
3234,MREID_0003234
3235,MREID_0003236
3236,MREID_0003235
3237,MREID_0003237
3238,MREID_0003238
3239,MREID_0003239
3240,MREID_0003240
3241,MREID_0003241
3242,MREID_0003242
3243,MREID_0003243
3244,MREID_0003244
3245,MREID_0003246
3246,MREID_0003245
3247,MREID_0003247
3248,MREID_0003248
3249,MREID_0003249
3250,MREID_0003251
3251,MREID_0003250
3252,MREID_0003253
3253,MREID_0003252
3254,MREID_0003254
3255,MREID_0003255
3256,MREID_0003256
3257,MREID_0003257
3258,MREID_0003258
3259,MREID_0003259
3260,MREID_0003260
3261,MREID_0003261
3262,MREID_0003262
3263,MREID_0003263
3264,MREID_0003264
3265,MREID_0003265
3266,MREID_0003266
3267,MREID_0003267
3268,MREID_0003268
3269,MREID_0003269
3270,MREID_0003270
3271,MREID_0003271
3272,MREID_0003272
3273,MREID_0003273
3274,MREID_0003274
3275,MREID_0003275
3276,MREID_0003276
3277,MREID_0003277
3278,MREID_0003278
3279,MREID_0003279
3280,MREID_0003280
3281,MREID_0003281
3282,MREID_0003282
3283,MREID_0003283
3284,MREID_0003284
3285,MREID_0003285
3286,MREID_0003286
3287,MREID_0003287
3288,MREID_0003288
3289,MREID_0003289
3290,MREID_0003290
3291,MREID_0003291
3292,MREID_0003292
3293,MREID_0003293
3294,MREID_0003294
3295,MREID_0003295
3296,MREID_0003296
3297,MREID_0003297
3298,MREID_0003298
3299,MREID_0003299
3300,MREID_0003300
3301,MREID_0003301
3302,MREID_0003302
3303,MREID_0003303
3304,MREID_0003304
3305,MREID_0003305
3306,MREID_0003306
3307,MREID_0003307
3308,MREID_0003308
3309,MREID_0003309
3310,MREID_0003310
3311,MREID_0003311
3312,MREID_0003312
3313,MREID_0003313
3314,MREID_0003314
3315,MREID_0003315
3316,MREID_0003316
3317,MREID_0003317
3318,MREID_0003318
3319,MREID_0003319
3320,MREID_0003320
3321,MREID_0003322
3322,MREID_0003321
3323,MREID_0003323
3324,MREID_0003324
3325,MREID_0003325
3326,MREID_0003326
3327,MREID_0003327
3328,MREID_0003328
3329,MREID_0003329
3330,MREID_0003330
3331,MREID_0003331
3332,MREID_0003332
3333,MREID_0003333
3334,MREID_0003334
3335,MREID_0003335
3336,MREID_0003336
3337,MREID_0003337
3338,MREID_0003338
3339,MREID_0003340
3340,MREID_0003339
3341,MREID_0003341
3342,MREID_0003342
3343,MREID_0003343
3344,MREID_0003345
3345,MREID_0003346
3346,MREID_0003347
3347,MREID_0003344
3348,MREID_0003348
3349,MREID_0003349
3350,MREID_0003350
3351,MREID_0003351
3352,MREID_0003352
3353,MREID_0003353
3354,MREID_0003354
3355,MREID_0003355
3356,MREID_0003356
3357,MREID_0003357
3358,MREID_0003358
3359,MREID_0003359
3360,MREID_0003360
3361,MREID_0003361
3362,MREID_0003362
3363,MREID_0003363
3364,MREID_0003364
3365,MREID_0003366
3366,MREID_0003365
3367,MREID_0003367
3368,MREID_0003368
3369,MREID_0003369
3370,MREID_0003370
3371,MREID_0003371
3372,MREID_0003372
3373,MREID_0003373
3374,MREID_0003374
3375,MREID_0003375
3376,MREID_0003376
3377,MREID_0003379
3378,MREID_0003378
3379,MREID_0003377
3380,MREID_0003380
3381,MREID_0003381
3382,MREID_0003382
3383,MREID_0003383
3384,MREID_0003384
3385,MREID_0003385
3386,MREID_0003386
3387,MREID_0003387
3388,MREID_0003389
3389,MREID_0003388
3390,MREID_0003390
3391,MREID_0003391
3392,MREID_0003392
3393,MREID_0003393
3394,MREID_0003394
3395,MREID_0003395
3396,MREID_0003396
3397,MREID_0003397
3398,MREID_0003398
3399,MREID_0003399
3400,MREID_0003400
3401,MREID_0003401
3402,MREID_0003402
3403,MREID_0003403
3404,MREID_0003404
3405,MREID_0003405
3406,MREID_0003406
3407,MREID_0003407
3408,MREID_0003408
3409,MREID_0003409
3410,MREID_0003410
3411,MREID_0003411
3412,MREID_0003412
3413,MREID_0003413
3414,MREID_0003415
3415,MREID_0003414
3416,MREID_0003416
3417,MREID_0003417
3418,MREID_0003418
3419,MREID_0003419
3420,MREID_0003420
3421,MREID_0003421
3422,MREID_0003422
3423,MREID_0003423
3424,MREID_0003424
3425,MREID_0003425
3426,MREID_0003426
3427,MREID_0003427
3428,MREID_0003428
3429,MREID_0003429
3430,MREID_0003430
3431,MREID_0003431
3432,MREID_0003432
3433,MREID_0003433
3434,MREID_0003434
3435,MREID_0003435
3436,MREID_0003436
3437,MREID_0003437
3438,MREID_0003438
3439,MREID_0003439
3440,MREID_0003440
3441,MREID_0003441
3442,MREID_0003442
3443,MREID_0003443
3444,MREID_0003444
3445,MREID_0003445
3446,MREID_0003446
3447,MREID_0003447
3448,MREID_0003448
3449,MREID_0003449
3450,MREID_0003450
3451,MREID_0003451
3452,MREID_0003452
3453,MREID_0003453
3454,MREID_0003454
3455,MREID_0003455
3456,MREID_0003456
3457,MREID_0003457
3458,MREID_0003458
3459,MREID_0003459
3460,MREID_0003460
3461,MREID_0003461
3462,MREID_0003462
3463,MREID_0003463
3464,MREID_0003464
3465,MREID_0003465
3466,MREID_0003466
3467,MREID_0003467
3468,MREID_0003468
3469,MREID_0003469
3470,MREID_0003470
3471,MREID_0003471
3472,MREID_0003472
3473,MREID_0003473
3474,MREID_0003474
3475,MREID_0003475
3476,MREID_0003476
3477,MREID_0003477
3478,MREID_0003478
3479,MREID_0003479
3480,MREID_0003480
3481,MREID_0003481
3482,MREID_0003482
3483,MREID_0003484
3484,MREID_0003483
3485,MREID_0003485
3486,MREID_0003486
3487,MREID_0003487
3488,MREID_0003488
3489,MREID_0003489
3490,MREID_0003490
3491,MREID_0003491
3492,MREID_0003492
3493,MREID_0003493
3494,MREID_0003494
3495,MREID_0003495
3496,MREID_0003496
3497,MREID_0003497
3498,MREID_0003498
3499,MREID_0003499
3500,MREID_0003500
3501,MREID_0003501
3502,MREID_0003502
3503,MREID_0003503
3504,MREID_0003504
3505,MREID_0003505
3506,MREID_0003506
3507,MREID_0003507
3508,MREID_0003508
3509,MREID_0003509
3510,MREID_0003510
3511,MREID_0003511
3512,MREID_0003513
3513,MREID_0003512
3514,MREID_0003514
3515,MREID_0003515
3516,MREID_0003516
3517,MREID_0003517
3518,MREID_0003518
3519,MREID_0003519
3520,MREID_0003520
3521,MREID_0003521
3522,MREID_0003522
3523,MREID_0003523
3524,MREID_0003524
3525,MREID_0003525
3526,MREID_0003526
3527,MREID_0003527
3528,MREID_0003528
3529,MREID_0003529
3530,MREID_0003530
3531,MREID_0003531
3532,MREID_0003532
3533,MREID_0003533
3534,MREID_0003534
3535,MREID_0003535
3536,MREID_0003536
3537,MREID_0003538
3538,MREID_0003537
3539,MREID_0003539
3540,MREID_0003540
3541,MREID_0003541
3542,MREID_0003542
3543,MREID_0003543
3544,MREID_0003544
3545,MREID_0003546
3546,MREID_0003545
3547,MREID_0003547
3548,MREID_0003548
3549,MREID_0003549
3550,MREID_0003550
3551,MREID_0003551
3552,MREID_0003552
3553,MREID_0003553
3554,MREID_0003554
3555,MREID_0003556
3556,MREID_0003555
3557,MREID_0003557
3558,MREID_0003558
3559,MREID_0003559
3560,MREID_0003560
3561,MREID_0003561
3562,MREID_0003562
3563,MREID_0003563
3564,MREID_0003564
3565,MREID_0003565
3566,MREID_0003566
3567,MREID_0003567
3568,MREID_0003568
3569,MREID_0003569
3570,MREID_0003570
3571,MREID_0003571
3572,MREID_0003572
3573,MREID_0003573
3574,MREID_0003574
3575,MREID_0003575
3576,MREID_0003576
3577,MREID_0003577
3578,MREID_0003578
3579,MREID_0003579
3580,MREID_0003580
3581,MREID_0003581
3582,MREID_0003582
3583,MREID_0003583
3584,MREID_0003584
3585,MREID_0003585
3586,MREID_0003586
3587,MREID_0003587
3588,MREID_0003588
3589,MREID_0003589
3590,MREID_0003590
3591,MREID_0003591
3592,MREID_0003592
3593,MREID_0003593
3594,MREID_0003594
3595,MREID_0003595
3596,MREID_0003596
3597,MREID_0003597
3598,MREID_0003598
3599,MREID_0003599
3600,MREID_0003600
3601,MREID_0003601
3602,MREID_0003602
3603,MREID_0003603
3604,MREID_0003604
3605,MREID_0003605
3606,MREID_0003606
3607,MREID_0003607
3608,MREID_0003608
3609,MREID_0003609
3610,MREID_0003610
3611,MREID_0003611
3612,MREID_0003612
3613,MREID_0003613
3614,MREID_0003616
3615,MREID_0003614
3616,MREID_0003615
3617,MREID_0003617
3618,MREID_0003618
3619,MREID_0003619
3620,MREID_0003620
3621,MREID_0003621
3622,MREID_0003622
3623,MREID_0003624
3624,MREID_0003623
3625,MREID_0003625
3626,MREID_0003626
3627,MREID_0003627
3628,MREID_0003628
3629,MREID_0003629
3630,MREID_0003630
3631,MREID_0003631
3632,MREID_0003632
3633,MREID_0003633
3634,MREID_0003634
3635,MREID_0003635
3636,MREID_0003636
3637,MREID_0003637
3638,MREID_0003638
3639,MREID_0003639
3640,MREID_0003640
3641,MREID_0003641
3642,MREID_0003642
3643,MREID_0003643
3644,MREID_0003644
3645,MREID_0003645
3646,MREID_0003646
3647,MREID_0003647
3648,MREID_0003648
3649,MREID_0003649
3650,MREID_0003650
3651,MREID_0003651
3652,MREID_0003652
3653,MREID_0003653
3654,MREID_0003654
3655,MREID_0003655
3656,MREID_0003656
3657,MREID_0003657
3658,MREID_0003658
3659,MREID_0003659
3660,MREID_0003660
3661,MREID_0003661
3662,MREID_0003662
3663,MREID_0003663
3664,MREID_0003664
3665,MREID_0003666
3666,MREID_0003665
3667,MREID_0003667
3668,MREID_0003668
3669,MREID_0003669
3670,MREID_0003670
3671,MREID_0003671
3672,MREID_0003672
3673,MREID_0003673
3674,MREID_0003674
3675,MREID_0003675
3676,MREID_0003676
3677,MREID_0003677
3678,MREID_0003678
3679,MREID_0003679
3680,MREID_0003680
3681,MREID_0003681
3682,MREID_0003682
3683,MREID_0003683
3684,MREID_0003684
3685,MREID_0003685
3686,MREID_0003686
3687,MREID_0003687
3688,MREID_0003688
3689,MREID_0003689
3690,MREID_0003690
3691,MREID_0003691
3692,MREID_0003692
3693,MREID_0003693
3694,MREID_0003694
3695,MREID_0003695
3696,MREID_0003696
3697,MREID_0003697
3698,MREID_0003698
3699,MREID_0003699
3700,MREID_0003700
3701,MREID_0003701
3702,MREID_0003702
3703,MREID_0003703
3704,MREID_0003704
3705,MREID_0003705
3706,MREID_0003706
3707,MREID_0003707
3708,MREID_0003708
3709,MREID_0003709
3710,MREID_0003710
3711,MREID_0003711
3712,MREID_0003712
3713,MREID_0003713
3714,MREID_0003714
3715,MREID_0003715
3716,MREID_0003716
3717,MREID_0003717
3718,MREID_0003718
3719,MREID_0003719
3720,MREID_0003720
3721,MREID_0003721
3722,MREID_0003722
3723,MREID_0003723
3724,MREID_0003724
3725,MREID_0003725
3726,MREID_0003726
3727,MREID_0003727
3728,MREID_0003728
3729,MREID_0003729
3730,MREID_0003730
3731,MREID_0003731
3732,MREID_0003733
3733,MREID_0003732
3734,MREID_0003734
3735,MREID_0003738
3736,MREID_0003737
3737,MREID_0003736
3738,MREID_0003735
3739,MREID_0003739
3740,MREID_0003740
3741,MREID_0003741
3742,MREID_0003742
3743,MREID_0003743
3744,MREID_0003744
3745,MREID_0003745
3746,MREID_0003746
3747,MREID_0003747
3748,MREID_0003748
3749,MREID_0003749
3750,MREID_0003750
3751,MREID_0003751
3752,MREID_0003752
3753,MREID_0003753
3754,MREID_0003754
3755,MREID_0003755
3756,MREID_0003756
3757,MREID_0003757
3758,MREID_0003758
3759,MREID_0003759
3760,MREID_0003760
3761,MREID_0003761
3762,MREID_0003762
3763,MREID_0003763
3764,MREID_0003764
3765,MREID_0003765
3766,MREID_0003766
3767,MREID_0003767
3768,MREID_0003768
3769,MREID_0003769
3770,MREID_0003770
3771,MREID_0003771
3772,MREID_0003772
3773,MREID_0003773
3774,MREID_0003774
3775,MREID_0003775
3776,MREID_0003776
3777,MREID_0003777
3778,MREID_0003778
3779,MREID_0003779
3780,MREID_0003780
3781,MREID_0003781
3782,MREID_0003782
3783,MREID_0003783
3784,MREID_0003784
3785,MREID_0003785
3786,MREID_0003786
3787,MREID_0003787
3788,MREID_0003788
3789,MREID_0003789
3790,MREID_0003790
3791,MREID_0003791
3792,MREID_0003792
3793,MREID_0003793
3794,MREID_0003794
3795,MREID_0003795
3796,MREID_0003796
3797,MREID_0003797
3798,MREID_0003798
3799,MREID_0003799
3800,MREID_0003800
3801,MREID_0003801
3802,MREID_0003802
3803,MREID_0003803
3804,MREID_0003804
3805,MREID_0003805
3806,MREID_0003806
3807,MREID_0003807
3808,MREID_0003808
3809,MREID_0003809
3810,MREID_0003811
3811,MREID_0003810
3812,MREID_0003812
3813,MREID_0003813
3814,MREID_0003814
3815,MREID_0003815
3816,MREID_0003816
3817,MREID_0003817
3818,MREID_0003820
3819,MREID_0003818
3820,MREID_0003819
3821,MREID_0003821
3822,MREID_0003822
3823,MREID_0003823
3824,MREID_0003825
3825,MREID_0003824
3826,MREID_0003826
3827,MREID_0003827
3828,MREID_0003828
3829,MREID_0003829
3830,MREID_0003830
3831,MREID_0003831
3832,MREID_0003832
3833,MREID_0003834
3834,MREID_0003833
3835,MREID_0003835
3836,MREID_0003836
3837,MREID_0003837
3838,MREID_0003838
3839,MREID_0003839
3840,MREID_0003841
3841,MREID_0003840
3842,MREID_0003842
3843,MREID_0003843
3844,MREID_0003844
3845,MREID_0003845
3846,MREID_0003846
3847,MREID_0003847
3848,MREID_0003848
3849,MREID_0003849
3850,MREID_0003850
3851,MREID_0003851
3852,MREID_0003852
3853,MREID_0003853
3854,MREID_0003854
3855,MREID_0003855
3856,MREID_0003856
3857,MREID_0003858
3858,MREID_0003857
3859,MREID_0003859
3860,MREID_0003860
3861,MREID_0003861
3862,MREID_0003862
3863,MREID_0003863
3864,MREID_0003864
3865,MREID_0003865
3866,MREID_0003866
3867,MREID_0003867
3868,MREID_0003868
3869,MREID_0003869
3870,MREID_0003870
3871,MREID_0003871
3872,MREID_0003873
3873,MREID_0003872
3874,MREID_0003874
3875,MREID_0003875
3876,MREID_0003876
3877,MREID_0003877
3878,MREID_0003878
3879,MREID_0003880
3880,MREID_0003879
3881,MREID_0003881
3882,MREID_0003882
3883,MREID_0003883
3884,MREID_0003884
3885,MREID_0003885
3886,MREID_0003886
3887,MREID_0003887
3888,MREID_0003888
3889,MREID_0003889
3890,MREID_0003890
3891,MREID_0003891
3892,MREID_0003892
3893,MREID_0003893
3894,MREID_0003894
3895,MREID_0003895
3896,MREID_0003896
3897,MREID_0003897
3898,MREID_0003898
3899,MREID_0003899
3900,MREID_0003900
3901,MREID_0003901
3902,MREID_0003902
3903,MREID_0003903
3904,MREID_0003904
3905,MREID_0003905
3906,MREID_0003906
3907,MREID_0003907
3908,MREID_0003908
3909,MREID_0003909
3910,MREID_0003910
3911,MREID_0003911
3912,MREID_0003912
3913,MREID_0003913
3914,MREID_0003914
3915,MREID_0003915
3916,MREID_0003916
3917,MREID_0003917
3918,MREID_0003918
3919,MREID_0003919
3920,MREID_0003920
3921,MREID_0003921
3922,MREID_0003922
3923,MREID_0003923
3924,MREID_0003924
3925,MREID_0003925
3926,MREID_0003926
3927,MREID_0003927
3928,MREID_0003928
3929,MREID_0003929
3930,MREID_0003930
3931,MREID_0003931
3932,MREID_0003932
3933,MREID_0003933
3934,MREID_0003934
3935,MREID_0003935
3936,MREID_0003936
3937,MREID_0003937
3938,MREID_0003938
3939,MREID_0003939
3940,MREID_0003940
3941,MREID_0003941
3942,MREID_0003942
3943,MREID_0003943
3944,MREID_0003944
3945,MREID_0003945
3946,MREID_0003946
3947,MREID_0003947
3948,MREID_0003948
3949,MREID_0003949
3950,MREID_0003950
3951,MREID_0003951
3952,MREID_0003952
3953,MREID_0003953
3954,MREID_0003954
3955,MREID_0003955
3956,MREID_0003956
3957,MREID_0003957
3958,MREID_0003958
3959,MREID_0003959
3960,MREID_0003960
3961,MREID_0003961
3962,MREID_0003962
3963,MREID_0003963
3964,MREID_0003964
3965,MREID_0003965
3966,MREID_0003966
3967,MREID_0003967
3968,MREID_0003968
3969,MREID_0003969
3970,MREID_0003970
3971,MREID_0003971
3972,MREID_0003972
3973,MREID_0003973
3974,MREID_0003974
3975,MREID_0003975
3976,MREID_0003976
3977,MREID_0003977
3978,MREID_0003978
3979,MREID_0003979
3980,MREID_0003980
3981,MREID_0003981
3982,MREID_0003982
3983,MREID_0003983
3984,MREID_0003984
3985,MREID_0003985
3986,MREID_0003986
3987,MREID_0003987
3988,MREID_0003988
3989,MREID_0003989
3990,MREID_0003990
3991,MREID_0003991
3992,MREID_0003992
3993,MREID_0003993
3994,MREID_0003994
3995,MREID_0003995
3996,MREID_0003996
3997,MREID_0003997
3998,MREID_0003998
3999,MREID_0003999
4000,MREID_0004000
4001,MREID_0004001
4002,MREID_0004002
4003,MREID_0004003
4004,MREID_0004004
4005,MREID_0004005
4006,MREID_0004006
4007,MREID_0004007
4008,MREID_0004008
4009,MREID_0004009
4010,MREID_0004010
4011,MREID_0004011
4012,MREID_0004012
4013,MREID_0004013
4014,MREID_0004014
4015,MREID_0004015
4016,MREID_0004016
4017,MREID_0004017
4018,MREID_0004018
4019,MREID_0004019
4020,MREID_0004020
4021,MREID_0004021
4022,MREID_0004022
4023,MREID_0004023
4024,MREID_0004024
4025,MREID_0004025
4026,MREID_0004026
4027,MREID_0004027
4028,MREID_0004028
4029,MREID_0004029
4030,MREID_0004030
4031,MREID_0004031
4032,MREID_0004032
4033,MREID_0004033
4034,MREID_0004034
4035,MREID_0004035
4036,MREID_0004036
4037,MREID_0004037
4038,MREID_0004038
4039,MREID_0004039
4040,MREID_0004040
4041,MREID_0004041
4042,MREID_0004042
4043,MREID_0004043
4044,MREID_0004044
4045,MREID_0004045
4046,MREID_0004047
4047,MREID_0004046
4048,MREID_0004048
4049,MREID_0004049
4050,MREID_0004050
4051,MREID_0004051
4052,MREID_0004052
4053,MREID_0004053
4054,MREID_0004054
4055,MREID_0004055
4056,MREID_0004056
4057,MREID_0004057
4058,MREID_0004058
4059,MREID_0004059
4060,MREID_0004060
4061,MREID_0004061
4062,MREID_0004062
4063,MREID_0004063
4064,MREID_0004064
4065,MREID_0004065
4066,MREID_0004066
4067,MREID_0004067
4068,MREID_0004068
4069,MREID_0004069
4070,MREID_0004070
4071,MREID_0004071
4072,MREID_0004073
4073,MREID_0004072
4074,MREID_0004074
4075,MREID_0004075
4076,MREID_0004076
4077,MREID_0004077
4078,MREID_0004078
4079,MREID_0004079
4080,MREID_0004080
4081,MREID_0004081
4082,MREID_0004082
4083,MREID_0004084
4084,MREID_0004083
4085,MREID_0004085
4086,MREID_0004086
4087,MREID_0004087
4088,MREID_0004088
4089,MREID_0004089
4090,MREID_0004090
4091,MREID_0004091
4092,MREID_0004092
4093,MREID_0004093
4094,MREID_0004094
4095,MREID_0004096
4096,MREID_0004095
4097,MREID_0004097
4098,MREID_0004098
4099,MREID_0004099
4100,MREID_0004100
4101,MREID_0004101
4102,MREID_0004102
4103,MREID_0004103
4104,MREID_0004104
4105,MREID_0004105
4106,MREID_0004106
4107,MREID_0004107
4108,MREID_0004109
4109,MREID_0004108
4110,MREID_0004110
4111,MREID_0004111
4112,MREID_0004112
4113,MREID_0004114
4114,MREID_0004113
4115,MREID_0004115
4116,MREID_0004116
4117,MREID_0004117
4118,MREID_0004118
4119,MREID_0004119
4120,MREID_0004120
4121,MREID_0004122
4122,MREID_0004121
4123,MREID_0004123
4124,MREID_0004124
4125,MREID_0004125
4126,MREID_0004126
4127,MREID_0004127
4128,MREID_0004128
4129,MREID_0004129
4130,MREID_0004130
4131,MREID_0004131
4132,MREID_0004132
4133,MREID_0004133
4134,MREID_0004134
4135,MREID_0004135
4136,MREID_0004136
4137,MREID_0004137
4138,MREID_0004138
4139,MREID_0004139
4140,MREID_0004140
4141,MREID_0004141
4142,MREID_0004142
4143,MREID_0004143
4144,MREID_0004144
4145,MREID_0004146
4146,MREID_0004145
4147,MREID_0004147
4148,MREID_0004148
4149,MREID_0004149
4150,MREID_0004150
4151,MREID_0004151
4152,MREID_0004152
4153,MREID_0004153
4154,MREID_0004154
4155,MREID_0004155
4156,MREID_0004156
4157,MREID_0004157
4158,MREID_0004158
4159,MREID_0004159
4160,MREID_0004160
4161,MREID_0004161
4162,MREID_0004162
4163,MREID_0004163
4164,MREID_0004164
4165,MREID_0004165
4166,MREID_0004166
4167,MREID_0004167
4168,MREID_0004168
4169,MREID_0004169
4170,MREID_0004171
4171,MREID_0004170
4172,MREID_0004172
4173,MREID_0004173
4174,MREID_0004174
4175,MREID_0004175
4176,MREID_0004176
4177,MREID_0004177
4178,MREID_0004178
4179,MREID_0004179
4180,MREID_0004180
4181,MREID_0004181
4182,MREID_0004183
4183,MREID_0004182
4184,MREID_0004184
4185,MREID_0004185
4186,MREID_0004186
4187,MREID_0004187
4188,MREID_0004188
4189,MREID_0004189
4190,MREID_0004190
4191,MREID_0004191
4192,MREID_0004192
4193,MREID_0004193
4194,MREID_0004194
4195,MREID_0004195
4196,MREID_0004196
4197,MREID_0004197
4198,MREID_0004198
4199,MREID_0004199
4200,MREID_0004200
4201,MREID_0004201
4202,MREID_0004202
4203,MREID_0004203
4204,MREID_0004204
4205,MREID_0004205
4206,MREID_0004206
4207,MREID_0004207
4208,MREID_0004208
4209,MREID_0004209
4210,MREID_0004210
4211,MREID_0004211
4212,MREID_0004212
4213,MREID_0004213
4214,MREID_0004214
4215,MREID_0004216
4216,MREID_0004217
4217,MREID_0004215
4218,MREID_0004218
4219,MREID_0004219
4220,MREID_0004220
4221,MREID_0004221
4222,MREID_0004222
4223,MREID_0004223
4224,MREID_0004224
4225,MREID_0004225
4226,MREID_0004226
4227,MREID_0004227
4228,MREID_0004228
4229,MREID_0004229
4230,MREID_0004230
4231,MREID_0004231
4232,MREID_0004232
4233,MREID_0004233
4234,MREID_0004234
4235,MREID_0004235
4236,MREID_0004236
4237,MREID_0004237
4238,MREID_0004238
4239,MREID_0004240
4240,MREID_0004239
4241,MREID_0004241
4242,MREID_0004242
4243,MREID_0004243
4244,MREID_0004244
4245,MREID_0004245
4246,MREID_0004246
4247,MREID_0004247
4248,MREID_0004248
4249,MREID_0004249
4250,MREID_0004250
4251,MREID_0004251
4252,MREID_0004252
4253,MREID_0004253
4254,MREID_0004254
4255,MREID_0004256
4256,MREID_0004255
4257,MREID_0004257
4258,MREID_0004258
4259,MREID_0004259
4260,MREID_0004260
4261,MREID_0004261
4262,MREID_0004262
4263,MREID_0004263
4264,MREID_0004264
4265,MREID_0004265
4266,MREID_0004266
4267,MREID_0004267
4268,MREID_0004268
4269,MREID_0004269
4270,MREID_0004270
4271,MREID_0004271
4272,MREID_0004272
4273,MREID_0004273
4274,MREID_0004274
4275,MREID_0004275
4276,MREID_0004277
4277,MREID_0004276
4278,MREID_0004278
4279,MREID_0004280
4280,MREID_0004279
4281,MREID_0004281
4282,MREID_0004282
4283,MREID_0004283
4284,MREID_0004284
4285,MREID_0004285
4286,MREID_0004286
4287,MREID_0004287
4288,MREID_0004288
4289,MREID_0004289
4290,MREID_0004290
4291,MREID_0004291
4292,MREID_0004292
4293,MREID_0004293
4294,MREID_0004294
4295,MREID_0004295
4296,MREID_0004296
4297,MREID_0004297
4298,MREID_0004298
4299,MREID_0004299
4300,MREID_0004300
4301,MREID_0004301
4302,MREID_0004302
4303,MREID_0004303
4304,MREID_0004304
4305,MREID_0004305
4306,MREID_0004306
4307,MREID_0004307
4308,MREID_0004308
4309,MREID_0004309
4310,MREID_0004310
4311,MREID_0004311
4312,MREID_0004312
4313,MREID_0004313
4314,MREID_0004314
4315,MREID_0004315
4316,MREID_0004316
4317,MREID_0004317
4318,MREID_0004318
4319,MREID_0004319
4320,MREID_0004320
4321,MREID_0004321
4322,MREID_0004322
4323,MREID_0004323
4324,MREID_0004324
4325,MREID_0004326
4326,MREID_0004325
4327,MREID_0004327
4328,MREID_0004328
4329,MREID_0004329
4330,MREID_0004330
4331,MREID_0004331
4332,MREID_0004332
4333,MREID_0004333
4334,MREID_0004334
4335,MREID_0004335
4336,MREID_0004336
4337,MREID_0004337
4338,MREID_0004338
4339,MREID_0004339
4340,MREID_0004340
4341,MREID_0004341
4342,MREID_0004342
4343,MREID_0004343
4344,MREID_0004344
4345,MREID_0004345
4346,MREID_0004346
4347,MREID_0004348
4348,MREID_0004347
4349,MREID_0004349
4350,MREID_0004350
4351,MREID_0004351
4352,MREID_0004352
4353,MREID_0004353
4354,MREID_0004354
4355,MREID_0004355
4356,MREID_0004356
4357,MREID_0004357
4358,MREID_0004358
4359,MREID_0004359
4360,MREID_0004360
4361,MREID_0004361
4362,MREID_0004362
4363,MREID_0004363
4364,MREID_0004364
4365,MREID_0004365
4366,MREID_0004366
4367,MREID_0004367
4368,MREID_0004368
4369,MREID_0004369
4370,MREID_0004370
4371,MREID_0004371
4372,MREID_0004372
4373,MREID_0004373
4374,MREID_0004374
4375,MREID_0004375
4376,MREID_0004376
4377,MREID_0004377
4378,MREID_0004378
4379,MREID_0004379
4380,MREID_0004380
4381,MREID_0004381
4382,MREID_0004382
4383,MREID_0004383
4384,MREID_0004384
4385,MREID_0004385
4386,MREID_0004386
4387,MREID_0004387
4388,MREID_0004388
4389,MREID_0004389
4390,MREID_0004390
4391,MREID_0004391
4392,MREID_0004392
4393,MREID_0004393
4394,MREID_0004394
4395,MREID_0004395
4396,MREID_0004396
4397,MREID_0004397
4398,MREID_0004398
4399,MREID_0004399
4400,MREID_0004400
4401,MREID_0004401
4402,MREID_0004402
4403,MREID_0004403
4404,MREID_0004404
4405,MREID_0004405
4406,MREID_0004406
4407,MREID_0004407
4408,MREID_0004408
4409,MREID_0004410
4410,MREID_0004409
4411,MREID_0004411
4412,MREID_0004412
4413,MREID_0004413
4414,MREID_0004414
4415,MREID_0004415
4416,MREID_0004416
4417,MREID_0004417
4418,MREID_0004418
4419,MREID_0004419
4420,MREID_0004420
4421,MREID_0004421
4422,MREID_0004422
4423,MREID_0004423
4424,MREID_0004424
4425,MREID_0004425
4426,MREID_0004426
4427,MREID_0004427
4428,MREID_0004428
4429,MREID_0004429
4430,MREID_0004430
4431,MREID_0004431
4432,MREID_0004432
4433,MREID_0004433
4434,MREID_0004434
4435,MREID_0004435
4436,MREID_0004436
4437,MREID_0004437
4438,MREID_0004438
4439,MREID_0004439
4440,MREID_0004440
4441,MREID_0004442
4442,MREID_0004441
4443,MREID_0004443
4444,MREID_0004444
4445,MREID_0004445
4446,MREID_0004446
4447,MREID_0004447
4448,MREID_0004448
4449,MREID_0004449
4450,MREID_0004450
4451,MREID_0004451
4452,MREID_0004452
4453,MREID_0004453
4454,MREID_0004454
4455,MREID_0004455
4456,MREID_0004456
4457,MREID_0004457
4458,MREID_0004458
4459,MREID_0004459
4460,MREID_0004460
4461,MREID_0004461
4462,MREID_0004462
4463,MREID_0004463
4464,MREID_0004464
4465,MREID_0004465
4466,MREID_0004466
4467,MREID_0004467
4468,MREID_0004468
4469,MREID_0004469
4470,MREID_0004470
4471,MREID_0004471
4472,MREID_0004472
4473,MREID_0004473
4474,MREID_0004474
4475,MREID_0004475
4476,MREID_0004476
4477,MREID_0004477
4478,MREID_0004478
4479,MREID_0004479
4480,MREID_0004480
4481,MREID_0004481
4482,MREID_0004482
4483,MREID_0004483
4484,MREID_0004484
4485,MREID_0004485
4486,MREID_0004486
4487,MREID_0004487
4488,MREID_0004488
4489,MREID_0004489
4490,MREID_0004490
4491,MREID_0004491
4492,MREID_0004492
4493,MREID_0004493
4494,MREID_0004494
4495,MREID_0004495
4496,MREID_0004496
4497,MREID_0004497
4498,MREID_0004498
4499,MREID_0004500
4500,MREID_0004499
4501,MREID_0004501
4502,MREID_0004502
4503,MREID_0004503
4504,MREID_0004504
4505,MREID_0004505
4506,MREID_0004506
4507,MREID_0004507
4508,MREID_0004508
4509,MREID_0004509
4510,MREID_0004510
4511,MREID_0004511
4512,MREID_0004512
4513,MREID_0004513
4514,MREID_0004515
4515,MREID_0004514
4516,MREID_0004516
4517,MREID_0004517
4518,MREID_0004518
4519,MREID_0004519
4520,MREID_0004520
4521,MREID_0004521
4522,MREID_0004522
4523,MREID_0004523
4524,MREID_0004524
4525,MREID_0004525
4526,MREID_0004526
4527,MREID_0004527
4528,MREID_0004528
4529,MREID_0004529
4530,MREID_0004530
4531,MREID_0004532
4532,MREID_0004531
4533,MREID_0004533
4534,MREID_0004534
4535,MREID_0004535
4536,MREID_0004536
4537,MREID_0004537
4538,MREID_0004538
4539,MREID_0004539
4540,MREID_0004540
4541,MREID_0004541
4542,MREID_0004542
4543,MREID_0004543
4544,MREID_0004544
4545,MREID_0004545
4546,MREID_0004546
4547,MREID_0004547
4548,MREID_0004548
4549,MREID_0004549
4550,MREID_0004550
4551,MREID_0004551
4552,MREID_0004552
4553,MREID_0004553
4554,MREID_0004554
4555,MREID_0004555
4556,MREID_0004556
4557,MREID_0004557
4558,MREID_0004559
4559,MREID_0004558
4560,MREID_0004560
4561,MREID_0004563
4562,MREID_0004561
4563,MREID_0004562
4564,MREID_0004564
4565,MREID_0004565
4566,MREID_0004566
4567,MREID_0004568
4568,MREID_0004567
4569,MREID_0004569
4570,MREID_0004570
4571,MREID_0004571
4572,MREID_0004572
4573,MREID_0004574
4574,MREID_0004573
4575,MREID_0004575
4576,MREID_0004576
4577,MREID_0004577
4578,MREID_0004578
4579,MREID_0004579
4580,MREID_0004580
4581,MREID_0004581
4582,MREID_0004582
4583,MREID_0004583
4584,MREID_0004584
4585,MREID_0004585
4586,MREID_0004586
4587,MREID_0004587
4588,MREID_0004588
4589,MREID_0004589
4590,MREID_0004590
4591,MREID_0004591
4592,MREID_0004592
4593,MREID_0004593
4594,MREID_0004594
4595,MREID_0004595
4596,MREID_0004596
4597,MREID_0004597
4598,MREID_0004598
4599,MREID_0004599
4600,MREID_0004600
4601,MREID_0004601
4602,MREID_0004602
4603,MREID_0004603
4604,MREID_0004606
4605,MREID_0004604
4606,MREID_0004605
4607,MREID_0004607
4608,MREID_0004608
4609,MREID_0004609
4610,MREID_0004610
4611,MREID_0004611
4612,MREID_0004612
4613,MREID_0004613
4614,MREID_0004614
4615,MREID_0004615
4616,MREID_0004616
4617,MREID_0004617
4618,MREID_0004618
4619,MREID_0004619
4620,MREID_0004620
4621,MREID_0004621
4622,MREID_0004622
4623,MREID_0004623
4624,MREID_0004624
4625,MREID_0004625
4626,MREID_0004626
4627,MREID_0004627
4628,MREID_0004628
4629,MREID_0004629
4630,MREID_0004630
4631,MREID_0004631
4632,MREID_0004632
4633,MREID_0004633
4634,MREID_0004634
4635,MREID_0004635
4636,MREID_0004636
4637,MREID_0004637
4638,MREID_0004638
4639,MREID_0004639
4640,MREID_0004640
4641,MREID_0004641
4642,MREID_0004642
4643,MREID_0004643
4644,MREID_0004644
4645,MREID_0004645
4646,MREID_0004646
4647,MREID_0004647
4648,MREID_0004648
4649,MREID_0004649
4650,MREID_0004650
4651,MREID_0004651
4652,MREID_0004652
4653,MREID_0004653
4654,MREID_0004654
4655,MREID_0004655
4656,MREID_0004656
4657,MREID_0004657
4658,MREID_0004658
4659,MREID_0004659
4660,MREID_0004660
4661,MREID_0004661
4662,MREID_0004662
4663,MREID_0004663
4664,MREID_0004664
4665,MREID_0004665
4666,MREID_0004666
4667,MREID_0004667
4668,MREID_0004668
4669,MREID_0004669
4670,MREID_0004670
4671,MREID_0004671
4672,MREID_0004673
4673,MREID_0004672
4674,MREID_0004674
4675,MREID_0004675
4676,MREID_0004676
4677,MREID_0004677
4678,MREID_0004678
4679,MREID_0004679
4680,MREID_0004680
4681,MREID_0004681
4682,MREID_0004682
4683,MREID_0004683
4684,MREID_0004684
4685,MREID_0004685
4686,MREID_0004686
4687,MREID_0004687
4688,MREID_0004688
4689,MREID_0004689
4690,MREID_0004690
4691,MREID_0004692
4692,MREID_0004691
4693,MREID_0004693
4694,MREID_0004694
4695,MREID_0004695
4696,MREID_0004696
4697,MREID_0004697
4698,MREID_0004698
4699,MREID_0004699
4700,MREID_0004700
4701,MREID_0004701
4702,MREID_0004702
4703,MREID_0004704
4704,MREID_0004703
4705,MREID_0004705
4706,MREID_0004706
4707,MREID_0004707
4708,MREID_0004709
4709,MREID_0004708
4710,MREID_0004710
4711,MREID_0004711
4712,MREID_0004712
4713,MREID_0004713
4714,MREID_0004714
4715,MREID_0004715
4716,MREID_0004716
4717,MREID_0004717
4718,MREID_0004718
4719,MREID_0004719
4720,MREID_0004720
4721,MREID_0004721
4722,MREID_0004722
4723,MREID_0004723
4724,MREID_0004724
4725,MREID_0004725
4726,MREID_0004726
4727,MREID_0004727
4728,MREID_0004728
4729,MREID_0004729
4730,MREID_0004730
4731,MREID_0004731
4732,MREID_0004732
4733,MREID_0004733
4734,MREID_0004734
4735,MREID_0004735
4736,MREID_0004736
4737,MREID_0004737
4738,MREID_0004738
4739,MREID_0004739
4740,MREID_0004740
4741,MREID_0004741
4742,MREID_0004742
4743,MREID_0004743
4744,MREID_0004744
4745,MREID_0004745
4746,MREID_0004746
4747,MREID_0004747
4748,MREID_0004748
4749,MREID_0004749
4750,MREID_0004750
4751,MREID_0004751
4752,MREID_0004752
4753,MREID_0004753
4754,MREID_0004754
4755,MREID_0004755
4756,MREID_0004756
4757,MREID_0004757
4758,MREID_0004758
4759,MREID_0004759
4760,MREID_0004760
4761,MREID_0004761
4762,MREID_0004762
4763,MREID_0004763
4764,MREID_0004764
4765,MREID_0004766
4766,MREID_0004765
4767,MREID_0004767
4768,MREID_0004768
4769,MREID_0004769
4770,MREID_0004770
4771,MREID_0004771
4772,MREID_0004772
4773,MREID_0004773
4774,MREID_0004774
4775,MREID_0004775
4776,MREID_0004776
4777,MREID_0004777
4778,MREID_0004778
4779,MREID_0004779
4780,MREID_0004780
4781,MREID_0004781
4782,MREID_0004782
4783,MREID_0004783
4784,MREID_0004784
4785,MREID_0004785
4786,MREID_0004786
4787,MREID_0004787
4788,MREID_0004788
4789,MREID_0004789
4790,MREID_0004790
4791,MREID_0004791
4792,MREID_0004792
4793,MREID_0004793
4794,MREID_0004794
4795,MREID_0004795
4796,MREID_0004796
4797,MREID_0004797
4798,MREID_0004798
4799,MREID_0004799
4800,MREID_0004800
4801,MREID_0004801
4802,MREID_0004802
4803,MREID_0004803
4804,MREID_0004804
4805,MREID_0004805
4806,MREID_0004806
4807,MREID_0004807
4808,MREID_0004808
4809,MREID_0004809
4810,MREID_0004810
4811,MREID_0004812
4812,MREID_0004811
4813,MREID_0004813
4814,MREID_0004814
4815,MREID_0004815
4816,MREID_0004816
4817,MREID_0004817
4818,MREID_0004818
4819,MREID_0004819
4820,MREID_0004820
4821,MREID_0004822
4822,MREID_0004821
4823,MREID_0004823
4824,MREID_0004824
4825,MREID_0004825
4826,MREID_0004826
4827,MREID_0004827
4828,MREID_0004828
4829,MREID_0004829
4830,MREID_0004830
4831,MREID_0004831
4832,MREID_0004832
4833,MREID_0004833
4834,MREID_0004834
4835,MREID_0004835
4836,MREID_0004836
4837,MREID_0004837
4838,MREID_0004838
4839,MREID_0004839
4840,MREID_0004840
4841,MREID_0004841
4842,MREID_0004842
4843,MREID_0004843
4844,MREID_0004844
4845,MREID_0004845
4846,MREID_0004846
4847,MREID_0004847
4848,MREID_0004848
4849,MREID_0004849
4850,MREID_0004850
4851,MREID_0004851
4852,MREID_0004852
4853,MREID_0004853
4854,MREID_0004854
4855,MREID_0004855
4856,MREID_0004856
4857,MREID_0004857
4858,MREID_0004858
4859,MREID_0004859
4860,MREID_0004860
4861,MREID_0004861
4862,MREID_0004862
4863,MREID_0004863
4864,MREID_0004864
4865,MREID_0004865
4866,MREID_0004866
4867,MREID_0004867
4868,MREID_0004869
4869,MREID_0004870
4870,MREID_0004871
4871,MREID_0004868
4872,MREID_0004873
4873,MREID_0004872
4874,MREID_0004874
4875,MREID_0004875
4876,MREID_0004876
4877,MREID_0004877
4878,MREID_0004878
4879,MREID_0004879
4880,MREID_0004880
4881,MREID_0004881
4882,MREID_0004882
4883,MREID_0004883
4884,MREID_0004884
4885,MREID_0004885
4886,MREID_0004886
4887,MREID_0004887
4888,MREID_0004888
4889,MREID_0004889
4890,MREID_0004890
4891,MREID_0004891
4892,MREID_0004892
4893,MREID_0004893
4894,MREID_0004894
4895,MREID_0004895
4896,MREID_0004896
4897,MREID_0004897
4898,MREID_0004898
4899,MREID_0004899
4900,MREID_0004900
4901,MREID_0004901
4902,MREID_0004902
4903,MREID_0004903
4904,MREID_0004904
4905,MREID_0004905
4906,MREID_0004906
4907,MREID_0004907
4908,MREID_0004909
4909,MREID_0004908
4910,MREID_0004910
4911,MREID_0004911
4912,MREID_0004912
4913,MREID_0004913
4914,MREID_0004914
4915,MREID_0004915
4916,MREID_0004916
4917,MREID_0004917
4918,MREID_0004918
4919,MREID_0004919
4920,MREID_0004920
4921,MREID_0004921
4922,MREID_0004922
4923,MREID_0004923
4924,MREID_0004924
4925,MREID_0004925
4926,MREID_0004926
4927,MREID_0004927
4928,MREID_0004928
4929,MREID_0004929
4930,MREID_0004930
4931,MREID_0004931
4932,MREID_0004932
4933,MREID_0004933
4934,MREID_0004934
4935,MREID_0004935
4936,MREID_0004936
4937,MREID_0004937
4938,MREID_0004938
4939,MREID_0004939
4940,MREID_0004940
4941,MREID_0004941
4942,MREID_0004942
4943,MREID_0004943
4944,MREID_0004945
4945,MREID_0004944
4946,MREID_0004946
4947,MREID_0004947
4948,MREID_0004948
4949,MREID_0004949
4950,MREID_0004950
4951,MREID_0004951
4952,MREID_0004952
4953,MREID_0004953
4954,MREID_0004954
4955,MREID_0004955
4956,MREID_0004956
4957,MREID_0004957
4958,MREID_0004958
4959,MREID_0004959
4960,MREID_0004960
4961,MREID_0004961
4962,MREID_0004962
4963,MREID_0004963
4964,MREID_0004964
4965,MREID_0004965
4966,MREID_0004966
4967,MREID_0004967
4968,MREID_0004968
4969,MREID_0004969
4970,MREID_0004970
4971,MREID_0004971
4972,MREID_0004972
4973,MREID_0004973
4974,MREID_0004974
4975,MREID_0004975
4976,MREID_0004977
4977,MREID_0004976
4978,MREID_0004978
4979,MREID_0004979
4980,MREID_0004980
4981,MREID_0004981
4982,MREID_0004982
4983,MREID_0004983
4984,MREID_0004984
4985,MREID_0004985
4986,MREID_0004986
4987,MREID_0004987
4988,MREID_0004988
4989,MREID_0004989
4990,MREID_0004990
4991,MREID_0004991
4992,MREID_0004992
4993,MREID_0004993
4994,MREID_0004994
4995,MREID_0004995
4996,MREID_0004996
4997,MREID_0004997
4998,MREID_0004998
4999,MREID_0004999
5000,MREID_0005000
5001,MREID_0005001
5002,MREID_0005002
5003,MREID_0005003
5004,MREID_0005004
5005,MREID_0005005
5006,MREID_0005006
5007,MREID_0005007
5008,MREID_0005008
5009,MREID_0005009
5010,MREID_0005010
5011,MREID_0005011
5012,MREID_0005012
5013,MREID_0005013
5014,MREID_0005014
5015,MREID_0005015
5016,MREID_0005016
5017,MREID_0005017
5018,MREID_0005018
5019,MREID_0005019
5020,MREID_0005020
5021,MREID_0005021
5022,MREID_0005022
5023,MREID_0005023
5024,MREID_0005024
5025,MREID_0005025
5026,MREID_0005026
5027,MREID_0005027
5028,MREID_0005028
5029,MREID_0005029
5030,MREID_0005030
5031,MREID_0005031
5032,MREID_0005032
5033,MREID_0005033
5034,MREID_0005034
5035,MREID_0005035
5036,MREID_0005036
5037,MREID_0005037
5038,MREID_0005038
5039,MREID_0005039
5040,MREID_0005040
5041,MREID_0005041
5042,MREID_0005042
5043,MREID_0005043
5044,MREID_0005044
5045,MREID_0005045
5046,MREID_0005046
5047,MREID_0005047
5048,MREID_0005048
5049,MREID_0005049
5050,MREID_0005050
5051,MREID_0005051
5052,MREID_0005052
5053,MREID_0005053
5054,MREID_0005054
5055,MREID_0005055
5056,MREID_0005056
5057,MREID_0005057
5058,MREID_0005058
5059,MREID_0005059
5060,MREID_0005060
5061,MREID_0005061
5062,MREID_0005062
5063,MREID_0005063
5064,MREID_0005064
5065,MREID_0005065
5066,MREID_0005066
5067,MREID_0005067
5068,MREID_0005068
5069,MREID_0005069
5070,MREID_0005070
5071,MREID_0005071
5072,MREID_0005072
5073,MREID_0005073
5074,MREID_0005074
5075,MREID_0005075
5076,MREID_0005076
5077,MREID_0005077
5078,MREID_0005078
5079,MREID_0005079
5080,MREID_0005080
5081,MREID_0005081
5082,MREID_0005082
5083,MREID_0005083
5084,MREID_0005084
5085,MREID_0005085
5086,MREID_0005086
5087,MREID_0005087
5088,MREID_0005088
5089,MREID_0005089
5090,MREID_0005090
5091,MREID_0005092
5092,MREID_0005091
5093,MREID_0005093
5094,MREID_0005094
5095,MREID_0005095
5096,MREID_0005096
5097,MREID_0005098
5098,MREID_0005097
5099,MREID_0005099
5100,MREID_0005100
5101,MREID_0005102
5102,MREID_0005101
5103,MREID_0005103
5104,MREID_0005104
5105,MREID_0005105
5106,MREID_0005106
5107,MREID_0005107
5108,MREID_0005108
5109,MREID_0005109
5110,MREID_0005110
5111,MREID_0005111
5112,MREID_0005112
5113,MREID_0005113
5114,MREID_0005114
5115,MREID_0005115
5116,MREID_0005116
5117,MREID_0005117
5118,MREID_0005118
5119,MREID_0005119
5120,MREID_0005120
5121,MREID_0005121
5122,MREID_0005122
5123,MREID_0005123
5124,MREID_0005124
5125,MREID_0005125
5126,MREID_0005126
5127,MREID_0005127
5128,MREID_0005128
5129,MREID_0005129
5130,MREID_0005130
5131,MREID_0005131
5132,MREID_0005132
5133,MREID_0005133
5134,MREID_0005134
5135,MREID_0005135
5136,MREID_0005136
5137,MREID_0005137
5138,MREID_0005138
5139,MREID_0005139
5140,MREID_0005142
5141,MREID_0005140
5142,MREID_0005141
5143,MREID_0005143
5144,MREID_0005144
5145,MREID_0005145
5146,MREID_0005146
5147,MREID_0005147
5148,MREID_0005148
5149,MREID_0005149
5150,MREID_0005150
5151,MREID_0005151
5152,MREID_0005152
5153,MREID_0005153
5154,MREID_0005154
5155,MREID_0005155
5156,MREID_0005156
5157,MREID_0005157
5158,MREID_0005158
5159,MREID_0005159
5160,MREID_0005160
5161,MREID_0005161
5162,MREID_0005162
5163,MREID_0005163
5164,MREID_0005164
5165,MREID_0005165
5166,MREID_0005166
5167,MREID_0005167
5168,MREID_0005168
5169,MREID_0005169
5170,MREID_0005170
5171,MREID_0005172
5172,MREID_0005171
5173,MREID_0005173
5174,MREID_0005174
5175,MREID_0005175
5176,MREID_0005176
5177,MREID_0005177
5178,MREID_0005178
5179,MREID_0005179
5180,MREID_0005181
5181,MREID_0005180
5182,MREID_0005182
5183,MREID_0005183
5184,MREID_0005184
5185,MREID_0005185
5186,MREID_0005186
5187,MREID_0005187
5188,MREID_0005189
5189,MREID_0005188
5190,MREID_0005190
5191,MREID_0005192
5192,MREID_0005191
5193,MREID_0005193
5194,MREID_0005195
5195,MREID_0005198
5196,MREID_0005197
5197,MREID_0005194
5198,MREID_0005196
5199,MREID_0005199
5200,MREID_0005200
5201,MREID_0005201
5202,MREID_0005202
5203,MREID_0005203
5204,MREID_0005204
5205,MREID_0005205
5206,MREID_0005206
5207,MREID_0005207
5208,MREID_0005208
5209,MREID_0005209
5210,MREID_0005210
5211,MREID_0005211
5212,MREID_0005212
5213,MREID_0005213
5214,MREID_0005215
5215,MREID_0005214
5216,MREID_0005216
5217,MREID_0005217
5218,MREID_0005218
5219,MREID_0005219
5220,MREID_0005220
5221,MREID_0005221
5222,MREID_0005222
5223,MREID_0005223
5224,MREID_0005224
5225,MREID_0005225
5226,MREID_0005226
5227,MREID_0005227
5228,MREID_0005228
5229,MREID_0005229
5230,MREID_0005230
5231,MREID_0005231
5232,MREID_0005232
5233,MREID_0005233
5234,MREID_0005234
5235,MREID_0005235
5236,MREID_0005237
5237,MREID_0005236
5238,MREID_0005238
5239,MREID_0005239
5240,MREID_0005240
5241,MREID_0005241
5242,MREID_0005242
5243,MREID_0005243
5244,MREID_0005244
5245,MREID_0005245
5246,MREID_0005246
5247,MREID_0005247
5248,MREID_0005248
5249,MREID_0005249
5250,MREID_0005250
5251,MREID_0005251
5252,MREID_0005252
5253,MREID_0005253
5254,MREID_0005254
5255,MREID_0005256
5256,MREID_0005255
5257,MREID_0005257
5258,MREID_0005258
5259,MREID_0005259
5260,MREID_0005260
5261,MREID_0005261
5262,MREID_0005262
5263,MREID_0005263
5264,MREID_0005264
5265,MREID_0005265
5266,MREID_0005266
5267,MREID_0005267
5268,MREID_0005268
5269,MREID_0005269
5270,MREID_0005270
5271,MREID_0005271
5272,MREID_0005272
5273,MREID_0005273
5274,MREID_0005274
5275,MREID_0005275
5276,MREID_0005276
5277,MREID_0005277
5278,MREID_0005278
5279,MREID_0005279
5280,MREID_0005280
5281,MREID_0005281
5282,MREID_0005282
5283,MREID_0005283
5284,MREID_0005284
5285,MREID_0005285
5286,MREID_0005286
5287,MREID_0005287
5288,MREID_0005288
5289,MREID_0005289
5290,MREID_0005290
5291,MREID_0005291
5292,MREID_0005292
5293,MREID_0005293
5294,MREID_0005294
5295,MREID_0005295
5296,MREID_0005296
5297,MREID_0005297
5298,MREID_0005298
5299,MREID_0005299
5300,MREID_0005300
5301,MREID_0005301
5302,MREID_0005302
5303,MREID_0005303
5304,MREID_0005304
5305,MREID_0005305
5306,MREID_0005306
5307,MREID_0005307
5308,MREID_0005308
5309,MREID_0005309
5310,MREID_0005310
5311,MREID_0005311
5312,MREID_0005312
5313,MREID_0005313
5314,MREID_0005314
5315,MREID_0005315
5316,MREID_0005316
5317,MREID_0005317
5318,MREID_0005318
5319,MREID_0005319
5320,MREID_0005320
5321,MREID_0005321
5322,MREID_0005322
5323,MREID_0005323
5324,MREID_0005324
5325,MREID_0005325
5326,MREID_0005326
5327,MREID_0005327
5328,MREID_0005328
5329,MREID_0005329
5330,MREID_0005330
5331,MREID_0005331
5332,MREID_0005333
5333,MREID_0005332
5334,MREID_0005334
5335,MREID_0005335
5336,MREID_0005336
5337,MREID_0005337
5338,MREID_0005338
5339,MREID_0005339
5340,MREID_0005340
5341,MREID_0005341
5342,MREID_0005342
5343,MREID_0005343
5344,MREID_0005344
5345,MREID_0005345
5346,MREID_0005346
5347,MREID_0005347
5348,MREID_0005348
5349,MREID_0005349
5350,MREID_0005350
5351,MREID_0005351
5352,MREID_0005353
5353,MREID_0005352
5354,MREID_0005354
5355,MREID_0005355
5356,MREID_0005356
5357,MREID_0005357
5358,MREID_0005358
5359,MREID_0005359
5360,MREID_0005360
5361,MREID_0005361
5362,MREID_0005362
5363,MREID_0005363
5364,MREID_0005364
5365,MREID_0005365
5366,MREID_0005366
5367,MREID_0005367
5368,MREID_0005368
5369,MREID_0005369
5370,MREID_0005370
5371,MREID_0005371
5372,MREID_0005372
5373,MREID_0005373
5374,MREID_0005374
5375,MREID_0005375
5376,MREID_0005376
5377,MREID_0005377
5378,MREID_0005378
5379,MREID_0005379
5380,MREID_0005380
5381,MREID_0005381
5382,MREID_0005382
5383,MREID_0005383
5384,MREID_0005384
5385,MREID_0005385
5386,MREID_0005386
5387,MREID_0005387
5388,MREID_0005388
5389,MREID_0005389
5390,MREID_0005390
5391,MREID_0005391
5392,MREID_0005392
5393,MREID_0005393
5394,MREID_0005394
5395,MREID_0005396
5396,MREID_0005395
5397,MREID_0005397
5398,MREID_0005398
5399,MREID_0005399
5400,MREID_0005401
5401,MREID_0005400
5402,MREID_0005402
5403,MREID_0005403
5404,MREID_0005404
5405,MREID_0005405
5406,MREID_0005406
5407,MREID_0005407
5408,MREID_0005408
5409,MREID_0005409
5410,MREID_0005410
5411,MREID_0005411
5412,MREID_0005412
5413,MREID_0005413
5414,MREID_0005414
5415,MREID_0005415
5416,MREID_0005416
5417,MREID_0005417
5418,MREID_0005418
5419,MREID_0005419
5420,MREID_0005420
5421,MREID_0005421
5422,MREID_0005422
5423,MREID_0005423
5424,MREID_0005424
5425,MREID_0005425
5426,MREID_0005426
5427,MREID_0005427
5428,MREID_0005428
5429,MREID_0005429
5430,MREID_0005430
5431,MREID_0005431
5432,MREID_0005433
5433,MREID_0005432
5434,MREID_0005434
5435,MREID_0005435
5436,MREID_0005436
5437,MREID_0005437
5438,MREID_0005438
5439,MREID_0005439
5440,MREID_0005440
5441,MREID_0005441
5442,MREID_0005442
5443,MREID_0005443
5444,MREID_0005444
5445,MREID_0005445
5446,MREID_0005446
5447,MREID_0005447
5448,MREID_0005448
5449,MREID_0005449
5450,MREID_0005450
5451,MREID_0005451
5452,MREID_0005452
5453,MREID_0005453
5454,MREID_0005454
5455,MREID_0005455
5456,MREID_0005456
5457,MREID_0005457
5458,MREID_0005458
5459,MREID_0005459
5460,MREID_0005460
5461,MREID_0005461
5462,MREID_0005462
5463,MREID_0005463
5464,MREID_0005464
5465,MREID_0005466
5466,MREID_0005465
5467,MREID_0005467
5468,MREID_0005468
5469,MREID_0005469
5470,MREID_0005470
5471,MREID_0005471
5472,MREID_0005472
5473,MREID_0005473
5474,MREID_0005474
5475,MREID_0005475
5476,MREID_0005476
5477,MREID_0005477
5478,MREID_0005478
5479,MREID_0005479
5480,MREID_0005480
5481,MREID_0005481
5482,MREID_0005482
5483,MREID_0005483
5484,MREID_0005484
5485,MREID_0005485
5486,MREID_0005486
5487,MREID_0005487
5488,MREID_0005488
5489,MREID_0005489
5490,MREID_0005490
5491,MREID_0005491
5492,MREID_0005492
5493,MREID_0005493
5494,MREID_0005494
5495,MREID_0005495
5496,MREID_0005496
5497,MREID_0005497
5498,MREID_0005498
5499,MREID_0005499
5500,MREID_0005500
5501,MREID_0005501
5502,MREID_0005502
5503,MREID_0005503
5504,MREID_0005504
5505,MREID_0005505
5506,MREID_0005506
5507,MREID_0005507
5508,MREID_0005508
5509,MREID_0005509
5510,MREID_0005510
5511,MREID_0005511
5512,MREID_0005512
5513,MREID_0005513
5514,MREID_0005514
5515,MREID_0005515
5516,MREID_0005516
5517,MREID_0005517
5518,MREID_0005518
5519,MREID_0005519
5520,MREID_0005520
5521,MREID_0005521
5522,MREID_0005522
5523,MREID_0005523
5524,MREID_0005524
5525,MREID_0005525
5526,MREID_0005526
5527,MREID_0005527
5528,MREID_0005528
5529,MREID_0005529
5530,MREID_0005530
5531,MREID_0005531
5532,MREID_0005532
5533,MREID_0005533
5534,MREID_0005534
5535,MREID_0005535
5536,MREID_0005536
5537,MREID_0005537
5538,MREID_0005538
5539,MREID_0005540
5540,MREID_0005539
5541,MREID_0005541
5542,MREID_0005542
5543,MREID_0005543
5544,MREID_0005544
5545,MREID_0005545
5546,MREID_0005546
5547,MREID_0005547
5548,MREID_0005548
5549,MREID_0005549
5550,MREID_0005550
5551,MREID_0005551
5552,MREID_0005552
5553,MREID_0005553
5554,MREID_0005555
5555,MREID_0005554
5556,MREID_0005556
5557,MREID_0005557
5558,MREID_0005558
5559,MREID_0005559
5560,MREID_0005560
5561,MREID_0005561
5562,MREID_0005562
5563,MREID_0005563
5564,MREID_0005564
5565,MREID_0005565
5566,MREID_0005566
5567,MREID_0005567
5568,MREID_0005568
5569,MREID_0005570
5570,MREID_0005569
5571,MREID_0005571
5572,MREID_0005572
5573,MREID_0005573
5574,MREID_0005574
5575,MREID_0005575
5576,MREID_0005576
5577,MREID_0005577
5578,MREID_0005578
5579,MREID_0005579
5580,MREID_0005580
5581,MREID_0005581
5582,MREID_0005582
5583,MREID_0005583
5584,MREID_0005584
5585,MREID_0005585
5586,MREID_0005586
5587,MREID_0005587
5588,MREID_0005588
5589,MREID_0005589
5590,MREID_0005590
5591,MREID_0005591
5592,MREID_0005592
5593,MREID_0005593
5594,MREID_0005594
5595,MREID_0005595
5596,MREID_0005596
5597,MREID_0005597
5598,MREID_0005598
5599,MREID_0005599
5600,MREID_0005600
5601,MREID_0005601
5602,MREID_0005602
5603,MREID_0005603
5604,MREID_0005604
5605,MREID_0005605
5606,MREID_0005606
5607,MREID_0005607
5608,MREID_0005608
5609,MREID_0005609
5610,MREID_0005610
5611,MREID_0005611
5612,MREID_0005612
5613,MREID_0005613
5614,MREID_0005614
5615,MREID_0005615
5616,MREID_0005616
5617,MREID_0005617
5618,MREID_0005618
5619,MREID_0005619
5620,MREID_0005620
5621,MREID_0005621
5622,MREID_0005622
5623,MREID_0005623
5624,MREID_0005624
5625,MREID_0005625
5626,MREID_0005626
5627,MREID_0005627
5628,MREID_0005628
5629,MREID_0005629
5630,MREID_0005630
5631,MREID_0005631
5632,MREID_0005632
5633,MREID_0005633
5634,MREID_0005634
5635,MREID_0005635
5636,MREID_0005636
5637,MREID_0005637
5638,MREID_0005639
5639,MREID_0005638
5640,MREID_0005640
5641,MREID_0005641
5642,MREID_0005642
5643,MREID_0005643
5644,MREID_0005644
5645,MREID_0005645
5646,MREID_0005646
5647,MREID_0005647
5648,MREID_0005649
5649,MREID_0005648
5650,MREID_0005650
5651,MREID_0005651
5652,MREID_0005652
5653,MREID_0005653
5654,MREID_0005654
5655,MREID_0005655
5656,MREID_0005656
5657,MREID_0005657
5658,MREID_0005658
5659,MREID_0005659
5660,MREID_0005660
5661,MREID_0005661
5662,MREID_0005662
5663,MREID_0005663
5664,MREID_0005664
5665,MREID_0005665
5666,MREID_0005666
5667,MREID_0005667
5668,MREID_0005668
5669,MREID_0005669
5670,MREID_0005670
5671,MREID_0005671
5672,MREID_0005672
5673,MREID_0005673
5674,MREID_0005674
5675,MREID_0005675
5676,MREID_0005676
5677,MREID_0005677
5678,MREID_0005678
5679,MREID_0005679
5680,MREID_0005680
5681,MREID_0005682
5682,MREID_0005681
5683,MREID_0005683
5684,MREID_0005684
5685,MREID_0005685
5686,MREID_0005686
5687,MREID_0005687
5688,MREID_0005688
5689,MREID_0005689
5690,MREID_0005690
5691,MREID_0005691
5692,MREID_0005692
5693,MREID_0005693
5694,MREID_0005694
5695,MREID_0005695
5696,MREID_0005696
5697,MREID_0005697
5698,MREID_0005698
5699,MREID_0005699
5700,MREID_0005700
5701,MREID_0005701
5702,MREID_0005702
5703,MREID_0005703
5704,MREID_0005704
5705,MREID_0005705
5706,MREID_0005706
5707,MREID_0005707
5708,MREID_0005708
5709,MREID_0005709
5710,MREID_0005710
5711,MREID_0005711
5712,MREID_0005712
5713,MREID_0005713
5714,MREID_0005714
5715,MREID_0005715
5716,MREID_0005716
5717,MREID_0005717
5718,MREID_0005718
5719,MREID_0005719
5720,MREID_0005720
5721,MREID_0005721
5722,MREID_0005722
5723,MREID_0005723
5724,MREID_0005724
5725,MREID_0005725
5726,MREID_0005726
5727,MREID_0005727
5728,MREID_0005728
5729,MREID_0005729
5730,MREID_0005730
5731,MREID_0005731
5732,MREID_0005732
5733,MREID_0005733
5734,MREID_0005735
5735,MREID_0005734
5736,MREID_0005736
5737,MREID_0005737
5738,MREID_0005738
5739,MREID_0005739
5740,MREID_0005740
5741,MREID_0005741
5742,MREID_0005742
5743,MREID_0005743
5744,MREID_0005744
5745,MREID_0005745
5746,MREID_0005746
5747,MREID_0005747
5748,MREID_0005748
5749,MREID_0005749
5750,MREID_0005750
5751,MREID_0005751
5752,MREID_0005752
5753,MREID_0005753
5754,MREID_0005754
5755,MREID_0005755
5756,MREID_0005756
5757,MREID_0005757
5758,MREID_0005758
5759,MREID_0005759
5760,MREID_0005760
5761,MREID_0005761
5762,MREID_0005762
5763,MREID_0005763
5764,MREID_0005764
5765,MREID_0005765
5766,MREID_0005766
5767,MREID_0005767
5768,MREID_0005768
5769,MREID_0005769
5770,MREID_0005770
5771,MREID_0005771
5772,MREID_0005772
5773,MREID_0005773
5774,MREID_0005774
5775,MREID_0005775
5776,MREID_0005776
5777,MREID_0005777
5778,MREID_0005778
5779,MREID_0005779
5780,MREID_0005780
5781,MREID_0005781
5782,MREID_0005782
5783,MREID_0005783
5784,MREID_0005784
5785,MREID_0005785
5786,MREID_0005787
5787,MREID_0005786
5788,MREID_0005788
5789,MREID_0005789
5790,MREID_0005790
5791,MREID_0005791
5792,MREID_0005792
5793,MREID_0005793
5794,MREID_0005794
5795,MREID_0005795
5796,MREID_0005796
5797,MREID_0005797
5798,MREID_0005798
5799,MREID_0005799
5800,MREID_0005800
5801,MREID_0005801
5802,MREID_0005802
5803,MREID_0005803
5804,MREID_0005804
5805,MREID_0005805
5806,MREID_0005806
5807,MREID_0005807
5808,MREID_0005808
5809,MREID_0005809
5810,MREID_0005810
5811,MREID_0005811
5812,MREID_0005812
5813,MREID_0005813
5814,MREID_0005814
5815,MREID_0005815
5816,MREID_0005816
5817,MREID_0005817
5818,MREID_0005818
5819,MREID_0005819
5820,MREID_0005820
5821,MREID_0005821
5822,MREID_0005822
5823,MREID_0005823
5824,MREID_0005824
5825,MREID_0005825
5826,MREID_0005826
5827,MREID_0005827
5828,MREID_0005828
5829,MREID_0005829
5830,MREID_0005830
5831,MREID_0005831
5832,MREID_0005832
5833,MREID_0005833
5834,MREID_0005834
5835,MREID_0005835
5836,MREID_0005836
5837,MREID_0005837
5838,MREID_0005838
5839,MREID_0005839
5840,MREID_0005840
5841,MREID_0005841
5842,MREID_0005842
5843,MREID_0005843
5844,MREID_0005845
5845,MREID_0005844
5846,MREID_0005846
5847,MREID_0005847
5848,MREID_0005848
5849,MREID_0005849
5850,MREID_0005850
5851,MREID_0005851
5852,MREID_0005852
5853,MREID_0005854
5854,MREID_0005853
5855,MREID_0005855
5856,MREID_0005856
5857,MREID_0005857
5858,MREID_0005858
5859,MREID_0005859
5860,MREID_0005860
5861,MREID_0005861
5862,MREID_0005862
5863,MREID_0005863
5864,MREID_0005864
5865,MREID_0005866
5866,MREID_0005865
5867,MREID_0005867
5868,MREID_0005868
5869,MREID_0005869
5870,MREID_0005870
5871,MREID_0005871
5872,MREID_0005873
5873,MREID_0005872
5874,MREID_0005875
5875,MREID_0005874
5876,MREID_0005876
5877,MREID_0005877
5878,MREID_0005878
5879,MREID_0005879
5880,MREID_0005880
5881,MREID_0005881
5882,MREID_0005882
5883,MREID_0005883
5884,MREID_0005884
5885,MREID_0005885
5886,MREID_0005886
5887,MREID_0005887
5888,MREID_0005888
5889,MREID_0005889
5890,MREID_0005890
5891,MREID_0005891
5892,MREID_0005893
5893,MREID_0005892
5894,MREID_0005894
5895,MREID_0005895
5896,MREID_0005896
5897,MREID_0005897
5898,MREID_0005898
5899,MREID_0005899
5900,MREID_0005900
5901,MREID_0005901
5902,MREID_0005902
5903,MREID_0005903
5904,MREID_0005904
5905,MREID_0005905
5906,MREID_0005906
5907,MREID_0005907
5908,MREID_0005908
5909,MREID_0005909
5910,MREID_0005910
5911,MREID_0005911
5912,MREID_0005912
5913,MREID_0005913
5914,MREID_0005914
5915,MREID_0005915
5916,MREID_0005916
5917,MREID_0005917
5918,MREID_0005918
5919,MREID_0005919
5920,MREID_0005920
5921,MREID_0005921
5922,MREID_0005922
5923,MREID_0005923
5924,MREID_0005924
5925,MREID_0005925
5926,MREID_0005926
5927,MREID_0005927
5928,MREID_0005928
5929,MREID_0005929
5930,MREID_0005930
5931,MREID_0005931
5932,MREID_0005932
5933,MREID_0005933
5934,MREID_0005934
5935,MREID_0005935
5936,MREID_0005936
5937,MREID_0005937
5938,MREID_0005938
5939,MREID_0005939
5940,MREID_0005940
5941,MREID_0005941
5942,MREID_0005942
5943,MREID_0005943
5944,MREID_0005944
5945,MREID_0005945
5946,MREID_0005946
5947,MREID_0005947
5948,MREID_0005948
5949,MREID_0005949
5950,MREID_0005950
5951,MREID_0005951
5952,MREID_0005952
5953,MREID_0005953
5954,MREID_0005954
5955,MREID_0005955
5956,MREID_0005956
5957,MREID_0005957
5958,MREID_0005958
5959,MREID_0005959
5960,MREID_0005960
5961,MREID_0005961
5962,MREID_0005962
5963,MREID_0005963
5964,MREID_0005964
5965,MREID_0005965
5966,MREID_0005966
5967,MREID_0005967
5968,MREID_0005968
5969,MREID_0005969
5970,MREID_0005970
5971,MREID_0005971
5972,MREID_0005972
5973,MREID_0005973
5974,MREID_0005974
5975,MREID_0005975
5976,MREID_0005976
5977,MREID_0005977
5978,MREID_0005978
5979,MREID_0005979
5980,MREID_0005980
5981,MREID_0005981
5982,MREID_0005982
5983,MREID_0005983
5984,MREID_0005984
5985,MREID_0005985
5986,MREID_0005986
5987,MREID_0005987
5988,MREID_0005988
5989,MREID_0005989
5990,MREID_0005990
5991,MREID_0005991
5992,MREID_0005992
5993,MREID_0005993
5994,MREID_0005994
5995,MREID_0005995
5996,MREID_0005996
5997,MREID_0005997
5998,MREID_0005998
5999,MREID_0005999
6000,MREID_0006000
6001,MREID_0006001
6002,MREID_0006002
6003,MREID_0006003
6004,MREID_0006004
6005,MREID_0006005
6006,MREID_0006006
6007,MREID_0006007
6008,MREID_0006008
6009,MREID_0006009
6010,MREID_0006011
6011,MREID_0006010
6012,MREID_0006012
6013,MREID_0006013
6014,MREID_0006014
6015,MREID_0006015
6016,MREID_0006016
6017,MREID_0006017
6018,MREID_0006018
6019,MREID_0006019
6020,MREID_0006020
6021,MREID_0006021
6022,MREID_0006022
6023,MREID_0006023
6024,MREID_0006024
6025,MREID_0006025
6026,MREID_0006026
6027,MREID_0006027
6028,MREID_0006028
6029,MREID_0006029
6030,MREID_0006030
6031,MREID_0006031
6032,MREID_0006032
6033,MREID_0006033
6034,MREID_0006035
6035,MREID_0006034
6036,MREID_0006036
6037,MREID_0006037
6038,MREID_0006038
6039,MREID_0006039
6040,MREID_0006040
6041,MREID_0006041
6042,MREID_0006042
6043,MREID_0006043
6044,MREID_0006044
6045,MREID_0006045
6046,MREID_0006046
6047,MREID_0006047
6048,MREID_0006048
6049,MREID_0006049
6050,MREID_0006050
6051,MREID_0006051
6052,MREID_0006052
6053,MREID_0006053
6054,MREID_0006054
6055,MREID_0006055
6056,MREID_0006056
6057,MREID_0006057
6058,MREID_0006058
6059,MREID_0006059
6060,MREID_0006060
6061,MREID_0006061
6062,MREID_0006062
6063,MREID_0006063
6064,MREID_0006064
6065,MREID_0006065
6066,MREID_0006066
6067,MREID_0006067
6068,MREID_0006068
6069,MREID_0006069
6070,MREID_0006070
6071,MREID_0006071
6072,MREID_0006072
6073,MREID_0006073
6074,MREID_0006074
6075,MREID_0006075
6076,MREID_0006076
6077,MREID_0006077
6078,MREID_0006078
6079,MREID_0006079
6080,MREID_0006080
6081,MREID_0006081
6082,MREID_0006082
6083,MREID_0006083
6084,MREID_0006084
6085,MREID_0006085
6086,MREID_0006086
6087,MREID_0006087
6088,MREID_0006088
6089,MREID_0006089
6090,MREID_0006090
6091,MREID_0006092
6092,MREID_0006091
6093,MREID_0006093
6094,MREID_0006094
6095,MREID_0006095
6096,MREID_0006096
6097,MREID_0006097
6098,MREID_0006098
6099,MREID_0006099
6100,MREID_0006100
6101,MREID_0006101
6102,MREID_0006102
6103,MREID_0006103
6104,MREID_0006104
6105,MREID_0006105
6106,MREID_0006106
6107,MREID_0006107
6108,MREID_0006108
6109,MREID_0006109
6110,MREID_0006110
6111,MREID_0006111
6112,MREID_0006112
6113,MREID_0006113
6114,MREID_0006114
6115,MREID_0006115
6116,MREID_0006116
6117,MREID_0006117
6118,MREID_0006118
6119,MREID_0006119
6120,MREID_0006120
6121,MREID_0006121
6122,MREID_0006122
6123,MREID_0006123
6124,MREID_0006124
6125,MREID_0006125
6126,MREID_0006126
6127,MREID_0006127
6128,MREID_0006128
6129,MREID_0006129
6130,MREID_0006130
6131,MREID_0006132
6132,MREID_0006131
6133,MREID_0006133
6134,MREID_0006134
6135,MREID_0006135
6136,MREID_0006136
6137,MREID_0006137
6138,MREID_0006138
6139,MREID_0006139
6140,MREID_0006140
6141,MREID_0006141
6142,MREID_0006142
6143,MREID_0006143
6144,MREID_0006144
6145,MREID_0006145
6146,MREID_0006146
6147,MREID_0006147
6148,MREID_0006148
6149,MREID_0006149
6150,MREID_0006150
6151,MREID_0006151
6152,MREID_0006152
6153,MREID_0006153
6154,MREID_0006154
6155,MREID_0006155
6156,MREID_0006156
6157,MREID_0006157
6158,MREID_0006158
6159,MREID_0006159
6160,MREID_0006160
6161,MREID_0006161
6162,MREID_0006162
6163,MREID_0006163
6164,MREID_0006164
6165,MREID_0006166
6166,MREID_0006165
6167,MREID_0006167
6168,MREID_0006168
6169,MREID_0006169
6170,MREID_0006170
6171,MREID_0006171
6172,MREID_0006172
6173,MREID_0006173
6174,MREID_0006174
6175,MREID_0006175
6176,MREID_0006176
6177,MREID_0006177
6178,MREID_0006179
6179,MREID_0006178
6180,MREID_0006180
6181,MREID_0006181
6182,MREID_0006182
6183,MREID_0006183
6184,MREID_0006184
6185,MREID_0006185
6186,MREID_0006186
6187,MREID_0006187
6188,MREID_0006188
6189,MREID_0006189
6190,MREID_0006190
6191,MREID_0006191
6192,MREID_0006192
6193,MREID_0006193
6194,MREID_0006194
6195,MREID_0006195
6196,MREID_0006196
6197,MREID_0006197
6198,MREID_0006198
6199,MREID_0006199
6200,MREID_0006200
6201,MREID_0006201
6202,MREID_0006202
6203,MREID_0006203
6204,MREID_0006204
6205,MREID_0006205
6206,MREID_0006206
6207,MREID_0006207
6208,MREID_0006209
6209,MREID_0006208
6210,MREID_0006210
6211,MREID_0006211
6212,MREID_0006212
6213,MREID_0006213
6214,MREID_0006214
6215,MREID_0006215
6216,MREID_0006216
6217,MREID_0006217
6218,MREID_0006218
6219,MREID_0006219
6220,MREID_0006220
6221,MREID_0006221
6222,MREID_0006222
6223,MREID_0006223
6224,MREID_0006224
6225,MREID_0006225
6226,MREID_0006226
6227,MREID_0006227
6228,MREID_0006228
6229,MREID_0006229
6230,MREID_0006230
6231,MREID_0006231
6232,MREID_0006232
6233,MREID_0006233
6234,MREID_0006234
6235,MREID_0006235
6236,MREID_0006236
6237,MREID_0006237
6238,MREID_0006238
6239,MREID_0006239
6240,MREID_0006240
6241,MREID_0006241
6242,MREID_0006242
6243,MREID_0006243
6244,MREID_0006244
6245,MREID_0006245
6246,MREID_0006246
6247,MREID_0006247
6248,MREID_0006248
6249,MREID_0006249
6250,MREID_0006250
6251,MREID_0006251
6252,MREID_0006252
6253,MREID_0006253
6254,MREID_0006254
6255,MREID_0006255
6256,MREID_0006256
6257,MREID_0006257
6258,MREID_0006258
6259,MREID_0006259
6260,MREID_0006260
6261,MREID_0006261
6262,MREID_0006262
6263,MREID_0006263
6264,MREID_0006264
6265,MREID_0006265
6266,MREID_0006266
6267,MREID_0006267
6268,MREID_0006268
6269,MREID_0006269
6270,MREID_0006270
6271,MREID_0006271
6272,MREID_0006273
6273,MREID_0006272
6274,MREID_0006274
6275,MREID_0006275
6276,MREID_0006276
6277,MREID_0006277
6278,MREID_0006278
6279,MREID_0006279
6280,MREID_0006280
6281,MREID_0006281
6282,MREID_0006282
6283,MREID_0006283
6284,MREID_0006284
6285,MREID_0006285
6286,MREID_0006286
6287,MREID_0006287
6288,MREID_0006288
6289,MREID_0006289
6290,MREID_0006290
6291,MREID_0006291
6292,MREID_0006292
6293,MREID_0006293
6294,MREID_0006294
6295,MREID_0006295
6296,MREID_0006296
6297,MREID_0006297
6298,MREID_0006298
6299,MREID_0006299
6300,MREID_0006300
6301,MREID_0006301
6302,MREID_0006302
6303,MREID_0006303
6304,MREID_0006304
6305,MREID_0006305
6306,MREID_0006306
6307,MREID_0006307
6308,MREID_0006308
6309,MREID_0006309
6310,MREID_0006310
6311,MREID_0006311
6312,MREID_0006312
6313,MREID_0006313
6314,MREID_0006314
6315,MREID_0006315
6316,MREID_0006316
6317,MREID_0006317
6318,MREID_0006318
6319,MREID_0006319
6320,MREID_0006320
6321,MREID_0006321
6322,MREID_0006322
6323,MREID_0006323
6324,MREID_0006324
6325,MREID_0006325
6326,MREID_0006326
6327,MREID_0006327
6328,MREID_0006328
6329,MREID_0006330
6330,MREID_0006329
6331,MREID_0006331
6332,MREID_0006332
6333,MREID_0006333
6334,MREID_0006334
6335,MREID_0006335
6336,MREID_0006336
6337,MREID_0006337
6338,MREID_0006338
6339,MREID_0006339
6340,MREID_0006340
6341,MREID_0006341
6342,MREID_0006342
6343,MREID_0006343
6344,MREID_0006344
6345,MREID_0006345
6346,MREID_0006346
6347,MREID_0006347
6348,MREID_0006348
6349,MREID_0006349
6350,MREID_0006350
6351,MREID_0006351
6352,MREID_0006352
6353,MREID_0006353
6354,MREID_0006354
6355,MREID_0006355
6356,MREID_0006356
6357,MREID_0006357
6358,MREID_0006358
6359,MREID_0006359
6360,MREID_0006360
6361,MREID_0006361
6362,MREID_0006362
6363,MREID_0006363
6364,MREID_0006364
6365,MREID_0006365
6366,MREID_0006366
6367,MREID_0006367
6368,MREID_0006368
6369,MREID_0006369
6370,MREID_0006370
6371,MREID_0006371
6372,MREID_0006372
6373,MREID_0006373
6374,MREID_0006374
6375,MREID_0006375
6376,MREID_0006376
6377,MREID_0006377
6378,MREID_0006378
6379,MREID_0006379
6380,MREID_0006381
6381,MREID_0006380
6382,MREID_0006382
6383,MREID_0006383
6384,MREID_0006384
6385,MREID_0006385
6386,MREID_0006386
6387,MREID_0006387
6388,MREID_0006388
6389,MREID_0006389
6390,MREID_0006390
6391,MREID_0006391
6392,MREID_0006392
6393,MREID_0006393
6394,MREID_0006394
6395,MREID_0006395
6396,MREID_0006396
6397,MREID_0006397
6398,MREID_0006398
6399,MREID_0006399
6400,MREID_0006400
6401,MREID_0006401
6402,MREID_0006402
6403,MREID_0006403
6404,MREID_0006404
6405,MREID_0006405
6406,MREID_0006406
6407,MREID_0006407
6408,MREID_0006408
6409,MREID_0006409
6410,MREID_0006410
6411,MREID_0006411
6412,MREID_0006412
6413,MREID_0006414
6414,MREID_0006413
6415,MREID_0006415
6416,MREID_0006416
6417,MREID_0006417
6418,MREID_0006418
6419,MREID_0006419
6420,MREID_0006420
6421,MREID_0006421
6422,MREID_0006422
6423,MREID_0006423
6424,MREID_0006424
6425,MREID_0006425
6426,MREID_0006426
6427,MREID_0006427
6428,MREID_0006428
6429,MREID_0006429
6430,MREID_0006430
6431,MREID_0006431
6432,MREID_0006432
6433,MREID_0006433
6434,MREID_0006434
6435,MREID_0006435
6436,MREID_0006436
6437,MREID_0006437
6438,MREID_0006438
6439,MREID_0006439
6440,MREID_0006440
6441,MREID_0006441
6442,MREID_0006442
6443,MREID_0006443
6444,MREID_0006444
6445,MREID_0006445
6446,MREID_0006446
6447,MREID_0006447
6448,MREID_0006448
6449,MREID_0006449
6450,MREID_0006450
6451,MREID_0006451
6452,MREID_0006452
6453,MREID_0006453
6454,MREID_0006454
6455,MREID_0006455
6456,MREID_0006456
6457,MREID_0006457
6458,MREID_0006458
6459,MREID_0006459
6460,MREID_0006460
6461,MREID_0006461
6462,MREID_0006463
6463,MREID_0006462
6464,MREID_0006464
6465,MREID_0006465
6466,MREID_0006466
6467,MREID_0006467
6468,MREID_0006469
6469,MREID_0006468
6470,MREID_0006470
6471,MREID_0006471
6472,MREID_0006472
6473,MREID_0006473
6474,MREID_0006474
6475,MREID_0006475
6476,MREID_0006476
6477,MREID_0006477
6478,MREID_0006479
6479,MREID_0006478
6480,MREID_0006480
6481,MREID_0006481
6482,MREID_0006482
6483,MREID_0006483
6484,MREID_0006484
6485,MREID_0006485
6486,MREID_0006486
6487,MREID_0006487
6488,MREID_0006488
6489,MREID_0006489
6490,MREID_0006490
6491,MREID_0006491
6492,MREID_0006492
6493,MREID_0006493
6494,MREID_0006494
6495,MREID_0006495
6496,MREID_0006496
6497,MREID_0006497
6498,MREID_0006498
6499,MREID_0006499
6500,MREID_0006500
6501,MREID_0006501
6502,MREID_0006502
6503,MREID_0006503
6504,MREID_0006504
6505,MREID_0006505
6506,MREID_0006506
6507,MREID_0006507
6508,MREID_0006508
6509,MREID_0006509
6510,MREID_0006510
6511,MREID_0006511
6512,MREID_0006512
6513,MREID_0006513
6514,MREID_0006514
6515,MREID_0006515
6516,MREID_0006516
6517,MREID_0006517
6518,MREID_0006518
6519,MREID_0006519
6520,MREID_0006520
6521,MREID_0006521
6522,MREID_0006522
6523,MREID_0006523
6524,MREID_0006524
6525,MREID_0006525
6526,MREID_0006526
6527,MREID_0006527
6528,MREID_0006529
6529,MREID_0006528
6530,MREID_0006530
6531,MREID_0006531
6532,MREID_0006532
6533,MREID_0006533
6534,MREID_0006534
6535,MREID_0006535
6536,MREID_0006536
6537,MREID_0006537
6538,MREID_0006538
6539,MREID_0006540
6540,MREID_0006541
6541,MREID_0006539
6542,MREID_0006542
6543,MREID_0006543
6544,MREID_0006544
6545,MREID_0006545
6546,MREID_0006546
6547,MREID_0006547
6548,MREID_0006548
6549,MREID_0006549
6550,MREID_0006550
6551,MREID_0006551
6552,MREID_0006553
6553,MREID_0006552
6554,MREID_0006554
6555,MREID_0006555
6556,MREID_0006557
6557,MREID_0006556
6558,MREID_0006558
6559,MREID_0006559
6560,MREID_0006560
6561,MREID_0006561
6562,MREID_0006562
6563,MREID_0006563
6564,MREID_0006564
6565,MREID_0006565
6566,MREID_0006566
6567,MREID_0006567
6568,MREID_0006568
6569,MREID_0006569
6570,MREID_0006570
6571,MREID_0006571
6572,MREID_0006572
6573,MREID_0006573
6574,MREID_0006574
6575,MREID_0006575
6576,MREID_0006576
6577,MREID_0006577
6578,MREID_0006578
6579,MREID_0006579
6580,MREID_0006580
6581,MREID_0006581
6582,MREID_0006582
6583,MREID_0006584
6584,MREID_0006583
6585,MREID_0006585
6586,MREID_0006586
6587,MREID_0006588
6588,MREID_0006587
6589,MREID_0006589
6590,MREID_0006590
6591,MREID_0006591
6592,MREID_0006592
6593,MREID_0006593
6594,MREID_0006594
6595,MREID_0006595
6596,MREID_0006596
6597,MREID_0006597
6598,MREID_0006598
6599,MREID_0006600
6600,MREID_0006599
6601,MREID_0006601
6602,MREID_0006602
6603,MREID_0006603
6604,MREID_0006604
6605,MREID_0006605
6606,MREID_0006606
6607,MREID_0006607
6608,MREID_0006608
6609,MREID_0006609
6610,MREID_0006610
6611,MREID_0006611
6612,MREID_0006612
6613,MREID_0006613
6614,MREID_0006614
6615,MREID_0006615
6616,MREID_0006617
6617,MREID_0006616
6618,MREID_0006618
6619,MREID_0006619
6620,MREID_0006620
6621,MREID_0006621
6622,MREID_0006622
6623,MREID_0006623
6624,MREID_0006624
6625,MREID_0006625
6626,MREID_0006626
6627,MREID_0006627
6628,MREID_0006628
6629,MREID_0006629
6630,MREID_0006630
6631,MREID_0006631
6632,MREID_0006632
6633,MREID_0006633
6634,MREID_0006636
6635,MREID_0006634
6636,MREID_0006635
6637,MREID_0006637
6638,MREID_0006638
6639,MREID_0006639
6640,MREID_0006640
6641,MREID_0006641
6642,MREID_0006642
6643,MREID_0006643
6644,MREID_0006644
6645,MREID_0006645
6646,MREID_0006646
6647,MREID_0006647
6648,MREID_0006649
6649,MREID_0006648
6650,MREID_0006650
6651,MREID_0006651
6652,MREID_0006652
6653,MREID_0006653
6654,MREID_0006654
6655,MREID_0006655
6656,MREID_0006656
6657,MREID_0006657
6658,MREID_0006658
6659,MREID_0006659
6660,MREID_0006660
6661,MREID_0006661
6662,MREID_0006662
6663,MREID_0006663
6664,MREID_0006664
6665,MREID_0006665
6666,MREID_0006666
6667,MREID_0006667
6668,MREID_0006668
6669,MREID_0006669
6670,MREID_0006670
6671,MREID_0006671
6672,MREID_0006672
6673,MREID_0006673
6674,MREID_0006674
6675,MREID_0006675
6676,MREID_0006676
6677,MREID_0006677
6678,MREID_0006678
6679,MREID_0006679
6680,MREID_0006680
6681,MREID_0006681
6682,MREID_0006682
6683,MREID_0006683
6684,MREID_0006684
6685,MREID_0006685
6686,MREID_0006686
6687,MREID_0006687
6688,MREID_0006688
6689,MREID_0006689
6690,MREID_0006690
6691,MREID_0006691
6692,MREID_0006692
6693,MREID_0006693
6694,MREID_0006694
6695,MREID_0006695
6696,MREID_0006696
6697,MREID_0006697
6698,MREID_0006698
6699,MREID_0006699
6700,MREID_0006700
6701,MREID_0006701
6702,MREID_0006702
6703,MREID_0006703
6704,MREID_0006704
6705,MREID_0006705
6706,MREID_0006706
6707,MREID_0006707
6708,MREID_0006708
6709,MREID_0006709
6710,MREID_0006710
6711,MREID_0006711
6712,MREID_0006712
6713,MREID_0006713
6714,MREID_0006714
6715,MREID_0006715
6716,MREID_0006716
6717,MREID_0006717
6718,MREID_0006718
6719,MREID_0006719
6720,MREID_0006720
6721,MREID_0006721
6722,MREID_0006722
6723,MREID_0006723
6724,MREID_0006724
6725,MREID_0006726
6726,MREID_0006725
6727,MREID_0006727
6728,MREID_0006728
6729,MREID_0006729
6730,MREID_0006731
6731,MREID_0006732
6732,MREID_0006730
6733,MREID_0006733
6734,MREID_0006734
6735,MREID_0006735
6736,MREID_0006736
6737,MREID_0006737
6738,MREID_0006738
6739,MREID_0006739
6740,MREID_0006740
6741,MREID_0006741
6742,MREID_0006742
6743,MREID_0006743
6744,MREID_0006744
6745,MREID_0006745
6746,MREID_0006746
6747,MREID_0006747
6748,MREID_0006748
6749,MREID_0006749
6750,MREID_0006750
6751,MREID_0006751
6752,MREID_0006752
6753,MREID_0006753
6754,MREID_0006754
6755,MREID_0006755
6756,MREID_0006756
6757,MREID_0006757
6758,MREID_0006758
6759,MREID_0006759
6760,MREID_0006760
6761,MREID_0006761
6762,MREID_0006762
6763,MREID_0006763
6764,MREID_0006764
6765,MREID_0006765
6766,MREID_0006766
6767,MREID_0006767
6768,MREID_0006768
6769,MREID_0006769
6770,MREID_0006770
6771,MREID_0006771
6772,MREID_0006772
6773,MREID_0006773
6774,MREID_0006774
6775,MREID_0006775
6776,MREID_0006776
6777,MREID_0006777
6778,MREID_0006778
6779,MREID_0006779
6780,MREID_0006780
6781,MREID_0006781
6782,MREID_0006782
6783,MREID_0006783
6784,MREID_0006784
6785,MREID_0006785
6786,MREID_0006786
6787,MREID_0006787
6788,MREID_0006788
6789,MREID_0006789
6790,MREID_0006790
6791,MREID_0006791
6792,MREID_0006792
6793,MREID_0006793
6794,MREID_0006794
6795,MREID_0006795
6796,MREID_0006796
6797,MREID_0006797
6798,MREID_0006798
6799,MREID_0006799
6800,MREID_0006800
6801,MREID_0006801
6802,MREID_0006802
6803,MREID_0006803
6804,MREID_0006804
6805,MREID_0006805
6806,MREID_0006806
6807,MREID_0006807
6808,MREID_0006808
6809,MREID_0006809
6810,MREID_0006810
6811,MREID_0006811
6812,MREID_0006812
6813,MREID_0006813
6814,MREID_0006814
6815,MREID_0006816
6816,MREID_0006815
6817,MREID_0006817
6818,MREID_0006818
6819,MREID_0006819
6820,MREID_0006820
6821,MREID_0006821
6822,MREID_0006822
6823,MREID_0006824
6824,MREID_0006823
6825,MREID_0006825
6826,MREID_0006826
6827,MREID_0006827
6828,MREID_0006828
6829,MREID_0006829
6830,MREID_0006830
6831,MREID_0006831
6832,MREID_0006832
6833,MREID_0006833
6834,MREID_0006834
6835,MREID_0006836
6836,MREID_0006835
6837,MREID_0006837
6838,MREID_0006838
6839,MREID_0006839
6840,MREID_0006840
6841,MREID_0006841
6842,MREID_0006842
6843,MREID_0006843
6844,MREID_0006844
6845,MREID_0006845
6846,MREID_0006846
6847,MREID_0006847
6848,MREID_0006849
6849,MREID_0006848
6850,MREID_0006850
6851,MREID_0006851
6852,MREID_0006852
6853,MREID_0006853
6854,MREID_0006854
6855,MREID_0006855
6856,MREID_0006856
6857,MREID_0006857
6858,MREID_0006858
6859,MREID_0006859
6860,MREID_0006860
6861,MREID_0006862
6862,MREID_0006861
6863,MREID_0006864
6864,MREID_0006863
6865,MREID_0006866
6866,MREID_0006865
6867,MREID_0006867
6868,MREID_0006868
6869,MREID_0006869
6870,MREID_0006870
6871,MREID_0006871
6872,MREID_0006872
6873,MREID_0006873
6874,MREID_0006874
6875,MREID_0006875
6876,MREID_0006876
6877,MREID_0006877
6878,MREID_0006879
6879,MREID_0006880
6880,MREID_0006878
6881,MREID_0006881
6882,MREID_0006882
6883,MREID_0006883
6884,MREID_0006884
6885,MREID_0006885
6886,MREID_0006886
6887,MREID_0006887
6888,MREID_0006888
6889,MREID_0006889
6890,MREID_0006890
6891,MREID_0006891
6892,MREID_0006892
6893,MREID_0006893
6894,MREID_0006894
6895,MREID_0006895
6896,MREID_0006896
6897,MREID_0006897
6898,MREID_0006898
6899,MREID_0006899
6900,MREID_0006900
6901,MREID_0006902
6902,MREID_0006901
6903,MREID_0006903
6904,MREID_0006904
6905,MREID_0006905
6906,MREID_0006906
6907,MREID_0006907
6908,MREID_0006908
6909,MREID_0006910
6910,MREID_0006909
6911,MREID_0006911
6912,MREID_0006912
6913,MREID_0006913
6914,MREID_0006914
6915,MREID_0006915
6916,MREID_0006916
6917,MREID_0006918
6918,MREID_0006917
6919,MREID_0006919
6920,MREID_0006920
6921,MREID_0006921
6922,MREID_0006922
6923,MREID_0006923
6924,MREID_0006924
6925,MREID_0006925
6926,MREID_0006926
6927,MREID_0006927
6928,MREID_0006928
6929,MREID_0006929
6930,MREID_0006930
6931,MREID_0006931
6932,MREID_0006932
6933,MREID_0006933
6934,MREID_0006934
6935,MREID_0006935
6936,MREID_0006936
6937,MREID_0006937
6938,MREID_0006938
6939,MREID_0006939
6940,MREID_0006940
6941,MREID_0006942
6942,MREID_0006941
6943,MREID_0006943
6944,MREID_0006944
6945,MREID_0006945
6946,MREID_0006946
6947,MREID_0006947
6948,MREID_0006948
6949,MREID_0006949
6950,MREID_0006950
6951,MREID_0006951
6952,MREID_0006952
6953,MREID_0006953
6954,MREID_0006954
6955,MREID_0006955
6956,MREID_0006956
6957,MREID_0006957
6958,MREID_0006958
6959,MREID_0006959
6960,MREID_0006960
6961,MREID_0006961
6962,MREID_0006962
6963,MREID_0006963
6964,MREID_0006964
6965,MREID_0006965
6966,MREID_0006966
6967,MREID_0006967
6968,MREID_0006968
6969,MREID_0006969
6970,MREID_0006970
6971,MREID_0006971
6972,MREID_0006972
6973,MREID_0006973
6974,MREID_0006974
6975,MREID_0006975
6976,MREID_0006976
6977,MREID_0006977
6978,MREID_0006978
6979,MREID_0006979
6980,MREID_0006981
6981,MREID_0006980
6982,MREID_0006983
6983,MREID_0006982
6984,MREID_0006984
6985,MREID_0006985
6986,MREID_0006986
6987,MREID_0006987
6988,MREID_0006988
6989,MREID_0006989
6990,MREID_0006990
6991,MREID_0006991
6992,MREID_0006992
6993,MREID_0006993
6994,MREID_0006994
6995,MREID_0006995
6996,MREID_0006996
6997,MREID_0006997
6998,MREID_0006998
6999,MREID_0006999
7000,MREID_0007000
7001,MREID_0007001
7002,MREID_0007002
7003,MREID_0007003
7004,MREID_0007004
7005,MREID_0007005
7006,MREID_0007006
7007,MREID_0007007
7008,MREID_0007008
7009,MREID_0007009
7010,MREID_0007010
7011,MREID_0007011
7012,MREID_0007012
7013,MREID_0007013
7014,MREID_0007014
7015,MREID_0007015
7016,MREID_0007016
7017,MREID_0007017
7018,MREID_0007018
7019,MREID_0007019
7020,MREID_0007020
7021,MREID_0007021
7022,MREID_0007022
7023,MREID_0007023
7024,MREID_0007024
7025,MREID_0007025
7026,MREID_0007026
7027,MREID_0007027
7028,MREID_0007028
7029,MREID_0007029
7030,MREID_0007030
7031,MREID_0007031
7032,MREID_0007032
7033,MREID_0007033
7034,MREID_0007034
7035,MREID_0007035
7036,MREID_0007036
7037,MREID_0007037
7038,MREID_0007038
7039,MREID_0007039
7040,MREID_0007040
7041,MREID_0007041
7042,MREID_0007042
7043,MREID_0007043
7044,MREID_0007044
7045,MREID_0007045
7046,MREID_0007046
7047,MREID_0007047
7048,MREID_0007048
7049,MREID_0007050
7050,MREID_0007049
7051,MREID_0007051
7052,MREID_0007052
7053,MREID_0007053
7054,MREID_0007054
7055,MREID_0007055
7056,MREID_0007056
7057,MREID_0007057
7058,MREID_0007058
7059,MREID_0007059
7060,MREID_0007060
7061,MREID_0007061
7062,MREID_0007062
7063,MREID_0007063
7064,MREID_0007064
7065,MREID_0007065
7066,MREID_0007066
7067,MREID_0007067
7068,MREID_0007068
7069,MREID_0007069
7070,MREID_0007070
7071,MREID_0007071
7072,MREID_0007072
7073,MREID_0007073
7074,MREID_0007074
7075,MREID_0007075
7076,MREID_0007076
7077,MREID_0007077
7078,MREID_0007078
7079,MREID_0007079
7080,MREID_0007080
7081,MREID_0007082
7082,MREID_0007081
7083,MREID_0007083
7084,MREID_0007084
7085,MREID_0007085
7086,MREID_0007086
7087,MREID_0007087
7088,MREID_0007088
7089,MREID_0007089
7090,MREID_0007090
7091,MREID_0007091
7092,MREID_0007093
7093,MREID_0007092
7094,MREID_0007094
7095,MREID_0007096
7096,MREID_0007095
7097,MREID_0007097
7098,MREID_0007098
7099,MREID_0007099
7100,MREID_0007100
7101,MREID_0007101
7102,MREID_0007102
7103,MREID_0007103
7104,MREID_0007104
7105,MREID_0007105
7106,MREID_0007106
7107,MREID_0007107
7108,MREID_0007108
7109,MREID_0007109
7110,MREID_0007110
7111,MREID_0007111
7112,MREID_0007112
7113,MREID_0007113
7114,MREID_0007114
7115,MREID_0007115
7116,MREID_0007116
7117,MREID_0007117
7118,MREID_0007118
7119,MREID_0007119
7120,MREID_0007120
7121,MREID_0007121
7122,MREID_0007122
7123,MREID_0007123
7124,MREID_0007125
7125,MREID_0007126
7126,MREID_0007124
7127,MREID_0007128
7128,MREID_0007127
7129,MREID_0007129
7130,MREID_0007130
7131,MREID_0007131
7132,MREID_0007132
7133,MREID_0007133
7134,MREID_0007134
7135,MREID_0007135
7136,MREID_0007136
7137,MREID_0007137
7138,MREID_0007138
7139,MREID_0007139
7140,MREID_0007140
7141,MREID_0007141
7142,MREID_0007142
7143,MREID_0007143
7144,MREID_0007145
7145,MREID_0007144
7146,MREID_0007146
7147,MREID_0007147
7148,MREID_0007148
7149,MREID_0007149
7150,MREID_0007151
7151,MREID_0007150
7152,MREID_0007152
7153,MREID_0007153
7154,MREID_0007154
7155,MREID_0007155
7156,MREID_0007156
7157,MREID_0007157
7158,MREID_0007158
7159,MREID_0007159
7160,MREID_0007160
7161,MREID_0007161
7162,MREID_0007162
7163,MREID_0007163
7164,MREID_0007164
7165,MREID_0007165
7166,MREID_0007166
7167,MREID_0007168
7168,MREID_0007167
7169,MREID_0007169
7170,MREID_0007170
7171,MREID_0007171
7172,MREID_0007172
7173,MREID_0007173
7174,MREID_0007174
7175,MREID_0007175
7176,MREID_0007176
7177,MREID_0007177
7178,MREID_0007178
7179,MREID_0007179
7180,MREID_0007180
7181,MREID_0007181
7182,MREID_0007182
7183,MREID_0007183
7184,MREID_0007184
7185,MREID_0007185
7186,MREID_0007186
7187,MREID_0007187
7188,MREID_0007189
7189,MREID_0007188
7190,MREID_0007190
7191,MREID_0007191
7192,MREID_0007192
7193,MREID_0007193
7194,MREID_0007194
7195,MREID_0007195
7196,MREID_0007196
7197,MREID_0007197
7198,MREID_0007198
7199,MREID_0007199
7200,MREID_0007200
7201,MREID_0007201
7202,MREID_0007202
7203,MREID_0007203
7204,MREID_0007204
7205,MREID_0007205
7206,MREID_0007206
7207,MREID_0007207
7208,MREID_0007208
7209,MREID_0007209
7210,MREID_0007210
7211,MREID_0007211
7212,MREID_0007212
7213,MREID_0007213
7214,MREID_0007214
7215,MREID_0007215
7216,MREID_0007216
7217,MREID_0007217
7218,MREID_0007218
7219,MREID_0007219
7220,MREID_0007220
7221,MREID_0007221
7222,MREID_0007222
7223,MREID_0007223
7224,MREID_0007224
7225,MREID_0007225
7226,MREID_0007226
7227,MREID_0007227
7228,MREID_0007228
7229,MREID_0007229
7230,MREID_0007230
7231,MREID_0007231
7232,MREID_0007232
7233,MREID_0007233
7234,MREID_0007235
7235,MREID_0007234
7236,MREID_0007237
7237,MREID_0007236
7238,MREID_0007238
7239,MREID_0007239
7240,MREID_0007240
7241,MREID_0007241
7242,MREID_0007242
7243,MREID_0007243
7244,MREID_0007244
7245,MREID_0007245
7246,MREID_0007246
7247,MREID_0007247
7248,MREID_0007248
7249,MREID_0007249
7250,MREID_0007250
7251,MREID_0007251
7252,MREID_0007252
7253,MREID_0007253
7254,MREID_0007254
7255,MREID_0007255
7256,MREID_0007256
7257,MREID_0007257
7258,MREID_0007258
7259,MREID_0007259
7260,MREID_0007260
7261,MREID_0007261
7262,MREID_0007262
7263,MREID_0007263
7264,MREID_0007264
7265,MREID_0007265
7266,MREID_0007266
7267,MREID_0007267
7268,MREID_0007268
7269,MREID_0007269
7270,MREID_0007270
7271,MREID_0007271
7272,MREID_0007272
7273,MREID_0007273
7274,MREID_0007274
7275,MREID_0007275
7276,MREID_0007276
7277,MREID_0007277
7278,MREID_0007278
7279,MREID_0007279
7280,MREID_0007280
7281,MREID_0007281
7282,MREID_0007282
7283,MREID_0007283
7284,MREID_0007284
7285,MREID_0007285
7286,MREID_0007286
7287,MREID_0007287
7288,MREID_0007288
7289,MREID_0007289
7290,MREID_0007290
7291,MREID_0007291
7292,MREID_0007292
7293,MREID_0007293
7294,MREID_0007294
7295,MREID_0007295
7296,MREID_0007296
7297,MREID_0007297
7298,MREID_0007298
7299,MREID_0007299
7300,MREID_0007300
7301,MREID_0007301
7302,MREID_0007302
7303,MREID_0007303
7304,MREID_0007304
7305,MREID_0007305
7306,MREID_0007306
7307,MREID_0007308
7308,MREID_0007307
7309,MREID_0007309
7310,MREID_0007310
7311,MREID_0007311
7312,MREID_0007312
7313,MREID_0007314
7314,MREID_0007313
7315,MREID_0007315
7316,MREID_0007316
7317,MREID_0007317
7318,MREID_0007318
7319,MREID_0007319
7320,MREID_0007320
7321,MREID_0007321
7322,MREID_0007322
7323,MREID_0007323
7324,MREID_0007324
7325,MREID_0007325
7326,MREID_0007326
7327,MREID_0007327
7328,MREID_0007328
7329,MREID_0007329
7330,MREID_0007330
7331,MREID_0007331
7332,MREID_0007332
7333,MREID_0007333
7334,MREID_0007334
7335,MREID_0007335
7336,MREID_0007336
7337,MREID_0007337
7338,MREID_0007338
7339,MREID_0007339
7340,MREID_0007341
7341,MREID_0007340
7342,MREID_0007342
7343,MREID_0007343
7344,MREID_0007344
7345,MREID_0007345
7346,MREID_0007346
7347,MREID_0007347
7348,MREID_0007348
7349,MREID_0007349
7350,MREID_0007350
7351,MREID_0007351
7352,MREID_0007352
7353,MREID_0007353
7354,MREID_0007354
7355,MREID_0007355
7356,MREID_0007356
7357,MREID_0007357
7358,MREID_0007358
7359,MREID_0007359
7360,MREID_0007360
7361,MREID_0007361
7362,MREID_0007362
7363,MREID_0007363
7364,MREID_0007364
7365,MREID_0007365
7366,MREID_0007366
7367,MREID_0007367
7368,MREID_0007368
7369,MREID_0007369
7370,MREID_0007370
7371,MREID_0007371
7372,MREID_0007372
7373,MREID_0007373
7374,MREID_0007374
7375,MREID_0007375
7376,MREID_0007376
7377,MREID_0007377
7378,MREID_0007379
7379,MREID_0007378
7380,MREID_0007380
7381,MREID_0007381
7382,MREID_0007382
7383,MREID_0007383
7384,MREID_0007384
7385,MREID_0007386
7386,MREID_0007385
7387,MREID_0007387
7388,MREID_0007388
7389,MREID_0007389
7390,MREID_0007390
7391,MREID_0007391
7392,MREID_0007392
7393,MREID_0007393
7394,MREID_0007394
7395,MREID_0007395
7396,MREID_0007396
7397,MREID_0007397
7398,MREID_0007398
7399,MREID_0007399
7400,MREID_0007400
7401,MREID_0007401
7402,MREID_0007402
7403,MREID_0007403
7404,MREID_0007404
7405,MREID_0007405
7406,MREID_0007406
7407,MREID_0007407
7408,MREID_0007408
7409,MREID_0007409
7410,MREID_0007410
7411,MREID_0007411
7412,MREID_0007412
7413,MREID_0007413
7414,MREID_0007414
7415,MREID_0007415
7416,MREID_0007416
7417,MREID_0007417
7418,MREID_0007418
7419,MREID_0007419
7420,MREID_0007420
7421,MREID_0007421
7422,MREID_0007422
7423,MREID_0007423
7424,MREID_0007424
7425,MREID_0007425
7426,MREID_0007426
7427,MREID_0007427
7428,MREID_0007428
7429,MREID_0007429
7430,MREID_0007430
7431,MREID_0007431
7432,MREID_0007432
7433,MREID_0007433
7434,MREID_0007434
7435,MREID_0007435
7436,MREID_0007436
7437,MREID_0007437
7438,MREID_0007438
7439,MREID_0007439
7440,MREID_0007440
7441,MREID_0007441
7442,MREID_0007442
7443,MREID_0007443
7444,MREID_0007444
7445,MREID_0007445
7446,MREID_0007446
7447,MREID_0007447
7448,MREID_0007448
7449,MREID_0007449
7450,MREID_0007450
7451,MREID_0007451
7452,MREID_0007452
7453,MREID_0007453
7454,MREID_0007454
7455,MREID_0007455
7456,MREID_0007456
7457,MREID_0007457
7458,MREID_0007458
7459,MREID_0007459
7460,MREID_0007460
7461,MREID_0007461
7462,MREID_0007462
7463,MREID_0007463
7464,MREID_0007464
7465,MREID_0007465
7466,MREID_0007466
7467,MREID_0007467
7468,MREID_0007468
7469,MREID_0007469
7470,MREID_0007470
7471,MREID_0007471
7472,MREID_0007472
7473,MREID_0007473
7474,MREID_0007474
7475,MREID_0007475
7476,MREID_0007476
7477,MREID_0007477
7478,MREID_0007478
7479,MREID_0007479
7480,MREID_0007480
7481,MREID_0007481
7482,MREID_0007482
7483,MREID_0007483
7484,MREID_0007484
7485,MREID_0007485
7486,MREID_0007486
7487,MREID_0007487
7488,MREID_0007488
7489,MREID_0007489
7490,MREID_0007490
7491,MREID_0007491
7492,MREID_0007492
7493,MREID_0007494
7494,MREID_0007493
7495,MREID_0007495
7496,MREID_0007496
7497,MREID_0007497
7498,MREID_0007498
7499,MREID_0007499
7500,MREID_0007500
7501,MREID_0007501
7502,MREID_0007502
7503,MREID_0007503
7504,MREID_0007504
7505,MREID_0007505
7506,MREID_0007506
7507,MREID_0007507
7508,MREID_0007508
7509,MREID_0007509
7510,MREID_0007510
7511,MREID_0007512
7512,MREID_0007511
7513,MREID_0007513
7514,MREID_0007514
7515,MREID_0007515
7516,MREID_0007519
7517,MREID_0007517
7518,MREID_0007516
7519,MREID_0007518
7520,MREID_0007521
7521,MREID_0007520
7522,MREID_0007522
7523,MREID_0007523
7524,MREID_0007524
7525,MREID_0007526
7526,MREID_0007525
7527,MREID_0007528
7528,MREID_0007527
7529,MREID_0007529
7530,MREID_0007530
7531,MREID_0007531
7532,MREID_0007532
7533,MREID_0007533
7534,MREID_0007534
7535,MREID_0007536
7536,MREID_0007535
7537,MREID_0007537
7538,MREID_0007538
7539,MREID_0007539
7540,MREID_0007540
7541,MREID_0007541
7542,MREID_0007542
7543,MREID_0007543
7544,MREID_0007544
7545,MREID_0007545
7546,MREID_0007546
7547,MREID_0007547
7548,MREID_0007548
7549,MREID_0007550
7550,MREID_0007549
7551,MREID_0007551
7552,MREID_0007552
7553,MREID_0007553
7554,MREID_0007554
7555,MREID_0007555
7556,MREID_0007556
7557,MREID_0007557
7558,MREID_0007559
7559,MREID_0007558
7560,MREID_0007560
7561,MREID_0007561
7562,MREID_0007562
7563,MREID_0007563
7564,MREID_0007564
7565,MREID_0007565
7566,MREID_0007567
7567,MREID_0007566
7568,MREID_0007568
7569,MREID_0007569
7570,MREID_0007570
7571,MREID_0007571
7572,MREID_0007572
7573,MREID_0007573
7574,MREID_0007574
7575,MREID_0007575
7576,MREID_0007576
7577,MREID_0007577
7578,MREID_0007578
7579,MREID_0007579
7580,MREID_0007580
7581,MREID_0007581
7582,MREID_0007582
7583,MREID_0007583
7584,MREID_0007584
7585,MREID_0007585
7586,MREID_0007586
7587,MREID_0007587
7588,MREID_0007588
7589,MREID_0007590
7590,MREID_0007589
7591,MREID_0007591
7592,MREID_0007592
7593,MREID_0007593
7594,MREID_0007594
7595,MREID_0007595
7596,MREID_0007598
7597,MREID_0007596
7598,MREID_0007597
7599,MREID_0007599
7600,MREID_0007600
7601,MREID_0007601
7602,MREID_0007602
7603,MREID_0007603
7604,MREID_0007604
7605,MREID_0007605
7606,MREID_0007606
7607,MREID_0007607
7608,MREID_0007608
7609,MREID_0007609
7610,MREID_0007610
7611,MREID_0007611
7612,MREID_0007612
7613,MREID_0007613
7614,MREID_0007614
7615,MREID_0007615
7616,MREID_0007616
7617,MREID_0007617
7618,MREID_0007618
7619,MREID_0007619
7620,MREID_0007620
7621,MREID_0007621
7622,MREID_0007622
7623,MREID_0007623
7624,MREID_0007624
7625,MREID_0007625
7626,MREID_0007626
7627,MREID_0007627
7628,MREID_0007628
7629,MREID_0007629
7630,MREID_0007630
7631,MREID_0007631
7632,MREID_0007632
7633,MREID_0007633
7634,MREID_0007634
7635,MREID_0007635
7636,MREID_0007636
7637,MREID_0007637
7638,MREID_0007638
7639,MREID_0007639
7640,MREID_0007640
7641,MREID_0007641
7642,MREID_0007642
7643,MREID_0007643
7644,MREID_0007644
7645,MREID_0007645
7646,MREID_0007646
7647,MREID_0007647
7648,MREID_0007648
7649,MREID_0007649
7650,MREID_0007650
7651,MREID_0007651
7652,MREID_0007652
7653,MREID_0007653
7654,MREID_0007654
7655,MREID_0007655
7656,MREID_0007656
7657,MREID_0007657
7658,MREID_0007658
7659,MREID_0007659
7660,MREID_0007660
7661,MREID_0007661
7662,MREID_0007662
7663,MREID_0007663
7664,MREID_0007664
7665,MREID_0007665
7666,MREID_0007666
7667,MREID_0007667
7668,MREID_0007668
7669,MREID_0007669
7670,MREID_0007670
7671,MREID_0007671
7672,MREID_0007672
7673,MREID_0007673
7674,MREID_0007674
7675,MREID_0007675
7676,MREID_0007676
7677,MREID_0007677
7678,MREID_0007679
7679,MREID_0007678
7680,MREID_0007680
7681,MREID_0007681
7682,MREID_0007682
7683,MREID_0007683
7684,MREID_0007684
7685,MREID_0007685
7686,MREID_0007686
7687,MREID_0007687
7688,MREID_0007688
7689,MREID_0007689
7690,MREID_0007690
7691,MREID_0007691
7692,MREID_0007692
7693,MREID_0007694
7694,MREID_0007693
7695,MREID_0007695
7696,MREID_0007696
7697,MREID_0007697
7698,MREID_0007698
7699,MREID_0007699
7700,MREID_0007700
7701,MREID_0007701
7702,MREID_0007702
7703,MREID_0007703
7704,MREID_0007704
7705,MREID_0007705
7706,MREID_0007706
7707,MREID_0007707
7708,MREID_0007708
7709,MREID_0007709
7710,MREID_0007710
7711,MREID_0007711
7712,MREID_0007712
7713,MREID_0007713
7714,MREID_0007714
7715,MREID_0007715
7716,MREID_0007716
7717,MREID_0007717
7718,MREID_0007718
7719,MREID_0007719
7720,MREID_0007720
7721,MREID_0007721
7722,MREID_0007722
7723,MREID_0007723
7724,MREID_0007724
7725,MREID_0007725
7726,MREID_0007727
7727,MREID_0007726
7728,MREID_0007728
7729,MREID_0007729
7730,MREID_0007730
7731,MREID_0007731
7732,MREID_0007732
7733,MREID_0007733
7734,MREID_0007734
7735,MREID_0007735
7736,MREID_0007736
7737,MREID_0007737
7738,MREID_0007738
7739,MREID_0007739
7740,MREID_0007740
7741,MREID_0007741
7742,MREID_0007742
7743,MREID_0007743
7744,MREID_0007744
7745,MREID_0007745
7746,MREID_0007746
7747,MREID_0007747
7748,MREID_0007748
7749,MREID_0007749
7750,MREID_0007751
7751,MREID_0007750
7752,MREID_0007752
7753,MREID_0007753
7754,MREID_0007754
7755,MREID_0007755
7756,MREID_0007756
7757,MREID_0007757
7758,MREID_0007758
7759,MREID_0007759
7760,MREID_0007760
7761,MREID_0007761
7762,MREID_0007762
7763,MREID_0007763
7764,MREID_0007764
7765,MREID_0007765
7766,MREID_0007766
7767,MREID_0007767
7768,MREID_0007768
7769,MREID_0007769
7770,MREID_0007770
7771,MREID_0007771
7772,MREID_0007772
7773,MREID_0007773
7774,MREID_0007774
7775,MREID_0007775
7776,MREID_0007776
7777,MREID_0007777
7778,MREID_0007778
7779,MREID_0007779
7780,MREID_0007780
7781,MREID_0007781
7782,MREID_0007782
7783,MREID_0007783
7784,MREID_0007784
7785,MREID_0007785
7786,MREID_0007786
7787,MREID_0007787
7788,MREID_0007788
7789,MREID_0007789
7790,MREID_0007790
7791,MREID_0007791
7792,MREID_0007792
7793,MREID_0007793
7794,MREID_0007794
7795,MREID_0007795
7796,MREID_0007796
7797,MREID_0007797
7798,MREID_0007798
7799,MREID_0007799
7800,MREID_0007801
7801,MREID_0007800
7802,MREID_0007802
7803,MREID_0007803
7804,MREID_0007804
7805,MREID_0007805
7806,MREID_0007806
7807,MREID_0007807
7808,MREID_0007808
7809,MREID_0007809
7810,MREID_0007810
7811,MREID_0007811
7812,MREID_0007812
7813,MREID_0007814
7814,MREID_0007813
7815,MREID_0007815
7816,MREID_0007816
7817,MREID_0007817
7818,MREID_0007818
7819,MREID_0007819
7820,MREID_0007820
7821,MREID_0007821
7822,MREID_0007822
7823,MREID_0007823
7824,MREID_0007824
7825,MREID_0007825
7826,MREID_0007826
7827,MREID_0007827
7828,MREID_0007828
7829,MREID_0007830
7830,MREID_0007829
7831,MREID_0007831
7832,MREID_0007832
7833,MREID_0007833
7834,MREID_0007834
7835,MREID_0007835
7836,MREID_0007836
7837,MREID_0007837
7838,MREID_0007838
7839,MREID_0007839
7840,MREID_0007840
7841,MREID_0007841
7842,MREID_0007842
7843,MREID_0007843
7844,MREID_0007844
7845,MREID_0007845
7846,MREID_0007846
7847,MREID_0007847
7848,MREID_0007848
7849,MREID_0007849
7850,MREID_0007850
7851,MREID_0007851
7852,MREID_0007852
7853,MREID_0007853
7854,MREID_0007854
7855,MREID_0007855
7856,MREID_0007856
7857,MREID_0007857
7858,MREID_0007858
7859,MREID_0007859
7860,MREID_0007860
7861,MREID_0007861
7862,MREID_0007862
7863,MREID_0007863
7864,MREID_0007864
7865,MREID_0007865
7866,MREID_0007866
7867,MREID_0007868
7868,MREID_0007867
7869,MREID_0007869
7870,MREID_0007870
7871,MREID_0007871
7872,MREID_0007872
7873,MREID_0007873
7874,MREID_0007874
7875,MREID_0007875
7876,MREID_0007876
7877,MREID_0007877
7878,MREID_0007878
7879,MREID_0007879
7880,MREID_0007880
7881,MREID_0007881
7882,MREID_0007882
7883,MREID_0007883
7884,MREID_0007884
7885,MREID_0007885
7886,MREID_0007886
7887,MREID_0007887
7888,MREID_0007888
7889,MREID_0007889
7890,MREID_0007890
7891,MREID_0007891
7892,MREID_0007892
7893,MREID_0007893
7894,MREID_0007894
7895,MREID_0007895
7896,MREID_0007896
7897,MREID_0007897
7898,MREID_0007898
7899,MREID_0007899
7900,MREID_0007900
7901,MREID_0007901
7902,MREID_0007902
7903,MREID_0007903
7904,MREID_0007904
7905,MREID_0007905
7906,MREID_0007908
7907,MREID_0007906
7908,MREID_0007907
7909,MREID_0007909
7910,MREID_0007910
7911,MREID_0007911
7912,MREID_0007912
7913,MREID_0007913
7914,MREID_0007914
7915,MREID_0007915
7916,MREID_0007916
7917,MREID_0007917
7918,MREID_0007918
7919,MREID_0007919
7920,MREID_0007920
7921,MREID_0007921
7922,MREID_0007922
7923,MREID_0007923
7924,MREID_0007924
7925,MREID_0007926
7926,MREID_0007925
7927,MREID_0007927
7928,MREID_0007928
7929,MREID_0007929
7930,MREID_0007930
7931,MREID_0007931
7932,MREID_0007932
7933,MREID_0007933
7934,MREID_0007934
7935,MREID_0007935
7936,MREID_0007936
7937,MREID_0007937
7938,MREID_0007938
7939,MREID_0007939
7940,MREID_0007940
7941,MREID_0007941
7942,MREID_0007942
7943,MREID_0007943
7944,MREID_0007944
7945,MREID_0007945
7946,MREID_0007946
7947,MREID_0007947
7948,MREID_0007948
7949,MREID_0007949
7950,MREID_0007950
7951,MREID_0007951
7952,MREID_0007952
7953,MREID_0007953
7954,MREID_0007954
7955,MREID_0007955
7956,MREID_0007956
7957,MREID_0007957
7958,MREID_0007958
7959,MREID_0007959
7960,MREID_0007960
7961,MREID_0007961
7962,MREID_0007962
7963,MREID_0007963
7964,MREID_0007964
7965,MREID_0007965
7966,MREID_0007966
7967,MREID_0007967
7968,MREID_0007968
7969,MREID_0007969
7970,MREID_0007970
7971,MREID_0007971
7972,MREID_0007972
7973,MREID_0007973
7974,MREID_0007974
7975,MREID_0007976
7976,MREID_0007975
7977,MREID_0007977
7978,MREID_0007978
7979,MREID_0007979
7980,MREID_0007980
7981,MREID_0007981
7982,MREID_0007982
7983,MREID_0007983
7984,MREID_0007984
7985,MREID_0007985
7986,MREID_0007986
7987,MREID_0007988
7988,MREID_0007989
7989,MREID_0007987
7990,MREID_0007990
7991,MREID_0007991
7992,MREID_0007992
7993,MREID_0007993
7994,MREID_0007996
7995,MREID_0007994
7996,MREID_0007995
7997,MREID_0007998
7998,MREID_0007997
7999,MREID_0007999
8000,MREID_0008000
8001,MREID_0008001
8002,MREID_0008002
8003,MREID_0008003
8004,MREID_0008004
8005,MREID_0008005
8006,MREID_0008006
8007,MREID_0008007
8008,MREID_0008008
8009,MREID_0008009
8010,MREID_0008010
8011,MREID_0008011
8012,MREID_0008012
8013,MREID_0008013
8014,MREID_0008014
8015,MREID_0008015
8016,MREID_0008016
8017,MREID_0008017
8018,MREID_0008018
8019,MREID_0008019
8020,MREID_0008020
8021,MREID_0008021
8022,MREID_0008022
8023,MREID_0008023
8024,MREID_0008024
8025,MREID_0008025
8026,MREID_0008026
8027,MREID_0008027
8028,MREID_0008028
8029,MREID_0008029
8030,MREID_0008030
8031,MREID_0008031
8032,MREID_0008032
8033,MREID_0008033
8034,MREID_0008034
8035,MREID_0008035
8036,MREID_0008036
8037,MREID_0008037
8038,MREID_0008038
8039,MREID_0008039
8040,MREID_0008040
8041,MREID_0008041
8042,MREID_0008042
8043,MREID_0008043
8044,MREID_0008044
8045,MREID_0008045
8046,MREID_0008046
8047,MREID_0008047
8048,MREID_0008049
8049,MREID_0008048
8050,MREID_0008050
8051,MREID_0008051
8052,MREID_0008052
8053,MREID_0008053
8054,MREID_0008054
8055,MREID_0008055
8056,MREID_0008056
8057,MREID_0008057
8058,MREID_0008058
8059,MREID_0008059
8060,MREID_0008060
8061,MREID_0008061
8062,MREID_0008062
8063,MREID_0008064
8064,MREID_0008063
8065,MREID_0008065
8066,MREID_0008066
8067,MREID_0008067
8068,MREID_0008068
8069,MREID_0008069
8070,MREID_0008070
8071,MREID_0008071
8072,MREID_0008072
8073,MREID_0008073
8074,MREID_0008074
8075,MREID_0008075
8076,MREID_0008076
8077,MREID_0008077
8078,MREID_0008079
8079,MREID_0008078
8080,MREID_0008080
8081,MREID_0008081
8082,MREID_0008082
8083,MREID_0008083
8084,MREID_0008084
8085,MREID_0008085
8086,MREID_0008086
8087,MREID_0008087
8088,MREID_0008088
8089,MREID_0008089
8090,MREID_0008090
8091,MREID_0008091
8092,MREID_0008092
8093,MREID_0008093
8094,MREID_0008094
8095,MREID_0008095
8096,MREID_0008097
8097,MREID_0008096
8098,MREID_0008098
8099,MREID_0008099
8100,MREID_0008100
8101,MREID_0008101
8102,MREID_0008102
8103,MREID_0008103
8104,MREID_0008104
8105,MREID_0008105
8106,MREID_0008106
8107,MREID_0008107
8108,MREID_0008108
8109,MREID_0008109
8110,MREID_0008110
8111,MREID_0008111
8112,MREID_0008112
8113,MREID_0008113
8114,MREID_0008114
8115,MREID_0008115
8116,MREID_0008116
8117,MREID_0008117
8118,MREID_0008118
8119,MREID_0008119
8120,MREID_0008120
8121,MREID_0008121
8122,MREID_0008122
8123,MREID_0008123
8124,MREID_0008124
8125,MREID_0008125
8126,MREID_0008126
8127,MREID_0008127
8128,MREID_0008128
8129,MREID_0008129
8130,MREID_0008131
8131,MREID_0008130
8132,MREID_0008132
8133,MREID_0008133
8134,MREID_0008134
8135,MREID_0008135
8136,MREID_0008136
8137,MREID_0008137
8138,MREID_0008138
8139,MREID_0008139
8140,MREID_0008140
8141,MREID_0008141
8142,MREID_0008142
8143,MREID_0008143
8144,MREID_0008144
8145,MREID_0008145
8146,MREID_0008146
8147,MREID_0008147
8148,MREID_0008148
8149,MREID_0008149
8150,MREID_0008150
8151,MREID_0008151
8152,MREID_0008152
8153,MREID_0008153
8154,MREID_0008154
8155,MREID_0008155
8156,MREID_0008156
8157,MREID_0008157
8158,MREID_0008158
8159,MREID_0008159
8160,MREID_0008160
8161,MREID_0008161
8162,MREID_0008162
8163,MREID_0008163
8164,MREID_0008164
8165,MREID_0008165
8166,MREID_0008167
8167,MREID_0008166
8168,MREID_0008168
8169,MREID_0008169
8170,MREID_0008170
8171,MREID_0008171
8172,MREID_0008172
8173,MREID_0008173
8174,MREID_0008174
8175,MREID_0008175
8176,MREID_0008176
8177,MREID_0008177
8178,MREID_0008178
8179,MREID_0008179
8180,MREID_0008180
8181,MREID_0008181
8182,MREID_0008182
8183,MREID_0008183
8184,MREID_0008184
8185,MREID_0008185
8186,MREID_0008186
8187,MREID_0008187
8188,MREID_0008189
8189,MREID_0008188
8190,MREID_0008191
8191,MREID_0008190
8192,MREID_0008192
8193,MREID_0008193
8194,MREID_0008194
8195,MREID_0008195
8196,MREID_0008196
8197,MREID_0008197
8198,MREID_0008198
8199,MREID_0008199
8200,MREID_0008200
8201,MREID_0008201
8202,MREID_0008202
8203,MREID_0008203
8204,MREID_0008204
8205,MREID_0008205
8206,MREID_0008206
8207,MREID_0008207
8208,MREID_0008208
8209,MREID_0008209
8210,MREID_0008210
8211,MREID_0008211
8212,MREID_0008212
8213,MREID_0008213
8214,MREID_0008215
8215,MREID_0008214
8216,MREID_0008216
8217,MREID_0008217
8218,MREID_0008219
8219,MREID_0008218
8220,MREID_0008220
8221,MREID_0008221
8222,MREID_0008222
8223,MREID_0008223
8224,MREID_0008224
8225,MREID_0008225
8226,MREID_0008226
8227,MREID_0008227
8228,MREID_0008228
8229,MREID_0008229
8230,MREID_0008230
8231,MREID_0008231
8232,MREID_0008232
8233,MREID_0008233
8234,MREID_0008234
8235,MREID_0008235
8236,MREID_0008236
8237,MREID_0008237
8238,MREID_0008238
8239,MREID_0008239
8240,MREID_0008240
8241,MREID_0008241
8242,MREID_0008242
8243,MREID_0008243
8244,MREID_0008244
8245,MREID_0008245
8246,MREID_0008246
8247,MREID_0008247
8248,MREID_0008248
8249,MREID_0008249
8250,MREID_0008250
8251,MREID_0008251
8252,MREID_0008252
8253,MREID_0008253
8254,MREID_0008254
8255,MREID_0008255
8256,MREID_0008256
8257,MREID_0008257
8258,MREID_0008258
8259,MREID_0008260
8260,MREID_0008259
8261,MREID_0008261
8262,MREID_0008262
8263,MREID_0008263
8264,MREID_0008264
8265,MREID_0008265
8266,MREID_0008266
8267,MREID_0008267
8268,MREID_0008268
8269,MREID_0008269
8270,MREID_0008270
8271,MREID_0008271
8272,MREID_0008272
8273,MREID_0008273
8274,MREID_0008274
8275,MREID_0008275
8276,MREID_0008276
8277,MREID_0008277
8278,MREID_0008278
8279,MREID_0008279
8280,MREID_0008280
8281,MREID_0008281
8282,MREID_0008282
8283,MREID_0008283
8284,MREID_0008284
8285,MREID_0008285
8286,MREID_0008286
8287,MREID_0008287
8288,MREID_0008288
8289,MREID_0008290
8290,MREID_0008289
8291,MREID_0008291
8292,MREID_0008292
8293,MREID_0008293
8294,MREID_0008294
8295,MREID_0008295
8296,MREID_0008296
8297,MREID_0008297
8298,MREID_0008298
8299,MREID_0008299
8300,MREID_0008300
8301,MREID_0008301
8302,MREID_0008302
8303,MREID_0008303
8304,MREID_0008304
8305,MREID_0008305
8306,MREID_0008306
8307,MREID_0008307
8308,MREID_0008308
8309,MREID_0008309
8310,MREID_0008310
8311,MREID_0008311
8312,MREID_0008312
8313,MREID_0008313
8314,MREID_0008314
8315,MREID_0008315
8316,MREID_0008316
8317,MREID_0008317
8318,MREID_0008318
8319,MREID_0008319
8320,MREID_0008320
8321,MREID_0008321
8322,MREID_0008322
8323,MREID_0008323
8324,MREID_0008324
8325,MREID_0008326
8326,MREID_0008325
8327,MREID_0008327
8328,MREID_0008328
8329,MREID_0008329
8330,MREID_0008330
8331,MREID_0008331
8332,MREID_0008332
8333,MREID_0008333
8334,MREID_0008334
8335,MREID_0008335
8336,MREID_0008336
8337,MREID_0008337
8338,MREID_0008338
8339,MREID_0008339
8340,MREID_0008340
8341,MREID_0008342
8342,MREID_0008341
8343,MREID_0008343
8344,MREID_0008344
8345,MREID_0008345
8346,MREID_0008346
8347,MREID_0008347
8348,MREID_0008348
8349,MREID_0008349
8350,MREID_0008350
8351,MREID_0008351
8352,MREID_0008352
8353,MREID_0008353
8354,MREID_0008354
8355,MREID_0008356
8356,MREID_0008355
8357,MREID_0008357
8358,MREID_0008358
8359,MREID_0008359
8360,MREID_0008360
8361,MREID_0008361
8362,MREID_0008362
8363,MREID_0008363
8364,MREID_0008364
8365,MREID_0008365
8366,MREID_0008366
8367,MREID_0008367
8368,MREID_0008368
8369,MREID_0008369
8370,MREID_0008370
8371,MREID_0008371
8372,MREID_0008372
8373,MREID_0008373
8374,MREID_0008374
8375,MREID_0008375
8376,MREID_0008376
8377,MREID_0008377
8378,MREID_0008378
8379,MREID_0008379
8380,MREID_0008380
8381,MREID_0008381
8382,MREID_0008382
8383,MREID_0008383
8384,MREID_0008384
8385,MREID_0008385
8386,MREID_0008386
8387,MREID_0008387
8388,MREID_0008388
8389,MREID_0008389
8390,MREID_0008390
8391,MREID_0008391
8392,MREID_0008392
8393,MREID_0008393
8394,MREID_0008394
8395,MREID_0008395
8396,MREID_0008396
8397,MREID_0008397
8398,MREID_0008398
8399,MREID_0008399
8400,MREID_0008400
8401,MREID_0008401
8402,MREID_0008402
8403,MREID_0008403
8404,MREID_0008404
8405,MREID_0008405
8406,MREID_0008406
8407,MREID_0008407
8408,MREID_0008408
8409,MREID_0008410
8410,MREID_0008409
8411,MREID_0008411
8412,MREID_0008412
8413,MREID_0008413
8414,MREID_0008414
8415,MREID_0008416
8416,MREID_0008415
8417,MREID_0008418
8418,MREID_0008417
8419,MREID_0008419
8420,MREID_0008420
8421,MREID_0008421
8422,MREID_0008422
8423,MREID_0008423
8424,MREID_0008424
8425,MREID_0008425
8426,MREID_0008426
8427,MREID_0008427
8428,MREID_0008428
8429,MREID_0008429
8430,MREID_0008430
8431,MREID_0008431
8432,MREID_0008432
8433,MREID_0008433
8434,MREID_0008434
8435,MREID_0008435
8436,MREID_0008436
8437,MREID_0008437
8438,MREID_0008438
8439,MREID_0008439
8440,MREID_0008440
8441,MREID_0008441
8442,MREID_0008442
8443,MREID_0008443
8444,MREID_0008444
8445,MREID_0008445
8446,MREID_0008446
8447,MREID_0008447
8448,MREID_0008448
8449,MREID_0008449
8450,MREID_0008450
8451,MREID_0008451
8452,MREID_0008452
8453,MREID_0008453
8454,MREID_0008454
8455,MREID_0008455
8456,MREID_0008456
8457,MREID_0008458
8458,MREID_0008457
8459,MREID_0008459
8460,MREID_0008460
8461,MREID_0008461
8462,MREID_0008462
8463,MREID_0008463
8464,MREID_0008464
8465,MREID_0008465
8466,MREID_0008466
8467,MREID_0008467
8468,MREID_0008468
8469,MREID_0008469
8470,MREID_0008470
8471,MREID_0008471
8472,MREID_0008472
8473,MREID_0008473
8474,MREID_0008474
8475,MREID_0008475
8476,MREID_0008476
8477,MREID_0008478
8478,MREID_0008477
8479,MREID_0008479
8480,MREID_0008480
8481,MREID_0008481
8482,MREID_0008482
8483,MREID_0008483
8484,MREID_0008484
8485,MREID_0008485
8486,MREID_0008486
8487,MREID_0008487
8488,MREID_0008488
8489,MREID_0008489
8490,MREID_0008490
8491,MREID_0008491
8492,MREID_0008492
8493,MREID_0008493
8494,MREID_0008494
8495,MREID_0008495
8496,MREID_0008496
8497,MREID_0008497
8498,MREID_0008499
8499,MREID_0008498
8500,MREID_0008500
8501,MREID_0008501
8502,MREID_0008502
8503,MREID_0008503
8504,MREID_0008504
8505,MREID_0008505
8506,MREID_0008506
8507,MREID_0008507
8508,MREID_0008508
8509,MREID_0008510
8510,MREID_0008509
8511,MREID_0008511
8512,MREID_0008512
8513,MREID_0008513
8514,MREID_0008514
8515,MREID_0008515
8516,MREID_0008516
8517,MREID_0008517
8518,MREID_0008518
8519,MREID_0008519
8520,MREID_0008520
8521,MREID_0008521
8522,MREID_0008522
8523,MREID_0008523
8524,MREID_0008524
8525,MREID_0008525
8526,MREID_0008526
8527,MREID_0008527
8528,MREID_0008528
8529,MREID_0008529
8530,MREID_0008530
8531,MREID_0008531
8532,MREID_0008532
8533,MREID_0008533
8534,MREID_0008534
8535,MREID_0008535
8536,MREID_0008536
8537,MREID_0008537
8538,MREID_0008538
8539,MREID_0008539
8540,MREID_0008540
8541,MREID_0008541
8542,MREID_0008542
8543,MREID_0008543
8544,MREID_0008544
8545,MREID_0008545
8546,MREID_0008546
8547,MREID_0008547
8548,MREID_0008548
8549,MREID_0008549
8550,MREID_0008550
8551,MREID_0008551
8552,MREID_0008552
8553,MREID_0008553
8554,MREID_0008554
8555,MREID_0008555
8556,MREID_0008556
8557,MREID_0008557
8558,MREID_0008558
8559,MREID_0008559
8560,MREID_0008560
8561,MREID_0008561
8562,MREID_0008562
8563,MREID_0008563
8564,MREID_0008564
8565,MREID_0008566
8566,MREID_0008565
8567,MREID_0008567
8568,MREID_0008568
8569,MREID_0008569
8570,MREID_0008570
8571,MREID_0008571
8572,MREID_0008573
8573,MREID_0008572
8574,MREID_0008574
8575,MREID_0008575
8576,MREID_0008576
8577,MREID_0008577
8578,MREID_0008578
8579,MREID_0008579
8580,MREID_0008580
8581,MREID_0008582
8582,MREID_0008581
8583,MREID_0008583
8584,MREID_0008584
8585,MREID_0008585
8586,MREID_0008586
8587,MREID_0008587
8588,MREID_0008588
8589,MREID_0008589
8590,MREID_0008590
8591,MREID_0008591
8592,MREID_0008592
8593,MREID_0008593
8594,MREID_0008594
8595,MREID_0008596
8596,MREID_0008595
8597,MREID_0008597
8598,MREID_0008598
8599,MREID_0008599
8600,MREID_0008600
8601,MREID_0008601
8602,MREID_0008602
8603,MREID_0008603
8604,MREID_0008604
8605,MREID_0008605
8606,MREID_0008606
8607,MREID_0008607
8608,MREID_0008608
8609,MREID_0008609
8610,MREID_0008610
8611,MREID_0008612
8612,MREID_0008611
8613,MREID_0008613
8614,MREID_0008614
8615,MREID_0008615
8616,MREID_0008616
8617,MREID_0008617
8618,MREID_0008618
8619,MREID_0008619
8620,MREID_0008620
8621,MREID_0008621
8622,MREID_0008622
8623,MREID_0008623
8624,MREID_0008624
8625,MREID_0008625
8626,MREID_0008626
8627,MREID_0008627
8628,MREID_0008629
8629,MREID_0008628
8630,MREID_0008630
8631,MREID_0008631
8632,MREID_0008632
8633,MREID_0008633
8634,MREID_0008634
8635,MREID_0008635
8636,MREID_0008636
8637,MREID_0008637
8638,MREID_0008638
8639,MREID_0008639
8640,MREID_0008640
8641,MREID_0008641
8642,MREID_0008642
8643,MREID_0008643
8644,MREID_0008644
8645,MREID_0008645
8646,MREID_0008646
8647,MREID_0008647
8648,MREID_0008648
8649,MREID_0008650
8650,MREID_0008649
8651,MREID_0008651
8652,MREID_0008652
8653,MREID_0008653
8654,MREID_0008654
8655,MREID_0008655
8656,MREID_0008656
8657,MREID_0008657
8658,MREID_0008658
8659,MREID_0008659
8660,MREID_0008660
8661,MREID_0008661
8662,MREID_0008662
8663,MREID_0008663
8664,MREID_0008664
8665,MREID_0008665
8666,MREID_0008666
8667,MREID_0008667
8668,MREID_0008668
8669,MREID_0008669
8670,MREID_0008670
8671,MREID_0008671
8672,MREID_0008672
8673,MREID_0008673
8674,MREID_0008674
8675,MREID_0008675
8676,MREID_0008676
8677,MREID_0008677
8678,MREID_0008678
8679,MREID_0008679
8680,MREID_0008680
8681,MREID_0008681
8682,MREID_0008682
8683,MREID_0008683
8684,MREID_0008684
8685,MREID_0008685
8686,MREID_0008686
8687,MREID_0008687
8688,MREID_0008688
8689,MREID_0008689
8690,MREID_0008690
8691,MREID_0008692
8692,MREID_0008691
8693,MREID_0008693
8694,MREID_0008694
8695,MREID_0008695
8696,MREID_0008696
8697,MREID_0008697
8698,MREID_0008698
8699,MREID_0008699
8700,MREID_0008700
8701,MREID_0008701
8702,MREID_0008702
8703,MREID_0008703
8704,MREID_0008704
8705,MREID_0008705
8706,MREID_0008706
8707,MREID_0008707
8708,MREID_0008708
8709,MREID_0008709
8710,MREID_0008710
8711,MREID_0008711
8712,MREID_0008712
8713,MREID_0008714
8714,MREID_0008713
8715,MREID_0008715
8716,MREID_0008716
8717,MREID_0008717
8718,MREID_0008718
8719,MREID_0008719
8720,MREID_0008720
8721,MREID_0008721
8722,MREID_0008722
8723,MREID_0008723
8724,MREID_0008724
8725,MREID_0008725
8726,MREID_0008726
8727,MREID_0008727
8728,MREID_0008728
8729,MREID_0008729
8730,MREID_0008730
8731,MREID_0008731
8732,MREID_0008732
8733,MREID_0008733
8734,MREID_0008734
8735,MREID_0008735
8736,MREID_0008736
8737,MREID_0008737
8738,MREID_0008738
8739,MREID_0008740
8740,MREID_0008739
8741,MREID_0008741
8742,MREID_0008742
8743,MREID_0008743
8744,MREID_0008744
8745,MREID_0008745
8746,MREID_0008746
8747,MREID_0008747
8748,MREID_0008748
8749,MREID_0008749
8750,MREID_0008750
8751,MREID_0008751
8752,MREID_0008752
8753,MREID_0008753
8754,MREID_0008754
8755,MREID_0008755
8756,MREID_0008756
8757,MREID_0008757
8758,MREID_0008758
8759,MREID_0008759
8760,MREID_0008760
8761,MREID_0008761
8762,MREID_0008762
8763,MREID_0008763
8764,MREID_0008764
8765,MREID_0008765
8766,MREID_0008766
8767,MREID_0008767
8768,MREID_0008768
8769,MREID_0008769
8770,MREID_0008770
8771,MREID_0008771
8772,MREID_0008772
8773,MREID_0008773
8774,MREID_0008774
8775,MREID_0008775
8776,MREID_0008776
8777,MREID_0008777
8778,MREID_0008778
8779,MREID_0008779
8780,MREID_0008780
8781,MREID_0008781
8782,MREID_0008784
8783,MREID_0008782
8784,MREID_0008783
8785,MREID_0008785
8786,MREID_0008786
8787,MREID_0008787
8788,MREID_0008788
8789,MREID_0008789
8790,MREID_0008790
8791,MREID_0008791
8792,MREID_0008792
8793,MREID_0008793
8794,MREID_0008794
8795,MREID_0008795
8796,MREID_0008796
8797,MREID_0008797
8798,MREID_0008798
8799,MREID_0008800
8800,MREID_0008799
8801,MREID_0008801
8802,MREID_0008802
8803,MREID_0008803
8804,MREID_0008804
8805,MREID_0008805
8806,MREID_0008806
8807,MREID_0008807
8808,MREID_0008808
8809,MREID_0008809
8810,MREID_0008810
8811,MREID_0008811
8812,MREID_0008812
8813,MREID_0008813
8814,MREID_0008814
8815,MREID_0008815
8816,MREID_0008816
8817,MREID_0008817
8818,MREID_0008818
8819,MREID_0008819
8820,MREID_0008820
8821,MREID_0008821
8822,MREID_0008822
8823,MREID_0008823
8824,MREID_0008824
8825,MREID_0008825
8826,MREID_0008826
8827,MREID_0008827
8828,MREID_0008828
8829,MREID_0008829
8830,MREID_0008830
8831,MREID_0008831
8832,MREID_0008832
8833,MREID_0008833
8834,MREID_0008834
8835,MREID_0008835
8836,MREID_0008836
8837,MREID_0008837
8838,MREID_0008838
8839,MREID_0008839
8840,MREID_0008840
8841,MREID_0008841
8842,MREID_0008842
8843,MREID_0008843
8844,MREID_0008844
8845,MREID_0008845
8846,MREID_0008846
8847,MREID_0008847
8848,MREID_0008848
8849,MREID_0008849
8850,MREID_0008850
8851,MREID_0008851
8852,MREID_0008852
8853,MREID_0008853
8854,MREID_0008854
8855,MREID_0008855
8856,MREID_0008856
8857,MREID_0008857
8858,MREID_0008858
8859,MREID_0008859
8860,MREID_0008860
8861,MREID_0008861
8862,MREID_0008862
8863,MREID_0008863
8864,MREID_0008864
8865,MREID_0008865
8866,MREID_0008867
8867,MREID_0008866
8868,MREID_0008868
8869,MREID_0008869
8870,MREID_0008870
8871,MREID_0008872
8872,MREID_0008871
8873,MREID_0008873
8874,MREID_0008874
8875,MREID_0008875
8876,MREID_0008876
8877,MREID_0008877
8878,MREID_0008878
8879,MREID_0008879
8880,MREID_0008880
8881,MREID_0008881
8882,MREID_0008883
8883,MREID_0008882
8884,MREID_0008884
8885,MREID_0008885
8886,MREID_0008886
8887,MREID_0008887
8888,MREID_0008888
8889,MREID_0008890
8890,MREID_0008889
8891,MREID_0008891
8892,MREID_0008892
8893,MREID_0008893
8894,MREID_0008894
8895,MREID_0008895
8896,MREID_0008896
8897,MREID_0008897
8898,MREID_0008898
8899,MREID_0008899
8900,MREID_0008900
8901,MREID_0008901
8902,MREID_0008902
8903,MREID_0008904
8904,MREID_0008903
8905,MREID_0008905
8906,MREID_0008906
8907,MREID_0008907
8908,MREID_0008908
8909,MREID_0008909
8910,MREID_0008910
8911,MREID_0008911
8912,MREID_0008912
8913,MREID_0008913
8914,MREID_0008914
8915,MREID_0008915
8916,MREID_0008916
8917,MREID_0008917
8918,MREID_0008918
8919,MREID_0008919
8920,MREID_0008920
8921,MREID_0008921
8922,MREID_0008922
8923,MREID_0008923
8924,MREID_0008924
8925,MREID_0008925
8926,MREID_0008926
8927,MREID_0008927
8928,MREID_0008928
8929,MREID_0008929
8930,MREID_0008930
8931,MREID_0008931
8932,MREID_0008932
8933,MREID_0008933
8934,MREID_0008934
8935,MREID_0008935
8936,MREID_0008936
8937,MREID_0008937
8938,MREID_0008938
8939,MREID_0008939
8940,MREID_0008940
8941,MREID_0008941
8942,MREID_0008942
8943,MREID_0008943
8944,MREID_0008944
8945,MREID_0008945
8946,MREID_0008946
8947,MREID_0008947
8948,MREID_0008948
8949,MREID_0008949
8950,MREID_0008950
8951,MREID_0008951
8952,MREID_0008952
8953,MREID_0008953
8954,MREID_0008954
8955,MREID_0008955
8956,MREID_0008956
8957,MREID_0008957
8958,MREID_0008958
8959,MREID_0008959
8960,MREID_0008960
8961,MREID_0008961
8962,MREID_0008962
8963,MREID_0008963
8964,MREID_0008964
8965,MREID_0008966
8966,MREID_0008965
8967,MREID_0008968
8968,MREID_0008967
8969,MREID_0008970
8970,MREID_0008969
8971,MREID_0008971
8972,MREID_0008972
8973,MREID_0008973
8974,MREID_0008974
8975,MREID_0008975
8976,MREID_0008976
8977,MREID_0008977
8978,MREID_0008978
8979,MREID_0008979
8980,MREID_0008980
8981,MREID_0008981
8982,MREID_0008982
8983,MREID_0008983
8984,MREID_0008984
8985,MREID_0008985
8986,MREID_0008986
8987,MREID_0008987
8988,MREID_0008988
8989,MREID_0008989
8990,MREID_0008990
8991,MREID_0008991
8992,MREID_0008992
8993,MREID_0008994
8994,MREID_0008993
8995,MREID_0008995
8996,MREID_0008996
8997,MREID_0008997
8998,MREID_0008998
8999,MREID_0008999
9000,MREID_0009000
9001,MREID_0009001
9002,MREID_0009002
9003,MREID_0009003
9004,MREID_0009004
9005,MREID_0009005
9006,MREID_0009006
9007,MREID_0009007
9008,MREID_0009008
9009,MREID_0009009
9010,MREID_0009010
9011,MREID_0009011
9012,MREID_0009012
9013,MREID_0009013
9014,MREID_0009014
9015,MREID_0009015
9016,MREID_0009016
9017,MREID_0009017
9018,MREID_0009018
9019,MREID_0009019
9020,MREID_0009020
9021,MREID_0009021
9022,MREID_0009022
9023,MREID_0009023
9024,MREID_0009024
9025,MREID_0009025
9026,MREID_0009026
9027,MREID_0009027
9028,MREID_0009028
9029,MREID_0009029
9030,MREID_0009030
9031,MREID_0009031
9032,MREID_0009032
9033,MREID_0009033
9034,MREID_0009034
9035,MREID_0009035
9036,MREID_0009036
9037,MREID_0009037
9038,MREID_0009038
9039,MREID_0009039
9040,MREID_0009040
9041,MREID_0009041
9042,MREID_0009042
9043,MREID_0009043
9044,MREID_0009044
9045,MREID_0009045
9046,MREID_0009046
9047,MREID_0009047
9048,MREID_0009048
9049,MREID_0009049
9050,MREID_0009050
9051,MREID_0009051
9052,MREID_0009052
9053,MREID_0009053
9054,MREID_0009054
9055,MREID_0009055
9056,MREID_0009056
9057,MREID_0009057
9058,MREID_0009058
9059,MREID_0009059
9060,MREID_0009060
9061,MREID_0009061
9062,MREID_0009062
9063,MREID_0009063
9064,MREID_0009064
9065,MREID_0009065
9066,MREID_0009066
9067,MREID_0009067
9068,MREID_0009068
9069,MREID_0009069
9070,MREID_0009070
9071,MREID_0009071
9072,MREID_0009072
9073,MREID_0009073
9074,MREID_0009074
9075,MREID_0009075
9076,MREID_0009076
9077,MREID_0009077
9078,MREID_0009078
9079,MREID_0009079
9080,MREID_0009080
9081,MREID_0009081
9082,MREID_0009082
9083,MREID_0009083
9084,MREID_0009084
9085,MREID_0009085
9086,MREID_0009086
9087,MREID_0009087
9088,MREID_0009088
9089,MREID_0009089
9090,MREID_0009090
9091,MREID_0009091
9092,MREID_0009092
9093,MREID_0009093
9094,MREID_0009094
9095,MREID_0009095
9096,MREID_0009096
9097,MREID_0009097
9098,MREID_0009098
9099,MREID_0009099
9100,MREID_0009100
9101,MREID_0009101
9102,MREID_0009102
9103,MREID_0009103
9104,MREID_0009104
9105,MREID_0009105
9106,MREID_0009106
9107,MREID_0009107
9108,MREID_0009108
9109,MREID_0009109
9110,MREID_0009110
9111,MREID_0009111
9112,MREID_0009112
9113,MREID_0009113
9114,MREID_0009114
9115,MREID_0009115
9116,MREID_0009116
9117,MREID_0009117
9118,MREID_0009118
9119,MREID_0009119
9120,MREID_0009120
9121,MREID_0009121
9122,MREID_0009122
9123,MREID_0009123
9124,MREID_0009124
9125,MREID_0009125
9126,MREID_0009126
9127,MREID_0009127
9128,MREID_0009128
9129,MREID_0009129
9130,MREID_0009130
9131,MREID_0009131
9132,MREID_0009132
9133,MREID_0009133
9134,MREID_0009134
9135,MREID_0009135
9136,MREID_0009136
9137,MREID_0009137
9138,MREID_0009138
9139,MREID_0009139
9140,MREID_0009140
9141,MREID_0009141
9142,MREID_0009142
9143,MREID_0009143
9144,MREID_0009144
9145,MREID_0009145
9146,MREID_0009146
9147,MREID_0009147
9148,MREID_0009148
9149,MREID_0009149
9150,MREID_0009150
9151,MREID_0009151
9152,MREID_0009152
9153,MREID_0009153
9154,MREID_0009154
9155,MREID_0009155
9156,MREID_0009156
9157,MREID_0009157
9158,MREID_0009158
9159,MREID_0009159
9160,MREID_0009160
9161,MREID_0009161
9162,MREID_0009162
9163,MREID_0009163
9164,MREID_0009164
9165,MREID_0009165
9166,MREID_0009166
9167,MREID_0009167
9168,MREID_0009168
9169,MREID_0009169
9170,MREID_0009170
9171,MREID_0009171
9172,MREID_0009172
9173,MREID_0009173
9174,MREID_0009174
9175,MREID_0009175
9176,MREID_0009176
9177,MREID_0009177
9178,MREID_0009178
9179,MREID_0009179
9180,MREID_0009180
9181,MREID_0009181
9182,MREID_0009182
9183,MREID_0009183
9184,MREID_0009184
9185,MREID_0009185
9186,MREID_0009186
9187,MREID_0009187
9188,MREID_0009188
9189,MREID_0009189
9190,MREID_0009190
9191,MREID_0009191
9192,MREID_0009192
9193,MREID_0009193
9194,MREID_0009194
9195,MREID_0009195
9196,MREID_0009196
9197,MREID_0009197
9198,MREID_0009198
9199,MREID_0009199
9200,MREID_0009200
9201,MREID_0009201
9202,MREID_0009202
9203,MREID_0009203
9204,MREID_0009204
9205,MREID_0009205
9206,MREID_0009206
9207,MREID_0009207
9208,MREID_0009208
9209,MREID_0009209
9210,MREID_0009210
9211,MREID_0009212
9212,MREID_0009211
9213,MREID_0009213
9214,MREID_0009214
9215,MREID_0009215
9216,MREID_0009216
9217,MREID_0009217
9218,MREID_0009218
9219,MREID_0009219
9220,MREID_0009220
9221,MREID_0009221
9222,MREID_0009222
9223,MREID_0009223
9224,MREID_0009224
9225,MREID_0009225
9226,MREID_0009226
9227,MREID_0009227
9228,MREID_0009228
9229,MREID_0009229
9230,MREID_0009230
9231,MREID_0009231
9232,MREID_0009232
9233,MREID_0009233
9234,MREID_0009234
9235,MREID_0009235
9236,MREID_0009236
9237,MREID_0009237
9238,MREID_0009238
9239,MREID_0009239
9240,MREID_0009240
9241,MREID_0009241
9242,MREID_0009242
9243,MREID_0009243
9244,MREID_0009244
9245,MREID_0009245
9246,MREID_0009246
9247,MREID_0009247
9248,MREID_0009248
9249,MREID_0009249
9250,MREID_0009250
9251,MREID_0009251
9252,MREID_0009252
9253,MREID_0009253
9254,MREID_0009254
9255,MREID_0009255
9256,MREID_0009256
9257,MREID_0009257
9258,MREID_0009258
9259,MREID_0009259
9260,MREID_0009260
9261,MREID_0009261
9262,MREID_0009262
9263,MREID_0009263
9264,MREID_0009264
9265,MREID_0009265
9266,MREID_0009266
9267,MREID_0009267
9268,MREID_0009268
9269,MREID_0009269
9270,MREID_0009270
9271,MREID_0009271
9272,MREID_0009272
9273,MREID_0009273
9274,MREID_0009274
9275,MREID_0009275
9276,MREID_0009276
9277,MREID_0009277
9278,MREID_0009278
9279,MREID_0009279
9280,MREID_0009280
9281,MREID_0009281
9282,MREID_0009282
9283,MREID_0009283
9284,MREID_0009284
9285,MREID_0009285
9286,MREID_0009286
9287,MREID_0009287
9288,MREID_0009288
9289,MREID_0009289
9290,MREID_0009290
9291,MREID_0009291
9292,MREID_0009292
9293,MREID_0009293
9294,MREID_0009294
9295,MREID_0009295
9296,MREID_0009296
9297,MREID_0009297
9298,MREID_0009298
9299,MREID_0009299
9300,MREID_0009300
9301,MREID_0009301
9302,MREID_0009302
9303,MREID_0009303
9304,MREID_0009304
9305,MREID_0009305
9306,MREID_0009306
9307,MREID_0009307
9308,MREID_0009308
9309,MREID_0009309
9310,MREID_0009310
9311,MREID_0009311
9312,MREID_0009312
9313,MREID_0009313
9314,MREID_0009314
9315,MREID_0009315
9316,MREID_0009316
9317,MREID_0009317
9318,MREID_0009318
9319,MREID_0009319
9320,MREID_0009320
9321,MREID_0009321
9322,MREID_0009322
9323,MREID_0009323
9324,MREID_0009324
9325,MREID_0009325
9326,MREID_0009326
9327,MREID_0009327
9328,MREID_0009328
9329,MREID_0009329
9330,MREID_0009330
9331,MREID_0009331
9332,MREID_0009332
9333,MREID_0009333
9334,MREID_0009334
9335,MREID_0009335
9336,MREID_0009336
9337,MREID_0009337
9338,MREID_0009338
9339,MREID_0009339
9340,MREID_0009340
9341,MREID_0009341
9342,MREID_0009342
9343,MREID_0009343
9344,MREID_0009344
9345,MREID_0009345
9346,MREID_0009346
9347,MREID_0009347
9348,MREID_0009348
9349,MREID_0009349
9350,MREID_0009350
9351,MREID_0009351
9352,MREID_0009352
9353,MREID_0009353
9354,MREID_0009354
9355,MREID_0009355
9356,MREID_0009356
9357,MREID_0009357
9358,MREID_0009358
9359,MREID_0009359
9360,MREID_0009360
9361,MREID_0009361
9362,MREID_0009362
9363,MREID_0009363
9364,MREID_0009364
9365,MREID_0009365
9366,MREID_0009366
9367,MREID_0009367
9368,MREID_0009368
9369,MREID_0009369
9370,MREID_0009370
9371,MREID_0009371
9372,MREID_0009372
9373,MREID_0009373
9374,MREID_0009374
9375,MREID_0009375
9376,MREID_0009376
9377,MREID_0009377
9378,MREID_0009378
9379,MREID_0009379
9380,MREID_0009380
9381,MREID_0009381
9382,MREID_0009382
9383,MREID_0009383
9384,MREID_0009384
9385,MREID_0009385
9386,MREID_0009386
9387,MREID_0009387
9388,MREID_0009388
9389,MREID_0009389
9390,MREID_0009390
9391,MREID_0009391
9392,MREID_0009392
9393,MREID_0009393
9394,MREID_0009394
9395,MREID_0009395
9396,MREID_0009396
9397,MREID_0009397
9398,MREID_0009398
9399,MREID_0009399
9400,MREID_0009400
9401,MREID_0009401
9402,MREID_0009402
9403,MREID_0009403
9404,MREID_0009404
9405,MREID_0009405
9406,MREID_0009406
9407,MREID_0009407
9408,MREID_0009408
9409,MREID_0009409
9410,MREID_0009410
9411,MREID_0009411
9412,MREID_0009412
9413,MREID_0009413
9414,MREID_0009414
9415,MREID_0009415
9416,MREID_0009416
9417,MREID_0009417
9418,MREID_0009418
9419,MREID_0009419
9420,MREID_0009420
9421,MREID_0009421
9422,MREID_0009422
9423,MREID_0009423
9424,MREID_0009424
9425,MREID_0009425
9426,MREID_0009426
9427,MREID_0009427
9428,MREID_0009428
9429,MREID_0009429
9430,MREID_0009430
9431,MREID_0009431
9432,MREID_0009432
9433,MREID_0009433
9434,MREID_0009434
9435,MREID_0009435
9436,MREID_0009436
9437,MREID_0009437
9438,MREID_0009438
9439,MREID_0009439
9440,MREID_0009440
9441,MREID_0009441
9442,MREID_0009442
9443,MREID_0009443
9444,MREID_0009444
9445,MREID_0009445
9446,MREID_0009446
9447,MREID_0009447
9448,MREID_0009448
9449,MREID_0009449
9450,MREID_0009450
9451,MREID_0009451
9452,MREID_0009452
9453,MREID_0009453
9454,MREID_0009454
9455,MREID_0009455
9456,MREID_0009456
9457,MREID_0009457
9458,MREID_0009458
9459,MREID_0009459
9460,MREID_0009460
9461,MREID_0009461
9462,MREID_0009462
9463,MREID_0009463
9464,MREID_0009464
9465,MREID_0009465
9466,MREID_0009466
9467,MREID_0009467
9468,MREID_0009468
9469,MREID_0009469
9470,MREID_0009470
9471,MREID_0009471
9472,MREID_0009472
9473,MREID_0009473
9474,MREID_0009474
9475,MREID_0009475
9476,MREID_0009476
9477,MREID_0009477
9478,MREID_0009478
9479,MREID_0009479
9480,MREID_0009480
9481,MREID_0009481
9482,MREID_0009482
9483,MREID_0009483
9484,MREID_0009484
9485,MREID_0009485
9486,MREID_0009486
9487,MREID_0009487
9488,MREID_0009488
9489,MREID_0009489
9490,MREID_0009490
9491,MREID_0009491
9492,MREID_0009492
9493,MREID_0009493
9494,MREID_0009494
9495,MREID_0009495
9496,MREID_0009496
9497,MREID_0009497
9498,MREID_0009498
9499,MREID_0009499
9500,MREID_0009500
9501,MREID_0009501
9502,MREID_0009502
9503,MREID_0009503
9504,MREID_0009504
9505,MREID_0009505
9506,MREID_0009506
9507,MREID_0009507
9508,MREID_0009508
9509,MREID_0009509
9510,MREID_0009510
9511,MREID_0009511
9512,MREID_0009512
9513,MREID_0009513
9514,MREID_0009514
9515,MREID_0009515
9516,MREID_0009516
9517,MREID_0009517
9518,MREID_0009518
9519,MREID_0009519
9520,MREID_0009520
9521,MREID_0009521
9522,MREID_0009522
9523,MREID_0009523
9524,MREID_0009524
9525,MREID_0009525
9526,MREID_0009526
9527,MREID_0009527
9528,MREID_0009528
9529,MREID_0009529
9530,MREID_0009530
9531,MREID_0009531
9532,MREID_0009532
9533,MREID_0009534
9534,MREID_0009533
9535,MREID_0009535
9536,MREID_0009536
9537,MREID_0009537
9538,MREID_0009538
9539,MREID_0009539
9540,MREID_0009540
9541,MREID_0009541
9542,MREID_0009542
9543,MREID_0009543
9544,MREID_0009544
9545,MREID_0009545
9546,MREID_0009546
9547,MREID_0009547
9548,MREID_0009548
9549,MREID_0009549
9550,MREID_0009550
9551,MREID_0009551
9552,MREID_0009552
9553,MREID_0009553
9554,MREID_0009554
9555,MREID_0009555
9556,MREID_0009556
9557,MREID_0009557
9558,MREID_0009558
9559,MREID_0009559
9560,MREID_0009560
9561,MREID_0009561
9562,MREID_0009563
9563,MREID_0009562
9564,MREID_0009564
9565,MREID_0009565
9566,MREID_0009566
9567,MREID_0009567
9568,MREID_0009568
9569,MREID_0009569
9570,MREID_0009570
9571,MREID_0009571
9572,MREID_0009572
9573,MREID_0009573
9574,MREID_0009574
9575,MREID_0009575
9576,MREID_0009576
9577,MREID_0009577
9578,MREID_0009578
9579,MREID_0009579
9580,MREID_0009580
9581,MREID_0009581
9582,MREID_0009582
9583,MREID_0009583
9584,MREID_0009584
9585,MREID_0009585
9586,MREID_0009586
9587,MREID_0009587
9588,MREID_0009588
9589,MREID_0009589
9590,MREID_0009590
9591,MREID_0009591
9592,MREID_0009592
9593,MREID_0009593
9594,MREID_0009594
9595,MREID_0009595
9596,MREID_0009596
9597,MREID_0009597
9598,MREID_0009598
9599,MREID_0009599
9600,MREID_0009600
9601,MREID_0009601
9602,MREID_0009602
9603,MREID_0009603
9604,MREID_0009604
9605,MREID_0009605
9606,MREID_0009606
9607,MREID_0009607
9608,MREID_0009608
9609,MREID_0009609
9610,MREID_0009610
9611,MREID_0009611
9612,MREID_0009612
9613,MREID_0009613
9614,MREID_0009614
9615,MREID_0009615
9616,MREID_0009616
9617,MREID_0009617
9618,MREID_0009618
9619,MREID_0009619
9620,MREID_0009620
9621,MREID_0009621
9622,MREID_0009622
9623,MREID_0009623
9624,MREID_0009624
9625,MREID_0009625
9626,MREID_0009626
9627,MREID_0009627
9628,MREID_0009628
9629,MREID_0009629
9630,MREID_0009630
9631,MREID_0009631
9632,MREID_0009632
9633,MREID_0009633
9634,MREID_0009634
9635,MREID_0009635
9636,MREID_0009636
9637,MREID_0009637
9638,MREID_0009638
9639,MREID_0009639
9640,MREID_0009640
9641,MREID_0009641
9642,MREID_0009642
9643,MREID_0009643
9644,MREID_0009644
9645,MREID_0009645
9646,MREID_0009646
9647,MREID_0009647
9648,MREID_0009648
9649,MREID_0009649
9650,MREID_0009650
9651,MREID_0009651
9652,MREID_0009652
9653,MREID_0009653
9654,MREID_0009654
9655,MREID_0009655
9656,MREID_0009656
9657,MREID_0009657
9658,MREID_0009658
9659,MREID_0009659
9660,MREID_0009660
9661,MREID_0009661
9662,MREID_0009662
9663,MREID_0009663
9664,MREID_0009664
9665,MREID_0009665
9666,MREID_0009666
9667,MREID_0009667
9668,MREID_0009668
9669,MREID_0009669
9670,MREID_0009670
9671,MREID_0009671
9672,MREID_0009672
9673,MREID_0009673
9674,MREID_0009674
9675,MREID_0009675
9676,MREID_0009676
9677,MREID_0009677
9678,MREID_0009678
9679,MREID_0009679
9680,MREID_0009680
9681,MREID_0009681
9682,MREID_0009682
9683,MREID_0009683
9684,MREID_0009684
9685,MREID_0009685
9686,MREID_0009686
9687,MREID_0009687
9688,MREID_0009688
9689,MREID_0009689
9690,MREID_0009690
9691,MREID_0009691
9692,MREID_0009692
9693,MREID_0009693
9694,MREID_0009694
9695,MREID_0009695
9696,MREID_0009696
9697,MREID_0009697
9698,MREID_0009698
9699,MREID_0009699
9700,MREID_0009700
9701,MREID_0009701
9702,MREID_0009702
9703,MREID_0009703
9704,MREID_0009704
9705,MREID_0009705
9706,MREID_0009706
9707,MREID_0009707
9708,MREID_0009708
9709,MREID_0009709
9710,MREID_0009710
9711,MREID_0009711
9712,MREID_0009712
9713,MREID_0009713
9714,MREID_0009714
9715,MREID_0009715
9716,MREID_0009716
9717,MREID_0009717
9718,MREID_0009718
9719,MREID_0009719
9720,MREID_0009720
9721,MREID_0009721
9722,MREID_0009722
9723,MREID_0009723
9724,MREID_0009724
9725,MREID_0009725
9726,MREID_0009726
9727,MREID_0009727
9728,MREID_0009728
9729,MREID_0009729
9730,MREID_0009730
9731,MREID_0009731
9732,MREID_0009732
9733,MREID_0009734
9734,MREID_0009733
9735,MREID_0009735
9736,MREID_0009736
9737,MREID_0009737
9738,MREID_0009738
9739,MREID_0009739
9740,MREID_0009740
9741,MREID_0009741
9742,MREID_0009742
9743,MREID_0009743
9744,MREID_0009744
9745,MREID_0009745
9746,MREID_0009746
9747,MREID_0009747
9748,MREID_0009748
9749,MREID_0009749
9750,MREID_0009750
9751,MREID_0009751
9752,MREID_0009752
9753,MREID_0009753
9754,MREID_0009754
9755,MREID_0009755
9756,MREID_0009756
9757,MREID_0009757
9758,MREID_0009758
9759,MREID_0009759
9760,MREID_0009760
9761,MREID_0009761
9762,MREID_0009762
9763,MREID_0009763
9764,MREID_0009764
9765,MREID_0009765
9766,MREID_0009766
9767,MREID_0009767
9768,MREID_0009768
9769,MREID_0009770
9770,MREID_0009769
9771,MREID_0009771
9772,MREID_0009772
9773,MREID_0009773
9774,MREID_0009774
9775,MREID_0009775
9776,MREID_0009776
9777,MREID_0009777
9778,MREID_0009778
9779,MREID_0009779
9780,MREID_0009780
9781,MREID_0009781
9782,MREID_0009782
9783,MREID_0009783
9784,MREID_0009784
9785,MREID_0009785
9786,MREID_0009786
9787,MREID_0009787
9788,MREID_0009788
9789,MREID_0009789
9790,MREID_0009790
9791,MREID_0009791
9792,MREID_0009792
9793,MREID_0009793
9794,MREID_0009794
9795,MREID_0009795
9796,MREID_0009796
9797,MREID_0009797
9798,MREID_0009798
9799,MREID_0009799
9800,MREID_0009800
9801,MREID_0009801
9802,MREID_0009802
9803,MREID_0009803
9804,MREID_0009804
9805,MREID_0009805
9806,MREID_0009806
9807,MREID_0009807
9808,MREID_0009808
9809,MREID_0009809
9810,MREID_0009810
9811,MREID_0009811
9812,MREID_0009812
9813,MREID_0009813
9814,MREID_0009814
9815,MREID_0009815
9816,MREID_0009816
9817,MREID_0009817
9818,MREID_0009818
9819,MREID_0009819
9820,MREID_0009820
9821,MREID_0009821
9822,MREID_0009822
9823,MREID_0009823
9824,MREID_0009824
9825,MREID_0009825
9826,MREID_0009826
9827,MREID_0009827
9828,MREID_0009828
9829,MREID_0009829
9830,MREID_0009830
9831,MREID_0009831
9832,MREID_0009832
9833,MREID_0009833
9834,MREID_0009834
9835,MREID_0009835
9836,MREID_0009836
9837,MREID_0009837
9838,MREID_0009838
9839,MREID_0009839
9840,MREID_0009840
9841,MREID_0009841
9842,MREID_0009842
9843,MREID_0009843
9844,MREID_0009844
9845,MREID_0009845
9846,MREID_0009846
9847,MREID_0009847
9848,MREID_0009848
9849,MREID_0009849
9850,MREID_0009850
9851,MREID_0009851
9852,MREID_0009852
9853,MREID_0009853
9854,MREID_0009854
9855,MREID_0009855
9856,MREID_0009856
9857,MREID_0009857
9858,MREID_0009858
9859,MREID_0009859
9860,MREID_0009860
9861,MREID_0009861
9862,MREID_0009862
9863,MREID_0009863
9864,MREID_0009864
9865,MREID_0009865
9866,MREID_0009866
9867,MREID_0009867
9868,MREID_0009868
9869,MREID_0009869
9870,MREID_0009870
9871,MREID_0009871
9872,MREID_0009872
9873,MREID_0009873
9874,MREID_0009874
9875,MREID_0009875
9876,MREID_0009876
9877,MREID_0009877
9878,MREID_0009878
9879,MREID_0009879
9880,MREID_0009880
9881,MREID_0009881
9882,MREID_0009882
9883,MREID_0009883
9884,MREID_0009884
9885,MREID_0009885
9886,MREID_0009886
9887,MREID_0009887
9888,MREID_0009888
9889,MREID_0009889
9890,MREID_0009890
9891,MREID_0009891
9892,MREID_0009892
9893,MREID_0009893
9894,MREID_0009894
9895,MREID_0009895
9896,MREID_0009896
9897,MREID_0009897
9898,MREID_0009898
9899,MREID_0009899
9900,MREID_0009900
9901,MREID_0009901
9902,MREID_0009902
9903,MREID_0009903
9904,MREID_0009904
9905,MREID_0009905
9906,MREID_0009906
9907,MREID_0009907
9908,MREID_0009908
9909,MREID_0009909
9910,MREID_0009910
9911,MREID_0009911
9912,MREID_0009912
9913,MREID_0009913
9914,MREID_0009914
9915,MREID_0009915
9916,MREID_0009916
9917,MREID_0009917
9918,MREID_0009918
9919,MREID_0009919
9920,MREID_0009920
9921,MREID_0009921
9922,MREID_0009922
9923,MREID_0009923
9924,MREID_0009924
9925,MREID_0009925
9926,MREID_0009926
9927,MREID_0009927
9928,MREID_0009928
9929,MREID_0009929
9930,MREID_0009930
9931,MREID_0009931
9932,MREID_0009932
9933,MREID_0009933
9934,MREID_0009934
9935,MREID_0009935
9936,MREID_0009936
9937,MREID_0009937
9938,MREID_0009938
9939,MREID_0009939
9940,MREID_0009940
9941,MREID_0009941
9942,MREID_0009942
9943,MREID_0009943
9944,MREID_0009944
9945,MREID_0009945
9946,MREID_0009946
9947,MREID_0009947
9948,MREID_0009948
9949,MREID_0009949
9950,MREID_0009950
9951,MREID_0009951
9952,MREID_0009952
9953,MREID_0009953
9954,MREID_0009954
9955,MREID_0009955
9956,MREID_0009956
9957,MREID_0009957
9958,MREID_0009958
9959,MREID_0009959
9960,MREID_0009960
9961,MREID_0009961
9962,MREID_0009962
9963,MREID_0009963
9964,MREID_0009964
9965,MREID_0009965
9966,MREID_0009966
9967,MREID_0009967
9968,MREID_0009968
9969,MREID_0009969
9970,MREID_0009970
9971,MREID_0009971
9972,MREID_0009972
9973,MREID_0009973
9974,MREID_0009974
9975,MREID_0009975
9976,MREID_0009976
9977,MREID_0009977
9978,MREID_0009978
9979,MREID_0009979
9980,MREID_0009980
9981,MREID_0009981
9982,MREID_0009982
9983,MREID_0009983
9984,MREID_0009984
9985,MREID_0009985
9986,MREID_0009986
9987,MREID_0009987
9988,MREID_0009988
9989,MREID_0009989
9990,MREID_0009990
9991,MREID_0009991
9992,MREID_0009992
9993,MREID_0009993
9994,MREID_0009994
9995,MREID_0009995
9996,MREID_0009996
9997,MREID_0009997
9998,MREID_0009998
9999,MREID_0009999
10000,MREID_0010000
10001,MREID_0010001
10002,MREID_0010002
10003,MREID_0010003
10004,MREID_0010004
10005,MREID_0010005
10006,MREID_0010006
10007,MREID_0010007
10008,MREID_0010008
10009,MREID_0010009
10010,MREID_0010010
10011,MREID_0010011
10012,MREID_0010012
10013,MREID_0010013
10014,MREID_0010014
10015,MREID_0010015
10016,MREID_0010016
10017,MREID_0010017
10018,MREID_0010018
10019,MREID_0010019
10020,MREID_0010020
10021,MREID_0010021
10022,MREID_0010022
10023,MREID_0010023
10024,MREID_0010024
10025,MREID_0010026
10026,MREID_0010025
10027,MREID_0010027
10028,MREID_0010028
10029,MREID_0010029
10030,MREID_0010030
10031,MREID_0010031
10032,MREID_0010032
10033,MREID_0010033
10034,MREID_0010035
10035,MREID_0010034
10036,MREID_0010036
10037,MREID_0010037
10038,MREID_0010038
10039,MREID_0010039
10040,MREID_0010040
10041,MREID_0010041
10042,MREID_0010042
10043,MREID_0010043
10044,MREID_0010044
10045,MREID_0010045
10046,MREID_0010046
10047,MREID_0010047
10048,MREID_0010048
10049,MREID_0010049
10050,MREID_0010050
10051,MREID_0010051
10052,MREID_0010052
10053,MREID_0010053
10054,MREID_0010054
10055,MREID_0010055
10056,MREID_0010056
10057,MREID_0010057
10058,MREID_0010058
10059,MREID_0010059
10060,MREID_0010060
10061,MREID_0010061
10062,MREID_0010062
10063,MREID_0010063
10064,MREID_0010064
10065,MREID_0010065
10066,MREID_0010066
10067,MREID_0010067
10068,MREID_0010068
10069,MREID_0010069
10070,MREID_0010070
10071,MREID_0010071
10072,MREID_0010072
10073,MREID_0010074
10074,MREID_0010073
10075,MREID_0010075
10076,MREID_0010076
10077,MREID_0010077
10078,MREID_0010078
10079,MREID_0010079
10080,MREID_0010080
10081,MREID_0010081
10082,MREID_0010082
10083,MREID_0010083
10084,MREID_0010084
10085,MREID_0010085
10086,MREID_0010086
10087,MREID_0010087
10088,MREID_0010088
10089,MREID_0010089
10090,MREID_0010090
10091,MREID_0010091
10092,MREID_0010092
10093,MREID_0010093
10094,MREID_0010094
10095,MREID_0010095
10096,MREID_0010096
10097,MREID_0010097
10098,MREID_0010098
10099,MREID_0010099
10100,MREID_0010100
10101,MREID_0010101
10102,MREID_0010102
10103,MREID_0010103
10104,MREID_0010104
10105,MREID_0010105
10106,MREID_0010106
10107,MREID_0010107
10108,MREID_0010108
10109,MREID_0010109
10110,MREID_0010110
10111,MREID_0010111
10112,MREID_0010112
10113,MREID_0010113
10114,MREID_0010114
10115,MREID_0010115
10116,MREID_0010116
10117,MREID_0010117
10118,MREID_0010118
10119,MREID_0010119
10120,MREID_0010120
10121,MREID_0010121
10122,MREID_0010122
10123,MREID_0010123
10124,MREID_0010124
10125,MREID_0010125
10126,MREID_0010126
10127,MREID_0010127
10128,MREID_0010128
10129,MREID_0010129
10130,MREID_0010130
10131,MREID_0010131
10132,MREID_0010132
10133,MREID_0010133
10134,MREID_0010134
10135,MREID_0010135
10136,MREID_0010136
10137,MREID_0010137
10138,MREID_0010138
10139,MREID_0010139
10140,MREID_0010140
10141,MREID_0010141
10142,MREID_0010142
10143,MREID_0010143
10144,MREID_0010144
10145,MREID_0010145
10146,MREID_0010146
10147,MREID_0010147
10148,MREID_0010148
10149,MREID_0010149
10150,MREID_0010150
10151,MREID_0010151
10152,MREID_0010152
10153,MREID_0010153
10154,MREID_0010154
10155,MREID_0010155
10156,MREID_0010157
10157,MREID_0010156
10158,MREID_0010158
10159,MREID_0010159
10160,MREID_0010160
10161,MREID_0010161
10162,MREID_0010162
10163,MREID_0010163
10164,MREID_0010164
10165,MREID_0010165
10166,MREID_0010166
10167,MREID_0010167
10168,MREID_0010168
10169,MREID_0010169
10170,MREID_0010170
10171,MREID_0010171
10172,MREID_0010172
10173,MREID_0010173
10174,MREID_0010174
10175,MREID_0010175
10176,MREID_0010176
10177,MREID_0010177
10178,MREID_0010178
10179,MREID_0010179
10180,MREID_0010180
10181,MREID_0010181
10182,MREID_0010182
10183,MREID_0010183
10184,MREID_0010184
10185,MREID_0010185
10186,MREID_0010186
10187,MREID_0010187
10188,MREID_0010188
10189,MREID_0010189
10190,MREID_0010190
10191,MREID_0010191
10192,MREID_0010192
10193,MREID_0010193
10194,MREID_0010194
10195,MREID_0010195
10196,MREID_0010196
10197,MREID_0010197
10198,MREID_0010198
10199,MREID_0010199
10200,MREID_0010200
10201,MREID_0010201
10202,MREID_0010202
10203,MREID_0010203
10204,MREID_0010204
10205,MREID_0010205
10206,MREID_0010206
10207,MREID_0010207
10208,MREID_0010208
10209,MREID_0010209
10210,MREID_0010210
10211,MREID_0010211
10212,MREID_0010212
10213,MREID_0010213
10214,MREID_0010214
10215,MREID_0010215
10216,MREID_0010216
10217,MREID_0010217
10218,MREID_0010218
10219,MREID_0010219
10220,MREID_0010220
10221,MREID_0010221
10222,MREID_0010222
10223,MREID_0010223
10224,MREID_0010224
10225,MREID_0010225
10226,MREID_0010226
10227,MREID_0010227
10228,MREID_0010228
10229,MREID_0010229
10230,MREID_0010230
10231,MREID_0010231
10232,MREID_0010233
10233,MREID_0010232
10234,MREID_0010234
10235,MREID_0010235
10236,MREID_0010236
10237,MREID_0010237
10238,MREID_0010238
10239,MREID_0010239
10240,MREID_0010240
10241,MREID_0010241
10242,MREID_0010242
10243,MREID_0010243
10244,MREID_0010244
10245,MREID_0010245
10246,MREID_0010246
10247,MREID_0010247
10248,MREID_0010248
10249,MREID_0010249
10250,MREID_0010250
10251,MREID_0010251
10252,MREID_0010252
10253,MREID_0010253
10254,MREID_0010254
10255,MREID_0010255
10256,MREID_0010256
10257,MREID_0010257
10258,MREID_0010258
10259,MREID_0010259
10260,MREID_0010260
10261,MREID_0010261
10262,MREID_0010262
10263,MREID_0010263
10264,MREID_0010264
10265,MREID_0010265
10266,MREID_0010266
10267,MREID_0010267
10268,MREID_0010268
10269,MREID_0010269
10270,MREID_0010270
10271,MREID_0010271
10272,MREID_0010272
10273,MREID_0010274
10274,MREID_0010273
10275,MREID_0010275
10276,MREID_0010276
10277,MREID_0010277
10278,MREID_0010278
10279,MREID_0010279
10280,MREID_0010280
10281,MREID_0010281
10282,MREID_0010282
10283,MREID_0010283
10284,MREID_0010284
10285,MREID_0010285
10286,MREID_0010286
10287,MREID_0010287
10288,MREID_0010288
10289,MREID_0010289
10290,MREID_0010290
10291,MREID_0010291
10292,MREID_0010292
10293,MREID_0010293
10294,MREID_0010294
10295,MREID_0010295
10296,MREID_0010296
10297,MREID_0010297
10298,MREID_0010298
10299,MREID_0010299
10300,MREID_0010300
10301,MREID_0010301
10302,MREID_0010302
10303,MREID_0010303
10304,MREID_0010304
10305,MREID_0010305
10306,MREID_0010306
10307,MREID_0010307
10308,MREID_0010308
10309,MREID_0010309
10310,MREID_0010310
10311,MREID_0010311
10312,MREID_0010312
10313,MREID_0010313
10314,MREID_0010314
10315,MREID_0010316
10316,MREID_0010317
10317,MREID_0010315
10318,MREID_0010318
10319,MREID_0010319
10320,MREID_0010320
10321,MREID_0010321
10322,MREID_0010322
10323,MREID_0010323
10324,MREID_0010324
10325,MREID_0010325
10326,MREID_0010326
10327,MREID_0010327
10328,MREID_0010328
10329,MREID_0010330
10330,MREID_0010329
10331,MREID_0010331
10332,MREID_0010332
10333,MREID_0010333
10334,MREID_0010334
10335,MREID_0010335
10336,MREID_0010336
10337,MREID_0010337
10338,MREID_0010338
10339,MREID_0010339
10340,MREID_0010340
10341,MREID_0010341
10342,MREID_0010342
10343,MREID_0010343
10344,MREID_0010344
10345,MREID_0010345
10346,MREID_0010346
10347,MREID_0010347
10348,MREID_0010348
10349,MREID_0010349
10350,MREID_0010350
10351,MREID_0010351
10352,MREID_0010352
10353,MREID_0010353
10354,MREID_0010354
10355,MREID_0010355
10356,MREID_0010356
10357,MREID_0010357
10358,MREID_0010358
10359,MREID_0010359
10360,MREID_0010360
10361,MREID_0010361
10362,MREID_0010362
10363,MREID_0010363
10364,MREID_0010364
10365,MREID_0010365
10366,MREID_0010366
10367,MREID_0010367
10368,MREID_0010368
10369,MREID_0010369
10370,MREID_0010370
10371,MREID_0010371
10372,MREID_0010372
10373,MREID_0010373
10374,MREID_0010374
10375,MREID_0010375
10376,MREID_0010376
10377,MREID_0010377
10378,MREID_0010378
10379,MREID_0010379
10380,MREID_0010380
10381,MREID_0010381
10382,MREID_0010382
10383,MREID_0010383
10384,MREID_0010384
10385,MREID_0010385
10386,MREID_0010386
10387,MREID_0010387
10388,MREID_0010388
10389,MREID_0010389
10390,MREID_0010390
10391,MREID_0010391
10392,MREID_0010392
10393,MREID_0010393
10394,MREID_0010394
10395,MREID_0010395
10396,MREID_0010396
10397,MREID_0010397
10398,MREID_0010398
10399,MREID_0010399
10400,MREID_0010400
10401,MREID_0010401
10402,MREID_0010402
10403,MREID_0010403
10404,MREID_0010404
10405,MREID_0010405
10406,MREID_0010406
10407,MREID_0010407
10408,MREID_0010408
10409,MREID_0010409
10410,MREID_0010410
10411,MREID_0010411
10412,MREID_0010412
10413,MREID_0010413
10414,MREID_0010414
10415,MREID_0010415
10416,MREID_0010416
10417,MREID_0010417
10418,MREID_0010418
10419,MREID_0010419
10420,MREID_0010420
10421,MREID_0010421
10422,MREID_0010422
10423,MREID_0010423
10424,MREID_0010424
10425,MREID_0010425
10426,MREID_0010426
10427,MREID_0010427
10428,MREID_0010428
10429,MREID_0010429
10430,MREID_0010430
10431,MREID_0010431
10432,MREID_0010432
10433,MREID_0010433
10434,MREID_0010434
10435,MREID_0010435
10436,MREID_0010436
10437,MREID_0010437
10438,MREID_0010438
10439,MREID_0010439
10440,MREID_0010440
10441,MREID_0010441
10442,MREID_0010442
10443,MREID_0010443
10444,MREID_0010444
10445,MREID_0010445
10446,MREID_0010446
10447,MREID_0010447
10448,MREID_0010448
10449,MREID_0010449
10450,MREID_0010450
10451,MREID_0010451
10452,MREID_0010452
10453,MREID_0010453
10454,MREID_0010454
10455,MREID_0010455
10456,MREID_0010456
10457,MREID_0010457
10458,MREID_0010458
10459,MREID_0010459
10460,MREID_0010460
10461,MREID_0010461
10462,MREID_0010462
10463,MREID_0010463
10464,MREID_0010464
10465,MREID_0010465
10466,MREID_0010466
10467,MREID_0010468
10468,MREID_0010467
10469,MREID_0010469
10470,MREID_0010470
10471,MREID_0010471
10472,MREID_0010472
10473,MREID_0010473
10474,MREID_0010474
10475,MREID_0010475
10476,MREID_0010476
10477,MREID_0010477
10478,MREID_0010478
10479,MREID_0010479
10480,MREID_0010480
10481,MREID_0010481
10482,MREID_0010482
10483,MREID_0010483
10484,MREID_0010484
10485,MREID_0010485
10486,MREID_0010486
10487,MREID_0010487
10488,MREID_0010488
10489,MREID_0010489
10490,MREID_0010490
10491,MREID_0010491
10492,MREID_0010492
10493,MREID_0010493
10494,MREID_0010494
10495,MREID_0010495
10496,MREID_0010496
10497,MREID_0010498
10498,MREID_0010497
10499,MREID_0010500
10500,MREID_0010499
10501,MREID_0010501
10502,MREID_0010502
10503,MREID_0010503
10504,MREID_0010504
10505,MREID_0010505
10506,MREID_0010506
10507,MREID_0010507
10508,MREID_0010508
10509,MREID_0010509
10510,MREID_0010510
10511,MREID_0010511
10512,MREID_0010512
10513,MREID_0010513
10514,MREID_0010514
10515,MREID_0010515
10516,MREID_0010516
10517,MREID_0010517
10518,MREID_0010518
10519,MREID_0010519
10520,MREID_0010520
10521,MREID_0010521
10522,MREID_0010522
10523,MREID_0010523
10524,MREID_0010524
10525,MREID_0010525
10526,MREID_0010526
10527,MREID_0010527
10528,MREID_0010528
10529,MREID_0010529
10530,MREID_0010530
10531,MREID_0010531
10532,MREID_0010532
10533,MREID_0010533
10534,MREID_0010534
10535,MREID_0010535
10536,MREID_0010536
10537,MREID_0010537
10538,MREID_0010538
10539,MREID_0010539
10540,MREID_0010540
10541,MREID_0010541
10542,MREID_0010542
10543,MREID_0010543
10544,MREID_0010544
10545,MREID_0010545
10546,MREID_0010546
10547,MREID_0010547
10548,MREID_0010548
10549,MREID_0010549
10550,MREID_0010550
10551,MREID_0010551
10552,MREID_0010552
10553,MREID_0010553
10554,MREID_0010554
10555,MREID_0010555
10556,MREID_0010556
10557,MREID_0010557
10558,MREID_0010558
10559,MREID_0010559
10560,MREID_0010560
10561,MREID_0010561
10562,MREID_0010562
10563,MREID_0010563
10564,MREID_0010564
10565,MREID_0010565
10566,MREID_0010566
10567,MREID_0010567
10568,MREID_0010568
10569,MREID_0010569
10570,MREID_0010570
10571,MREID_0010571
10572,MREID_0010572
10573,MREID_0010573
10574,MREID_0010574
10575,MREID_0010575
10576,MREID_0010576
10577,MREID_0010577
10578,MREID_0010578
10579,MREID_0010579
10580,MREID_0010580
10581,MREID_0010581
10582,MREID_0010582
10583,MREID_0010583
10584,MREID_0010584
10585,MREID_0010585
10586,MREID_0010586
10587,MREID_0010587
10588,MREID_0010588
10589,MREID_0010589
10590,MREID_0010590
10591,MREID_0010591
10592,MREID_0010592
10593,MREID_0010593
10594,MREID_0010594
10595,MREID_0010595
10596,MREID_0010596
10597,MREID_0010597
10598,MREID_0010598
10599,MREID_0010599
10600,MREID_0010600
10601,MREID_0010601
10602,MREID_0010602
10603,MREID_0010603
10604,MREID_0010604
10605,MREID_0010605
10606,MREID_0010606
10607,MREID_0010607
10608,MREID_0010608
10609,MREID_0010609
10610,MREID_0010610
10611,MREID_0010611
10612,MREID_0010612
10613,MREID_0010613
10614,MREID_0010614
10615,MREID_0010615
10616,MREID_0010616
10617,MREID_0010617
10618,MREID_0010618
10619,MREID_0010619
10620,MREID_0010620
10621,MREID_0010621
10622,MREID_0010622
10623,MREID_0010623
10624,MREID_0010624
10625,MREID_0010625
10626,MREID_0010626
10627,MREID_0010627
10628,MREID_0010628
10629,MREID_0010629
10630,MREID_0010630
10631,MREID_0010631
10632,MREID_0010632
10633,MREID_0010633
10634,MREID_0010634
10635,MREID_0010635
10636,MREID_0010636
10637,MREID_0010637
10638,MREID_0010638
10639,MREID_0010639
10640,MREID_0010640
10641,MREID_0010641
10642,MREID_0010642
10643,MREID_0010643
10644,MREID_0010644
10645,MREID_0010645
10646,MREID_0010646
10647,MREID_0010647
10648,MREID_0010648
10649,MREID_0010649
10650,MREID_0010650
10651,MREID_0010651
10652,MREID_0010652
10653,MREID_0010653
10654,MREID_0010654
10655,MREID_0010655
10656,MREID_0010656
10657,MREID_0010657
10658,MREID_0010658
10659,MREID_0010659
10660,MREID_0010660
10661,MREID_0010661
10662,MREID_0010662
10663,MREID_0010663
10664,MREID_0010664
10665,MREID_0010665
10666,MREID_0010666
10667,MREID_0010667
10668,MREID_0010668
10669,MREID_0010669
10670,MREID_0010670
10671,MREID_0010671
10672,MREID_0010672
10673,MREID_0010673
10674,MREID_0010674
10675,MREID_0010675
10676,MREID_0010676
10677,MREID_0010677
10678,MREID_0010678
10679,MREID_0010679
10680,MREID_0010680
10681,MREID_0010681
10682,MREID_0010682
10683,MREID_0010683
10684,MREID_0010684
10685,MREID_0010685
10686,MREID_0010686
10687,MREID_0010687
10688,MREID_0010688
10689,MREID_0010689
10690,MREID_0010690
10691,MREID_0010691
10692,MREID_0010692
10693,MREID_0010693
10694,MREID_0010694
10695,MREID_0010695
10696,MREID_0010696
10697,MREID_0010697
10698,MREID_0010698
10699,MREID_0010699
10700,MREID_0010700
10701,MREID_0010701
10702,MREID_0010702
10703,MREID_0010703
10704,MREID_0010704
10705,MREID_0010705
10706,MREID_0010706
10707,MREID_0010707
10708,MREID_0010708
10709,MREID_0010709
10710,MREID_0010710
10711,MREID_0010711
10712,MREID_0010712
10713,MREID_0010713
10714,MREID_0010714
10715,MREID_0010715
10716,MREID_0010716
10717,MREID_0010717
10718,MREID_0010718
10719,MREID_0010719
10720,MREID_0010720
10721,MREID_0010721
10722,MREID_0010722
10723,MREID_0010723
10724,MREID_0010724
10725,MREID_0010725
10726,MREID_0010726
10727,MREID_0010727
10728,MREID_0010728
10729,MREID_0010729
10730,MREID_0010730
10731,MREID_0010731
10732,MREID_0010732
10733,MREID_0010733
10734,MREID_0010734
10735,MREID_0010735
10736,MREID_0010736
10737,MREID_0010737
10738,MREID_0010738
10739,MREID_0010739
10740,MREID_0010740
10741,MREID_0010741
10742,MREID_0010742
10743,MREID_0010743
10744,MREID_0010744
10745,MREID_0010745
10746,MREID_0010746
10747,MREID_0010747
10748,MREID_0010748
10749,MREID_0010749
10750,MREID_0010750
10751,MREID_0010751
10752,MREID_0010752
10753,MREID_0010753
10754,MREID_0010754
10755,MREID_0010755
10756,MREID_0010756
10757,MREID_0010757
10758,MREID_0010758
10759,MREID_0010759
10760,MREID_0010760
10761,MREID_0010761
10762,MREID_0010762
10763,MREID_0010763
10764,MREID_0010764
10765,MREID_0010765
10766,MREID_0010766
10767,MREID_0010767
10768,MREID_0010768
10769,MREID_0010769
10770,MREID_0010770
10771,MREID_0010771
10772,MREID_0010772
10773,MREID_0010773
10774,MREID_0010774
10775,MREID_0010775
10776,MREID_0010776
10777,MREID_0010777
10778,MREID_0010778
10779,MREID_0010779
10780,MREID_0010780
10781,MREID_0010781
10782,MREID_0010782
10783,MREID_0010783
10784,MREID_0010784
10785,MREID_0010785
10786,MREID_0010786
10787,MREID_0010787
10788,MREID_0010788
10789,MREID_0010789
10790,MREID_0010790
10791,MREID_0010791
10792,MREID_0010792
10793,MREID_0010793
10794,MREID_0010794
10795,MREID_0010795
10796,MREID_0010796
10797,MREID_0010797
10798,MREID_0010798
10799,MREID_0010799
10800,MREID_0010800
10801,MREID_0010801
10802,MREID_0010802
10803,MREID_0010803
10804,MREID_0010804
10805,MREID_0010805
10806,MREID_0010806
10807,MREID_0010807
10808,MREID_0010808
10809,MREID_0010809
10810,MREID_0010810
10811,MREID_0010811
10812,MREID_0010812
10813,MREID_0010813
10814,MREID_0010814
10815,MREID_0010815
10816,MREID_0010816
10817,MREID_0010817
10818,MREID_0010818
10819,MREID_0010819
10820,MREID_0010820
10821,MREID_0010821
10822,MREID_0010822
10823,MREID_0010823
10824,MREID_0010824
10825,MREID_0010825
10826,MREID_0010826
10827,MREID_0010827
10828,MREID_0010828
10829,MREID_0010829
10830,MREID_0010830
10831,MREID_0010831
10832,MREID_0010832
10833,MREID_0010833
10834,MREID_0010834
10835,MREID_0010835
10836,MREID_0010836
10837,MREID_0010837
10838,MREID_0010838
10839,MREID_0010839
10840,MREID_0010840
10841,MREID_0010841
10842,MREID_0010842
10843,MREID_0010843
10844,MREID_0010844
10845,MREID_0010845
10846,MREID_0010846
10847,MREID_0010847
10848,MREID_0010848
10849,MREID_0010849
10850,MREID_0010850
10851,MREID_0010851
10852,MREID_0010852
10853,MREID_0010853
10854,MREID_0010854
10855,MREID_0010855
10856,MREID_0010856
10857,MREID_0010857
10858,MREID_0010858
10859,MREID_0010859
10860,MREID_0010860
10861,MREID_0010861
10862,MREID_0010862
10863,MREID_0010863
10864,MREID_0010864
10865,MREID_0010865
10866,MREID_0010866
10867,MREID_0010867
10868,MREID_0010868
10869,MREID_0010869
10870,MREID_0010870
10871,MREID_0010871
10872,MREID_0010872
10873,MREID_0010873
10874,MREID_0010874
10875,MREID_0010875
10876,MREID_0010876
10877,MREID_0010877
10878,MREID_0010878
10879,MREID_0010879
10880,MREID_0010880
10881,MREID_0010881
10882,MREID_0010883
10883,MREID_0010882
10884,MREID_0010884
10885,MREID_0010885
10886,MREID_0010886
10887,MREID_0010887
10888,MREID_0010888
10889,MREID_0010889
10890,MREID_0010890
10891,MREID_0010891
10892,MREID_0010892
10893,MREID_0010893
10894,MREID_0010894
10895,MREID_0010895
10896,MREID_0010896
10897,MREID_0010897
10898,MREID_0010898
10899,MREID_0010899
10900,MREID_0010900
10901,MREID_0010901
10902,MREID_0010902
10903,MREID_0010903
10904,MREID_0010904
10905,MREID_0010905
10906,MREID_0010906
10907,MREID_0010907
10908,MREID_0010908
10909,MREID_0010909
10910,MREID_0010910
10911,MREID_0010911
10912,MREID_0010912
10913,MREID_0010913
10914,MREID_0010914
10915,MREID_0010915
10916,MREID_0010916
10917,MREID_0010917
10918,MREID_0010918
10919,MREID_0010919
10920,MREID_0010920
10921,MREID_0010921
10922,MREID_0010922
10923,MREID_0010923
10924,MREID_0010924
10925,MREID_0010925
10926,MREID_0010926
10927,MREID_0010927
10928,MREID_0010928
10929,MREID_0010929
10930,MREID_0010930
10931,MREID_0010931
10932,MREID_0010932
10933,MREID_0010933
10934,MREID_0010934
10935,MREID_0010935
10936,MREID_0010936
10937,MREID_0010937
10938,MREID_0010938
10939,MREID_0010939
10940,MREID_0010940
10941,MREID_0010941
10942,MREID_0010942
10943,MREID_0010943
10944,MREID_0010944
10945,MREID_0010945
10946,MREID_0010946
10947,MREID_0010947
10948,MREID_0010948
10949,MREID_0010949
10950,MREID_0010950
10951,MREID_0010951
10952,MREID_0010952
10953,MREID_0010953
10954,MREID_0010954
10955,MREID_0010955
10956,MREID_0010956
10957,MREID_0010957
10958,MREID_0010958
10959,MREID_0010959
10960,MREID_0010960
10961,MREID_0010961
10962,MREID_0010962
10963,MREID_0010963
10964,MREID_0010964
10965,MREID_0010965
10966,MREID_0010966
10967,MREID_0010967
10968,MREID_0010968
10969,MREID_0010969
10970,MREID_0010970
10971,MREID_0010971
10972,MREID_0010972
10973,MREID_0010973
10974,MREID_0010974
10975,MREID_0010975
10976,MREID_0010976
10977,MREID_0010977
10978,MREID_0010978
10979,MREID_0010979
10980,MREID_0010980
10981,MREID_0010981
10982,MREID_0010982
10983,MREID_0010983
10984,MREID_0010984
10985,MREID_0010985
10986,MREID_0010986
10987,MREID_0010987
10988,MREID_0010988
10989,MREID_0010989
10990,MREID_0010990
10991,MREID_0010991
10992,MREID_0010992
10993,MREID_0010993
10994,MREID_0010994
10995,MREID_0010995
10996,MREID_0010996
10997,MREID_0010997
10998,MREID_0010998
10999,MREID_0010999
11000,MREID_0011000
11001,MREID_0011001
11002,MREID_0011002
11003,MREID_0011003
11004,MREID_0011004
11005,MREID_0011005
11006,MREID_0011006
11007,MREID_0011007
11008,MREID_0011008
11009,MREID_0011009
11010,MREID_0011010
11011,MREID_0011011
11012,MREID_0011012
11013,MREID_0011013
11014,MREID_0011014
11015,MREID_0011015
11016,MREID_0011016
11017,MREID_0011017
11018,MREID_0011018
11019,MREID_0011019
11020,MREID_0011020
11021,MREID_0011021
11022,MREID_0011022
11023,MREID_0011023
11024,MREID_0011024
11025,MREID_0011025
11026,MREID_0011026
11027,MREID_0011027
11028,MREID_0011028
11029,MREID_0011029
11030,MREID_0011030
11031,MREID_0011031
11032,MREID_0011032
11033,MREID_0011033
11034,MREID_0011034
11035,MREID_0011035
11036,MREID_0011036
11037,MREID_0011037
11038,MREID_0011038
11039,MREID_0011039
11040,MREID_0011040
11041,MREID_0011041
11042,MREID_0011042
11043,MREID_0011043
11044,MREID_0011045
11045,MREID_0011044
11046,MREID_0011046
11047,MREID_0011047
11048,MREID_0011048
11049,MREID_0011049
11050,MREID_0011050
11051,MREID_0011051
11052,MREID_0011052
11053,MREID_0011053
11054,MREID_0011054
11055,MREID_0011055
11056,MREID_0011056
11057,MREID_0011057
11058,MREID_0011058
11059,MREID_0011059
11060,MREID_0011060
11061,MREID_0011061
11062,MREID_0011062
11063,MREID_0011063
11064,MREID_0011064
11065,MREID_0011065
11066,MREID_0011066
11067,MREID_0011067
11068,MREID_0011068
11069,MREID_0011069
11070,MREID_0011070
11071,MREID_0011071
11072,MREID_0011072
11073,MREID_0011073
11074,MREID_0011074
11075,MREID_0011075
11076,MREID_0011076
11077,MREID_0011077
11078,MREID_0011078
11079,MREID_0011079
11080,MREID_0011080
11081,MREID_0011081
11082,MREID_0011082
11083,MREID_0011083
11084,MREID_0011084
11085,MREID_0011085
11086,MREID_0011086
11087,MREID_0011087
11088,MREID_0011088
11089,MREID_0011089
11090,MREID_0011090
11091,MREID_0011091
11092,MREID_0011092
11093,MREID_0011093
11094,MREID_0011094
11095,MREID_0011095
11096,MREID_0011096
11097,MREID_0011097
11098,MREID_0011098
11099,MREID_0011099
11100,MREID_0011100
11101,MREID_0011101
11102,MREID_0011102
11103,MREID_0011103
11104,MREID_0011104
11105,MREID_0011105
11106,MREID_0011106
11107,MREID_0011107
11108,MREID_0011108
11109,MREID_0011109
11110,MREID_0011110
11111,MREID_0011111
11112,MREID_0011112
11113,MREID_0011113
11114,MREID_0011114
11115,MREID_0011115
11116,MREID_0011116
11117,MREID_0011117
11118,MREID_0011118
11119,MREID_0011119
11120,MREID_0011120
11121,MREID_0011121
11122,MREID_0011122
11123,MREID_0011123
11124,MREID_0011124
11125,MREID_0011125
11126,MREID_0011126
11127,MREID_0011127
11128,MREID_0011128
11129,MREID_0011129
11130,MREID_0011130
11131,MREID_0011131
11132,MREID_0011132
11133,MREID_0011133
11134,MREID_0011134
11135,MREID_0011135
11136,MREID_0011136
11137,MREID_0011137
11138,MREID_0011138
11139,MREID_0011139
11140,MREID_0011140
11141,MREID_0011141
11142,MREID_0011142
11143,MREID_0011143
11144,MREID_0011144
11145,MREID_0011145
11146,MREID_0011146
11147,MREID_0011147
11148,MREID_0011148
11149,MREID_0011149
11150,MREID_0011150
11151,MREID_0011151
11152,MREID_0011152
11153,MREID_0011153
11154,MREID_0011154
11155,MREID_0011155
11156,MREID_0011156
11157,MREID_0011157
11158,MREID_0011158
11159,MREID_0011159
11160,MREID_0011160
11161,MREID_0011161
11162,MREID_0011162
11163,MREID_0011163
11164,MREID_0011164
11165,MREID_0011165
11166,MREID_0011166
11167,MREID_0011167
11168,MREID_0011168
11169,MREID_0011169
11170,MREID_0011170
11171,MREID_0011171
11172,MREID_0011172
11173,MREID_0011173
11174,MREID_0011174
11175,MREID_0011175
11176,MREID_0011176
11177,MREID_0011177
11178,MREID_0011178
11179,MREID_0011179
11180,MREID_0011180
11181,MREID_0011181
11182,MREID_0011182
11183,MREID_0011183
11184,MREID_0011184
11185,MREID_0011185
11186,MREID_0011186
11187,MREID_0011187
11188,MREID_0011188
11189,MREID_0011189
11190,MREID_0011190
11191,MREID_0011191
11192,MREID_0011192
11193,MREID_0011193
11194,MREID_0011194
11195,MREID_0011195
11196,MREID_0011196
11197,MREID_0011197
11198,MREID_0011198
11199,MREID_0011199
11200,MREID_0011200
11201,MREID_0011201
11202,MREID_0011202
11203,MREID_0011203
11204,MREID_0011204
11205,MREID_0011205
11206,MREID_0011206
11207,MREID_0011207
11208,MREID_0011208
11209,MREID_0011209
11210,MREID_0011210
11211,MREID_0011211
11212,MREID_0011212
11213,MREID_0011213
11214,MREID_0011214
11215,MREID_0011215
11216,MREID_0011216
11217,MREID_0011217
11218,MREID_0011218
11219,MREID_0011219
11220,MREID_0011220
11221,MREID_0011221
11222,MREID_0011222
11223,MREID_0011223
11224,MREID_0011224
11225,MREID_0011225
11226,MREID_0011226
11227,MREID_0011227
11228,MREID_0011228
11229,MREID_0011229
11230,MREID_0011230
11231,MREID_0011231
11232,MREID_0011232
11233,MREID_0011233
11234,MREID_0011234
11235,MREID_0011235
11236,MREID_0011236
11237,MREID_0011237
11238,MREID_0011238
11239,MREID_0011239
11240,MREID_0011240
11241,MREID_0011241
11242,MREID_0011242
11243,MREID_0011243
11244,MREID_0011244
11245,MREID_0011245
11246,MREID_0011246
11247,MREID_0011247
11248,MREID_0011248
11249,MREID_0011249
11250,MREID_0011250
11251,MREID_0011251
11252,MREID_0011252
11253,MREID_0011253
11254,MREID_0011254
11255,MREID_0011255
11256,MREID_0011256
11257,MREID_0011257
11258,MREID_0011258
11259,MREID_0011259
11260,MREID_0011260
11261,MREID_0011261
11262,MREID_0011262
11263,MREID_0011263
11264,MREID_0011264
11265,MREID_0011265
11266,MREID_0011266
11267,MREID_0011267
11268,MREID_0011268
11269,MREID_0011269
11270,MREID_0011270
11271,MREID_0011271
11272,MREID_0011272
11273,MREID_0011273
11274,MREID_0011274
11275,MREID_0011275
11276,MREID_0011276
11277,MREID_0011277
11278,MREID_0011278
11279,MREID_0011279
11280,MREID_0011280
11281,MREID_0011281
11282,MREID_0011282
11283,MREID_0011283
11284,MREID_0011284
11285,MREID_0011285
11286,MREID_0011286
11287,MREID_0011287
11288,MREID_0011288
11289,MREID_0011289
11290,MREID_0011290
11291,MREID_0011291
11292,MREID_0011292
11293,MREID_0011293
11294,MREID_0011294
11295,MREID_0011295
11296,MREID_0011296
11297,MREID_0011297
11298,MREID_0011298
11299,MREID_0011299
11300,MREID_0011300
11301,MREID_0011301
11302,MREID_0011302
11303,MREID_0011303
11304,MREID_0011304
11305,MREID_0011305
11306,MREID_0011306
11307,MREID_0011307
11308,MREID_0011308
11309,MREID_0011309
11310,MREID_0011310
11311,MREID_0011311
11312,MREID_0011312
11313,MREID_0011313
11314,MREID_0011314
11315,MREID_0011315
11316,MREID_0011316
11317,MREID_0011317
11318,MREID_0011318
11319,MREID_0011319
11320,MREID_0011320
11321,MREID_0011321
11322,MREID_0011322
11323,MREID_0011323
11324,MREID_0011324
11325,MREID_0011325
11326,MREID_0011326
11327,MREID_0011327
11328,MREID_0011328
11329,MREID_0011329
11330,MREID_0011330
11331,MREID_0011331
11332,MREID_0011332
11333,MREID_0011333
11334,MREID_0011334
11335,MREID_0011335
11336,MREID_0011336
11337,MREID_0011337
11338,MREID_0011338
11339,MREID_0011339
11340,MREID_0011340
11341,MREID_0011341
11342,MREID_0011342
11343,MREID_0011343
11344,MREID_0011344
11345,MREID_0011345
11346,MREID_0011346
11347,MREID_0011347
11348,MREID_0011348
11349,MREID_0011349
11350,MREID_0011350
11351,MREID_0011351
11352,MREID_0011352
11353,MREID_0011353
11354,MREID_0011354
11355,MREID_0011355
11356,MREID_0011356
11357,MREID_0011357
11358,MREID_0011358
11359,MREID_0011359
11360,MREID_0011360
11361,MREID_0011361
11362,MREID_0011362
11363,MREID_0011363
11364,MREID_0011364
11365,MREID_0011365
11366,MREID_0011366
11367,MREID_0011367
11368,MREID_0011368
11369,MREID_0011369
11370,MREID_0011370
11371,MREID_0011371
11372,MREID_0011372
11373,MREID_0011373
11374,MREID_0011374
11375,MREID_0011375
11376,MREID_0011376
11377,MREID_0011378
11378,MREID_0011377
11379,MREID_0011380
11380,MREID_0011379
11381,MREID_0011381
11382,MREID_0011382
11383,MREID_0011383
11384,MREID_0011384
11385,MREID_0011385
11386,MREID_0011386
11387,MREID_0011387
11388,MREID_0011388
11389,MREID_0011389
11390,MREID_0011390
11391,MREID_0011391
11392,MREID_0011392
11393,MREID_0011393
11394,MREID_0011394
11395,MREID_0011395
11396,MREID_0011396
11397,MREID_0011397
11398,MREID_0011398
11399,MREID_0011399
11400,MREID_0011400
11401,MREID_0011401
11402,MREID_0011402
11403,MREID_0011403
11404,MREID_0011404
11405,MREID_0011405
11406,MREID_0011406
11407,MREID_0011407
11408,MREID_0011408
11409,MREID_0011409
11410,MREID_0011410
11411,MREID_0011411
11412,MREID_0011412
11413,MREID_0011413
11414,MREID_0011414
11415,MREID_0011415
11416,MREID_0011416
11417,MREID_0011417
11418,MREID_0011418
11419,MREID_0011419
11420,MREID_0011420
11421,MREID_0011421
11422,MREID_0011422
11423,MREID_0011423
11424,MREID_0011424
11425,MREID_0011425
11426,MREID_0011426
11427,MREID_0011428
11428,MREID_0011427
11429,MREID_0011429
11430,MREID_0011430
11431,MREID_0011431
11432,MREID_0011432
11433,MREID_0011433
11434,MREID_0011434
11435,MREID_0011435
11436,MREID_0011436
11437,MREID_0011437
11438,MREID_0011438
11439,MREID_0011439
11440,MREID_0011440
11441,MREID_0011441
11442,MREID_0011442
11443,MREID_0011443
11444,MREID_0011444
11445,MREID_0011445
11446,MREID_0011446
11447,MREID_0011447
11448,MREID_0011448
11449,MREID_0011449
11450,MREID_0011450
11451,MREID_0011451
11452,MREID_0011452
11453,MREID_0011453
11454,MREID_0011454
11455,MREID_0011455
11456,MREID_0011456
11457,MREID_0011457
11458,MREID_0011458
11459,MREID_0011459
11460,MREID_0011460
11461,MREID_0011461
11462,MREID_0011462
11463,MREID_0011463
11464,MREID_0011464
11465,MREID_0011465
11466,MREID_0011466
11467,MREID_0011467
11468,MREID_0011468
11469,MREID_0011469
11470,MREID_0011470
11471,MREID_0011471
11472,MREID_0011472
11473,MREID_0011473
11474,MREID_0011474
11475,MREID_0011475
11476,MREID_0011476
11477,MREID_0011477
11478,MREID_0011478
11479,MREID_0011479
11480,MREID_0011480
11481,MREID_0011481
11482,MREID_0011482
11483,MREID_0011483
11484,MREID_0011484
11485,MREID_0011485
11486,MREID_0011486
11487,MREID_0011487
11488,MREID_0011488
11489,MREID_0011489
11490,MREID_0011490
11491,MREID_0011491
11492,MREID_0011492
11493,MREID_0011493
11494,MREID_0011494
11495,MREID_0011495
11496,MREID_0011496
11497,MREID_0011497
11498,MREID_0011498
11499,MREID_0011499
11500,MREID_0011500
11501,MREID_0011501
11502,MREID_0011502
11503,MREID_0011503
11504,MREID_0011504
11505,MREID_0011505
11506,MREID_0011506
11507,MREID_0011507
11508,MREID_0011508
11509,MREID_0011509
11510,MREID_0011510
11511,MREID_0011511
11512,MREID_0011512
11513,MREID_0011513
11514,MREID_0011514
11515,MREID_0011515
11516,MREID_0011516
11517,MREID_0011517
11518,MREID_0011518
11519,MREID_0011519
11520,MREID_0011520
11521,MREID_0011521
11522,MREID_0011522
11523,MREID_0011523
11524,MREID_0011524
11525,MREID_0011525
11526,MREID_0011526
11527,MREID_0011527
11528,MREID_0011528
11529,MREID_0011529
11530,MREID_0011530
11531,MREID_0011531
11532,MREID_0011532
11533,MREID_0011533
11534,MREID_0011534
11535,MREID_0011535
11536,MREID_0011536
11537,MREID_0011537
11538,MREID_0011538
11539,MREID_0011539
11540,MREID_0011540
11541,MREID_0011541
11542,MREID_0011542
11543,MREID_0011543
11544,MREID_0011544
11545,MREID_0011545
11546,MREID_0011546
11547,MREID_0011547
11548,MREID_0011548
11549,MREID_0011549
11550,MREID_0011550
11551,MREID_0011551
11552,MREID_0011552
11553,MREID_0011553
11554,MREID_0011554
11555,MREID_0011555
11556,MREID_0011556
11557,MREID_0011557
11558,MREID_0011558
11559,MREID_0011559
11560,MREID_0011560
11561,MREID_0011561
11562,MREID_0011563
11563,MREID_0011562
11564,MREID_0011564
11565,MREID_0011565
11566,MREID_0011566
11567,MREID_0011567
11568,MREID_0011568
11569,MREID_0011569
11570,MREID_0011570
11571,MREID_0011571
11572,MREID_0011572
11573,MREID_0011573
11574,MREID_0011574
11575,MREID_0011575
11576,MREID_0011576
11577,MREID_0011577
11578,MREID_0011578
11579,MREID_0011579
11580,MREID_0011580
11581,MREID_0011581
11582,MREID_0011582
11583,MREID_0011583
11584,MREID_0011584
11585,MREID_0011585
11586,MREID_0011586
11587,MREID_0011587
11588,MREID_0011588
11589,MREID_0011589
11590,MREID_0011590
11591,MREID_0011591
11592,MREID_0011593
11593,MREID_0011594
11594,MREID_0011592
11595,MREID_0011595
11596,MREID_0011596
11597,MREID_0011597
11598,MREID_0011598
11599,MREID_0011599
11600,MREID_0011600
11601,MREID_0011601
11602,MREID_0011602
11603,MREID_0011603
11604,MREID_0011604
11605,MREID_0011605
11606,MREID_0011606
11607,MREID_0011607
11608,MREID_0011608
11609,MREID_0011609
11610,MREID_0011610
11611,MREID_0011612
11612,MREID_0011613
11613,MREID_0011614
11614,MREID_0011611
11615,MREID_0011615
11616,MREID_0011616
11617,MREID_0011617
11618,MREID_0011618
11619,MREID_0011619
11620,MREID_0011620
11621,MREID_0011621
11622,MREID_0011622
11623,MREID_0011623
11624,MREID_0011624
11625,MREID_0011625
11626,MREID_0011626
11627,MREID_0011627
11628,MREID_0011628
11629,MREID_0011629
11630,MREID_0011630
11631,MREID_0011631
11632,MREID_0011632
11633,MREID_0011633
11634,MREID_0011634
11635,MREID_0011635
11636,MREID_0011636
11637,MREID_0011637
11638,MREID_0011638
11639,MREID_0011639
11640,MREID_0011640
11641,MREID_0011641
11642,MREID_0011642
11643,MREID_0011643
11644,MREID_0011644
11645,MREID_0011645
11646,MREID_0011646
11647,MREID_0011647
11648,MREID_0011648
11649,MREID_0011649
11650,MREID_0011650
11651,MREID_0011651
11652,MREID_0011652
11653,MREID_0011653
11654,MREID_0011654
11655,MREID_0011655
11656,MREID_0011656
11657,MREID_0011657
11658,MREID_0011658
11659,MREID_0011659
11660,MREID_0011660
11661,MREID_0011661
11662,MREID_0011662
11663,MREID_0011663
11664,MREID_0011664
11665,MREID_0011665
11666,MREID_0011666
11667,MREID_0011667
11668,MREID_0011668
11669,MREID_0011669
11670,MREID_0011670
11671,MREID_0011671
11672,MREID_0011672
11673,MREID_0011673
11674,MREID_0011674
11675,MREID_0011675
11676,MREID_0011676
11677,MREID_0011677
11678,MREID_0011678
11679,MREID_0011679
11680,MREID_0011680
11681,MREID_0011681
11682,MREID_0011682
11683,MREID_0011683
11684,MREID_0011684
11685,MREID_0011685
11686,MREID_0011686
11687,MREID_0011687
11688,MREID_0011688
11689,MREID_0011689
11690,MREID_0011690
11691,MREID_0011691
11692,MREID_0011692
11693,MREID_0011693
11694,MREID_0011694
11695,MREID_0011695
11696,MREID_0011696
11697,MREID_0011697
11698,MREID_0011698
11699,MREID_0011699
11700,MREID_0011700
11701,MREID_0011701
11702,MREID_0011702
11703,MREID_0011703
11704,MREID_0011704
11705,MREID_0011705
11706,MREID_0011706
11707,MREID_0011707
11708,MREID_0011708
11709,MREID_0011709
11710,MREID_0011710
11711,MREID_0011711
11712,MREID_0011712
11713,MREID_0011713
11714,MREID_0011714
11715,MREID_0011715
11716,MREID_0011716
11717,MREID_0011717
11718,MREID_0011718
11719,MREID_0011719
11720,MREID_0011720
11721,MREID_0011721
11722,MREID_0011722
11723,MREID_0011723
11724,MREID_0011724
11725,MREID_0011725
11726,MREID_0011726
11727,MREID_0011727
11728,MREID_0011728
11729,MREID_0011729
11730,MREID_0011730
11731,MREID_0011731
11732,MREID_0011732
11733,MREID_0011733
11734,MREID_0011734
11735,MREID_0011735
11736,MREID_0011736
11737,MREID_0011737
11738,MREID_0011738
11739,MREID_0011739
11740,MREID_0011740
11741,MREID_0011741
11742,MREID_0011742
11743,MREID_0011743
11744,MREID_0011744
11745,MREID_0011745
11746,MREID_0011746
11747,MREID_0011747
11748,MREID_0011748
11749,MREID_0011749
11750,MREID_0011750
11751,MREID_0011751
11752,MREID_0011752
11753,MREID_0011753
11754,MREID_0011754
11755,MREID_0011755
11756,MREID_0011756
11757,MREID_0011757
11758,MREID_0011758
11759,MREID_0011759
11760,MREID_0011760
11761,MREID_0011761
11762,MREID_0011762
11763,MREID_0011763
11764,MREID_0011764
11765,MREID_0011765
11766,MREID_0011766
11767,MREID_0011767
11768,MREID_0011768
11769,MREID_0011769
11770,MREID_0011770
11771,MREID_0011771
11772,MREID_0011772
11773,MREID_0011773
11774,MREID_0011774
11775,MREID_0011775
11776,MREID_0011776
11777,MREID_0011777
11778,MREID_0011778
11779,MREID_0011779
11780,MREID_0011780
11781,MREID_0011781
11782,MREID_0011782
11783,MREID_0011783
11784,MREID_0011784
11785,MREID_0011785
11786,MREID_0011786
11787,MREID_0011787
11788,MREID_0011788
11789,MREID_0011789
11790,MREID_0011790
11791,MREID_0011791
11792,MREID_0011792
11793,MREID_0011793
11794,MREID_0011794
11795,MREID_0011795
11796,MREID_0011796
11797,MREID_0011797
11798,MREID_0011798
11799,MREID_0011799
11800,MREID_0011800
11801,MREID_0011801
11802,MREID_0011802
11803,MREID_0011803
11804,MREID_0011804
11805,MREID_0011805
11806,MREID_0011806
11807,MREID_0011807
11808,MREID_0011808
11809,MREID_0011809
11810,MREID_0011810
11811,MREID_0011811
11812,MREID_0011812
11813,MREID_0011813
11814,MREID_0011814
11815,MREID_0011815
11816,MREID_0011817
11817,MREID_0011816
11818,MREID_0011818
11819,MREID_0011819
11820,MREID_0011820
11821,MREID_0011821
11822,MREID_0011822
11823,MREID_0011823
11824,MREID_0011824
11825,MREID_0011825
11826,MREID_0011826
11827,MREID_0011827
11828,MREID_0011828
11829,MREID_0011829
11830,MREID_0011830
11831,MREID_0011831
11832,MREID_0011832
11833,MREID_0011833
11834,MREID_0011834
11835,MREID_0011835
11836,MREID_0011836
11837,MREID_0011837
11838,MREID_0011838
11839,MREID_0011839
11840,MREID_0011840
11841,MREID_0011841
11842,MREID_0011842
11843,MREID_0011843
11844,MREID_0011844
11845,MREID_0011845
11846,MREID_0011846
11847,MREID_0011847
11848,MREID_0011848
11849,MREID_0011849
11850,MREID_0011850
11851,MREID_0011851
11852,MREID_0011852
11853,MREID_0011853
11854,MREID_0011854
11855,MREID_0011855
11856,MREID_0011856
11857,MREID_0011857
11858,MREID_0011858
11859,MREID_0011859
11860,MREID_0011860
11861,MREID_0011861
11862,MREID_0011862
11863,MREID_0011863
11864,MREID_0011864
11865,MREID_0011865
11866,MREID_0011866
11867,MREID_0011867
11868,MREID_0011868
11869,MREID_0011869
11870,MREID_0011870
11871,MREID_0011871
11872,MREID_0011872
11873,MREID_0011873
11874,MREID_0011874
11875,MREID_0011875
11876,MREID_0011876
11877,MREID_0011877
11878,MREID_0011878
11879,MREID_0011879
11880,MREID_0011880
11881,MREID_0011881
11882,MREID_0011882
11883,MREID_0011883
11884,MREID_0011884
11885,MREID_0011885
11886,MREID_0011886
11887,MREID_0011887
11888,MREID_0011888
11889,MREID_0011889
11890,MREID_0011890
11891,MREID_0011891
11892,MREID_0011892
11893,MREID_0011893
11894,MREID_0011894
11895,MREID_0011895
11896,MREID_0011896
11897,MREID_0011897
11898,MREID_0011898
11899,MREID_0011899
11900,MREID_0011900
11901,MREID_0011901
11902,MREID_0011902
11903,MREID_0011903
11904,MREID_0011904
11905,MREID_0011905
11906,MREID_0011906
11907,MREID_0011907
11908,MREID_0011908
11909,MREID_0011909
11910,MREID_0011910
11911,MREID_0011911
11912,MREID_0011912
11913,MREID_0011913
11914,MREID_0011914
11915,MREID_0011915
11916,MREID_0011916
11917,MREID_0011917
11918,MREID_0011918
11919,MREID_0011919
11920,MREID_0011920
11921,MREID_0011921
11922,MREID_0011922
11923,MREID_0011923
11924,MREID_0011924
11925,MREID_0011925
11926,MREID_0011926
11927,MREID_0011927
11928,MREID_0011928
11929,MREID_0011929
11930,MREID_0011930
11931,MREID_0011931
11932,MREID_0011932
11933,MREID_0011933
11934,MREID_0011934
11935,MREID_0011935
11936,MREID_0011936
11937,MREID_0011937
11938,MREID_0011938
11939,MREID_0011939
11940,MREID_0011940
11941,MREID_0011941
11942,MREID_0011942
11943,MREID_0011943
11944,MREID_0011944
11945,MREID_0011945
11946,MREID_0011946
11947,MREID_0011947
11948,MREID_0011948
11949,MREID_0011949
11950,MREID_0011950
11951,MREID_0011951
11952,MREID_0011952
11953,MREID_0011953
11954,MREID_0011954
11955,MREID_0011955
11956,MREID_0011956
11957,MREID_0011957
11958,MREID_0011958
11959,MREID_0011959
11960,MREID_0011960
11961,MREID_0011961
11962,MREID_0011962
11963,MREID_0011963
11964,MREID_0011964
11965,MREID_0011965
11966,MREID_0011966
11967,MREID_0011967
11968,MREID_0011968
11969,MREID_0011969
11970,MREID_0011970
11971,MREID_0011971
11972,MREID_0011972
11973,MREID_0011973
11974,MREID_0011974
11975,MREID_0011975
11976,MREID_0011976
11977,MREID_0011977
11978,MREID_0011978
11979,MREID_0011979
11980,MREID_0011980
11981,MREID_0011981
11982,MREID_0011982
11983,MREID_0011983
11984,MREID_0011984
11985,MREID_0011985
11986,MREID_0011986
11987,MREID_0011987
11988,MREID_0011988
11989,MREID_0011989
11990,MREID_0011990
11991,MREID_0011991
11992,MREID_0011992
11993,MREID_0011993
11994,MREID_0011994
11995,MREID_0011995
11996,MREID_0011996
11997,MREID_0011997
11998,MREID_0011998
11999,MREID_0011999
12000,MREID_0012000
12001,MREID_0012001
12002,MREID_0012002
12003,MREID_0012003
12004,MREID_0012004
12005,MREID_0012005
12006,MREID_0012006
12007,MREID_0012007
12008,MREID_0012008
12009,MREID_0012009
12010,MREID_0012010
12011,MREID_0012011
12012,MREID_0012012
12013,MREID_0012013
12014,MREID_0012014
12015,MREID_0012015
12016,MREID_0012016
12017,MREID_0012017
12018,MREID_0012018
12019,MREID_0012019
12020,MREID_0012020
12021,MREID_0012021
12022,MREID_0012022
12023,MREID_0012023
12024,MREID_0012024
12025,MREID_0012025
12026,MREID_0012026
12027,MREID_0012027
12028,MREID_0012028
12029,MREID_0012029
12030,MREID_0012030
12031,MREID_0012031
12032,MREID_0012032
12033,MREID_0012033
12034,MREID_0012034
12035,MREID_0012035
12036,MREID_0012036
12037,MREID_0012037
12038,MREID_0012038
12039,MREID_0012039
12040,MREID_0012040
12041,MREID_0012041
12042,MREID_0012042
12043,MREID_0012043
12044,MREID_0012044
12045,MREID_0012045
12046,MREID_0012046
12047,MREID_0012047
12048,MREID_0012048
12049,MREID_0012049
12050,MREID_0012050
12051,MREID_0012051
12052,MREID_0012052
12053,MREID_0012053
12054,MREID_0012054
12055,MREID_0012055
12056,MREID_0012056
12057,MREID_0012057
12058,MREID_0012058
12059,MREID_0012059
12060,MREID_0012060
12061,MREID_0012061
12062,MREID_0012062
12063,MREID_0012063
12064,MREID_0012064
12065,MREID_0012065
12066,MREID_0012066
12067,MREID_0012067
12068,MREID_0012068
12069,MREID_0012069
12070,MREID_0012070
12071,MREID_0012071
12072,MREID_0012072
12073,MREID_0012073
12074,MREID_0012074
12075,MREID_0012075
12076,MREID_0012076
12077,MREID_0012077
12078,MREID_0012078
12079,MREID_0012079
12080,MREID_0012080
12081,MREID_0012081
12082,MREID_0012082
12083,MREID_0012083
12084,MREID_0012084
12085,MREID_0012085
12086,MREID_0012086
12087,MREID_0012087
12088,MREID_0012088
12089,MREID_0012089
12090,MREID_0012090
12091,MREID_0012091
12092,MREID_0012092
12093,MREID_0012093
12094,MREID_0012094
12095,MREID_0012095
12096,MREID_0012096
12097,MREID_0012097
12098,MREID_0012098
12099,MREID_0012099
12100,MREID_0012100
12101,MREID_0012101
12102,MREID_0012102
12103,MREID_0012103
12104,MREID_0012104
12105,MREID_0012105
12106,MREID_0012106
12107,MREID_0012107
12108,MREID_0012108
12109,MREID_0012109
12110,MREID_0012110
12111,MREID_0012111
12112,MREID_0012112
12113,MREID_0012113
12114,MREID_0012114
12115,MREID_0012116
12116,MREID_0012115
12117,MREID_0012117
12118,MREID_0012118
12119,MREID_0012119
12120,MREID_0012120
12121,MREID_0012121
12122,MREID_0012122
12123,MREID_0012123
12124,MREID_0012124
12125,MREID_0012125
12126,MREID_0012126
12127,MREID_0012127
12128,MREID_0012128
12129,MREID_0012129
12130,MREID_0012130
12131,MREID_0012131
12132,MREID_0012132
12133,MREID_0012133
12134,MREID_0012134
12135,MREID_0012135
12136,MREID_0012136
12137,MREID_0012137
12138,MREID_0012138
12139,MREID_0012139
12140,MREID_0012140
12141,MREID_0012141
12142,MREID_0012142
12143,MREID_0012143
12144,MREID_0012144
12145,MREID_0012145
12146,MREID_0012146
12147,MREID_0012147
12148,MREID_0012148
12149,MREID_0012149
12150,MREID_0012150
12151,MREID_0012151
12152,MREID_0012152
12153,MREID_0012153
12154,MREID_0012154
12155,MREID_0012155
12156,MREID_0012156
12157,MREID_0012157
12158,MREID_0012158
12159,MREID_0012159
12160,MREID_0012160
12161,MREID_0012161
12162,MREID_0012162
12163,MREID_0012163
12164,MREID_0012164
12165,MREID_0012165
12166,MREID_0012166
12167,MREID_0012167
12168,MREID_0012168
12169,MREID_0012169
12170,MREID_0012170
12171,MREID_0012171
12172,MREID_0012172
12173,MREID_0012173
12174,MREID_0012174
12175,MREID_0012175
12176,MREID_0012176
12177,MREID_0012177
12178,MREID_0012178
12179,MREID_0012179
12180,MREID_0012180
12181,MREID_0012181
12182,MREID_0012182
12183,MREID_0012183
12184,MREID_0012184
12185,MREID_0012185
12186,MREID_0012186
12187,MREID_0012187
12188,MREID_0012188
12189,MREID_0012189
12190,MREID_0012190
12191,MREID_0012191
12192,MREID_0012192
12193,MREID_0012193
12194,MREID_0012194
12195,MREID_0012195
12196,MREID_0012196
12197,MREID_0012197
12198,MREID_0012198
12199,MREID_0012199
12200,MREID_0012200
12201,MREID_0012201
12202,MREID_0012202
12203,MREID_0012203
12204,MREID_0012204
12205,MREID_0012205
12206,MREID_0012206
12207,MREID_0012207
12208,MREID_0012209
12209,MREID_0012208
12210,MREID_0012210
12211,MREID_0012211
12212,MREID_0012212
12213,MREID_0012213
12214,MREID_0012214
12215,MREID_0012215
12216,MREID_0012216
12217,MREID_0012218
12218,MREID_0012217
12219,MREID_0012219
12220,MREID_0012220
12221,MREID_0012221
12222,MREID_0012222
12223,MREID_0012223
12224,MREID_0012224
12225,MREID_0012225
12226,MREID_0012227
12227,MREID_0012226
12228,MREID_0012228
12229,MREID_0012229
12230,MREID_0012230
12231,MREID_0012231
12232,MREID_0012232
12233,MREID_0012233
12234,MREID_0012234
12235,MREID_0012235
12236,MREID_0012236
12237,MREID_0012237
12238,MREID_0012238
12239,MREID_0012239
12240,MREID_0012240
12241,MREID_0012241
12242,MREID_0012242
12243,MREID_0012243
12244,MREID_0012244
12245,MREID_0012245
12246,MREID_0012246
12247,MREID_0012247
12248,MREID_0012248
12249,MREID_0012249
12250,MREID_0012250
12251,MREID_0012251
12252,MREID_0012252
12253,MREID_0012253
12254,MREID_0012254
12255,MREID_0012255
12256,MREID_0012256
12257,MREID_0012257
12258,MREID_0012258
12259,MREID_0012259
12260,MREID_0012260
12261,MREID_0012261
12262,MREID_0012262
12263,MREID_0012263
12264,MREID_0012264
12265,MREID_0012265
12266,MREID_0012266
12267,MREID_0012267
12268,MREID_0012268
12269,MREID_0012269
12270,MREID_0012270
12271,MREID_0012271
12272,MREID_0012272
12273,MREID_0012273
12274,MREID_0012274
12275,MREID_0012275
12276,MREID_0012276
12277,MREID_0012277
12278,MREID_0012278
12279,MREID_0012279
12280,MREID_0012280
12281,MREID_0012281
12282,MREID_0012282
12283,MREID_0012283
12284,MREID_0012284
12285,MREID_0012285
12286,MREID_0012286
12287,MREID_0012287
12288,MREID_0012288
12289,MREID_0012289
12290,MREID_0012290
12291,MREID_0012291
12292,MREID_0012292
12293,MREID_0012293
12294,MREID_0012294
12295,MREID_0012296
12296,MREID_0012295
12297,MREID_0012298
12298,MREID_0012297
12299,MREID_0012299
12300,MREID_0012300
12301,MREID_0012301
12302,MREID_0012302
12303,MREID_0012303
12304,MREID_0012304
12305,MREID_0012305
12306,MREID_0012306
12307,MREID_0012307
12308,MREID_0012308
12309,MREID_0012309
12310,MREID_0012310
12311,MREID_0012311
12312,MREID_0012312
12313,MREID_0012313
12314,MREID_0012314
12315,MREID_0012315
12316,MREID_0012316
12317,MREID_0012317
12318,MREID_0012318
12319,MREID_0012319
12320,MREID_0012320
12321,MREID_0012321
12322,MREID_0012322
12323,MREID_0012323
12324,MREID_0012324
12325,MREID_0012325
12326,MREID_0012326
12327,MREID_0012328
12328,MREID_0012327
12329,MREID_0012329
12330,MREID_0012330
12331,MREID_0012331
12332,MREID_0012332
12333,MREID_0012333
12334,MREID_0012334
12335,MREID_0012335
12336,MREID_0012336
12337,MREID_0012337
12338,MREID_0012338
12339,MREID_0012339
12340,MREID_0012340
12341,MREID_0012342
12342,MREID_0012341
12343,MREID_0012343
12344,MREID_0012344
12345,MREID_0012345
12346,MREID_0012346
12347,MREID_0012347
12348,MREID_0012348
12349,MREID_0012349
12350,MREID_0012350
12351,MREID_0012351
12352,MREID_0012352
12353,MREID_0012353
12354,MREID_0012354
12355,MREID_0012355
12356,MREID_0012356
12357,MREID_0012357
12358,MREID_0012358
12359,MREID_0012359
12360,MREID_0012360
12361,MREID_0012361
12362,MREID_0012362
12363,MREID_0012363
12364,MREID_0012364
12365,MREID_0012365
12366,MREID_0012366
12367,MREID_0012367
12368,MREID_0012368
12369,MREID_0012369
12370,MREID_0012370
12371,MREID_0012371
12372,MREID_0012372
12373,MREID_0012373
12374,MREID_0012375
12375,MREID_0012374
12376,MREID_0012376
12377,MREID_0012377
12378,MREID_0012378
12379,MREID_0012379
12380,MREID_0012380
12381,MREID_0012381
12382,MREID_0012382
12383,MREID_0012383
12384,MREID_0012384
12385,MREID_0012385
12386,MREID_0012386
12387,MREID_0012387
12388,MREID_0012388
12389,MREID_0012389
12390,MREID_0012390
12391,MREID_0012391
12392,MREID_0012392
12393,MREID_0012393
12394,MREID_0012394
12395,MREID_0012395
12396,MREID_0012396
12397,MREID_0012397
12398,MREID_0012398
12399,MREID_0012399
12400,MREID_0012400
12401,MREID_0012401
12402,MREID_0012402
12403,MREID_0012403
12404,MREID_0012404
12405,MREID_0012405
12406,MREID_0012406
12407,MREID_0012407
12408,MREID_0012408
12409,MREID_0012409
12410,MREID_0012410
12411,MREID_0012411
12412,MREID_0012412
12413,MREID_0012413
12414,MREID_0012414
12415,MREID_0012415
12416,MREID_0012416
12417,MREID_0012417
12418,MREID_0012418
12419,MREID_0012419
12420,MREID_0012420
12421,MREID_0012421
12422,MREID_0012422
12423,MREID_0012423
12424,MREID_0012424
12425,MREID_0012425
12426,MREID_0012426
12427,MREID_0012427
12428,MREID_0012428
12429,MREID_0012429
12430,MREID_0012430
12431,MREID_0012431
12432,MREID_0012432
12433,MREID_0012433
12434,MREID_0012434
12435,MREID_0012435
12436,MREID_0012436
12437,MREID_0012437
12438,MREID_0012438
12439,MREID_0012439
12440,MREID_0012440
12441,MREID_0012441
12442,MREID_0012442
12443,MREID_0012443
12444,MREID_0012444
12445,MREID_0012445
12446,MREID_0012446
12447,MREID_0012447
12448,MREID_0012448
12449,MREID_0012449
12450,MREID_0012450
12451,MREID_0012451
12452,MREID_0012452
12453,MREID_0012453
12454,MREID_0012454
12455,MREID_0012455
12456,MREID_0012456
12457,MREID_0012457
12458,MREID_0012458
12459,MREID_0012459
12460,MREID_0012460
12461,MREID_0012461
12462,MREID_0012462
12463,MREID_0012463
12464,MREID_0012464
12465,MREID_0012465
12466,MREID_0012466
12467,MREID_0012467
12468,MREID_0012468
12469,MREID_0012469
12470,MREID_0012470
12471,MREID_0012471
12472,MREID_0012472
12473,MREID_0012473
12474,MREID_0012474
12475,MREID_0012475
12476,MREID_0012476
12477,MREID_0012477
12478,MREID_0012478
12479,MREID_0012479
12480,MREID_0012481
12481,MREID_0012480
12482,MREID_0012482
12483,MREID_0012483
12484,MREID_0012484
12485,MREID_0012485
12486,MREID_0012486
12487,MREID_0012487
12488,MREID_0012488
12489,MREID_0012489
12490,MREID_0012490
12491,MREID_0012491
12492,MREID_0012492
12493,MREID_0012493
12494,MREID_0012494
12495,MREID_0012495
12496,MREID_0012496
12497,MREID_0012497
12498,MREID_0012498
12499,MREID_0012499
12500,MREID_0012500
12501,MREID_0012501
12502,MREID_0012502
12503,MREID_0012503
12504,MREID_0012504
12505,MREID_0012505
12506,MREID_0012506
12507,MREID_0012507
12508,MREID_0012508
12509,MREID_0012509
12510,MREID_0012510
12511,MREID_0012511
12512,MREID_0012512
12513,MREID_0012513
12514,MREID_0012514
12515,MREID_0012515
12516,MREID_0012516
12517,MREID_0012517
12518,MREID_0012518
12519,MREID_0012519
12520,MREID_0012520
12521,MREID_0012522
12522,MREID_0012521
12523,MREID_0012523
12524,MREID_0012524
12525,MREID_0012525
12526,MREID_0012526
12527,MREID_0012527
12528,MREID_0012528
12529,MREID_0012529
12530,MREID_0012530
12531,MREID_0012531
12532,MREID_0012532
12533,MREID_0012533
12534,MREID_0012534
12535,MREID_0012535
12536,MREID_0012536
12537,MREID_0012537
12538,MREID_0012538
12539,MREID_0012539
12540,MREID_0012540
12541,MREID_0012541
12542,MREID_0012542
12543,MREID_0012543
12544,MREID_0012544
12545,MREID_0012545
12546,MREID_0012546
12547,MREID_0012547
12548,MREID_0012548
12549,MREID_0012549
12550,MREID_0012550
12551,MREID_0012551
12552,MREID_0012552
12553,MREID_0012553
12554,MREID_0012554
12555,MREID_0012555
12556,MREID_0012556
12557,MREID_0012557
12558,MREID_0012558
12559,MREID_0012559
12560,MREID_0012560
12561,MREID_0012561
12562,MREID_0012562
12563,MREID_0012563
12564,MREID_0012564
12565,MREID_0012565
12566,MREID_0012566
12567,MREID_0012567
12568,MREID_0012568
12569,MREID_0012569
12570,MREID_0012570
12571,MREID_0012571
12572,MREID_0012572
12573,MREID_0012573
12574,MREID_0012574
12575,MREID_0012575
12576,MREID_0012576
12577,MREID_0012577
12578,MREID_0012578
12579,MREID_0012579
12580,MREID_0012580
12581,MREID_0012581
12582,MREID_0012582
12583,MREID_0012583
12584,MREID_0012584
12585,MREID_0012585
12586,MREID_0012586
12587,MREID_0012587
12588,MREID_0012588
12589,MREID_0012589
12590,MREID_0012590
12591,MREID_0012591
12592,MREID_0012592
12593,MREID_0012593
12594,MREID_0012594
12595,MREID_0012595
12596,MREID_0012596
12597,MREID_0012597
12598,MREID_0012598
12599,MREID_0012599
12600,MREID_0012600
12601,MREID_0012601
12602,MREID_0012602
12603,MREID_0012603
12604,MREID_0012604
12605,MREID_0012605
12606,MREID_0012606
12607,MREID_0012607
12608,MREID_0012608
12609,MREID_0012609
12610,MREID_0012610
12611,MREID_0012611
12612,MREID_0012612
12613,MREID_0012613
12614,MREID_0012614
12615,MREID_0012615
12616,MREID_0012616
12617,MREID_0012617
12618,MREID_0012618
12619,MREID_0012619
12620,MREID_0012620
12621,MREID_0012621
12622,MREID_0012622
12623,MREID_0012623
12624,MREID_0012624
12625,MREID_0012625
12626,MREID_0012626
12627,MREID_0012627
12628,MREID_0012628
12629,MREID_0012629
12630,MREID_0012630
12631,MREID_0012631
12632,MREID_0012632
12633,MREID_0012633
12634,MREID_0012634
12635,MREID_0012635
12636,MREID_0012636
12637,MREID_0012637
12638,MREID_0012638
12639,MREID_0012639
12640,MREID_0012641
12641,MREID_0012640
12642,MREID_0012642
12643,MREID_0012643
12644,MREID_0012644
12645,MREID_0012645
12646,MREID_0012646
12647,MREID_0012647
12648,MREID_0012648
12649,MREID_0012649
12650,MREID_0012650
12651,MREID_0012651
12652,MREID_0012652
12653,MREID_0012653
12654,MREID_0012654
12655,MREID_0012655
12656,MREID_0012656
12657,MREID_0012657
12658,MREID_0012658
12659,MREID_0012659
12660,MREID_0012660
12661,MREID_0012661
12662,MREID_0012662
12663,MREID_0012663
12664,MREID_0012664
12665,MREID_0012665
12666,MREID_0012666
12667,MREID_0012667
12668,MREID_0012668
12669,MREID_0012669
12670,MREID_0012670
12671,MREID_0012671
12672,MREID_0012672
12673,MREID_0012673
12674,MREID_0012674
12675,MREID_0012675
12676,MREID_0012676
12677,MREID_0012677
12678,MREID_0012678
12679,MREID_0012679
12680,MREID_0012680
12681,MREID_0012681
12682,MREID_0012682
12683,MREID_0012683
12684,MREID_0012684
12685,MREID_0012685
12686,MREID_0012686
12687,MREID_0012687
12688,MREID_0012688
12689,MREID_0012689
12690,MREID_0012690
12691,MREID_0012691
12692,MREID_0012692
12693,MREID_0012693
12694,MREID_0012694
12695,MREID_0012695
12696,MREID_0012696
12697,MREID_0012697
12698,MREID_0012698
12699,MREID_0012699
12700,MREID_0012700
12701,MREID_0012701
12702,MREID_0012702
12703,MREID_0012703
12704,MREID_0012704
12705,MREID_0012705
12706,MREID_0012706
12707,MREID_0012707
12708,MREID_0012708
12709,MREID_0012709
12710,MREID_0012710
12711,MREID_0012711
12712,MREID_0012712
12713,MREID_0012713
12714,MREID_0012714
12715,MREID_0012715
12716,MREID_0012716
12717,MREID_0012717
12718,MREID_0012718
12719,MREID_0012719
12720,MREID_0012720
12721,MREID_0012721
12722,MREID_0012722
12723,MREID_0012723
12724,MREID_0012724
12725,MREID_0012725
12726,MREID_0012726
12727,MREID_0012727
12728,MREID_0012728
12729,MREID_0012729
12730,MREID_0012730
12731,MREID_0012731
12732,MREID_0012732
12733,MREID_0012733
12734,MREID_0012734
12735,MREID_0012735
12736,MREID_0012736
12737,MREID_0012737
12738,MREID_0012738
12739,MREID_0012739
12740,MREID_0012740
12741,MREID_0012741
12742,MREID_0012742
12743,MREID_0012743
12744,MREID_0012744
12745,MREID_0012745
12746,MREID_0012746
12747,MREID_0012747
12748,MREID_0012748
12749,MREID_0012749
12750,MREID_0012750
12751,MREID_0012751
12752,MREID_0012752
12753,MREID_0012753
12754,MREID_0012754
12755,MREID_0012755
12756,MREID_0012756
12757,MREID_0012757
12758,MREID_0012758
12759,MREID_0012759
12760,MREID_0012760
12761,MREID_0012761
12762,MREID_0012762
12763,MREID_0012763
12764,MREID_0012764
12765,MREID_0012765
12766,MREID_0012766
12767,MREID_0012767
12768,MREID_0012768
12769,MREID_0012769
12770,MREID_0012770
12771,MREID_0012771
12772,MREID_0012772
12773,MREID_0012773
12774,MREID_0012774
12775,MREID_0012775
12776,MREID_0012776
12777,MREID_0012777
12778,MREID_0012778
12779,MREID_0012779
12780,MREID_0012780
12781,MREID_0012781
12782,MREID_0012782
12783,MREID_0012784
12784,MREID_0012783
12785,MREID_0012785
12786,MREID_0012786
12787,MREID_0012787
12788,MREID_0012788
12789,MREID_0012789
12790,MREID_0012790
12791,MREID_0012791
12792,MREID_0012792
12793,MREID_0012793
12794,MREID_0012794
12795,MREID_0012795
12796,MREID_0012796
12797,MREID_0012797
12798,MREID_0012798
12799,MREID_0012799
12800,MREID_0012800
12801,MREID_0012801
12802,MREID_0012802
12803,MREID_0012803
12804,MREID_0012804
12805,MREID_0012805
12806,MREID_0012806
12807,MREID_0012807
12808,MREID_0012808
12809,MREID_0012809
12810,MREID_0012810
12811,MREID_0012811
12812,MREID_0012812
12813,MREID_0012813
12814,MREID_0012814
12815,MREID_0012815
12816,MREID_0012816
12817,MREID_0012817
12818,MREID_0012818
12819,MREID_0012819
12820,MREID_0012820
12821,MREID_0012821
12822,MREID_0012822
12823,MREID_0012823
12824,MREID_0012824
12825,MREID_0012825
12826,MREID_0012826
12827,MREID_0012827
12828,MREID_0012828
12829,MREID_0012829
12830,MREID_0012830
12831,MREID_0012831
12832,MREID_0012832
12833,MREID_0012833
12834,MREID_0012834
12835,MREID_0012835
12836,MREID_0012836
12837,MREID_0012837
12838,MREID_0012838
12839,MREID_0012839
12840,MREID_0012840
12841,MREID_0012841
12842,MREID_0012842
12843,MREID_0012843
12844,MREID_0012844
12845,MREID_0012845
12846,MREID_0012846
12847,MREID_0012847
12848,MREID_0012848
12849,MREID_0012849
12850,MREID_0012850
12851,MREID_0012851
12852,MREID_0012852
12853,MREID_0012853
12854,MREID_0012854
12855,MREID_0012855
12856,MREID_0012856
12857,MREID_0012857
12858,MREID_0012858
12859,MREID_0012859
12860,MREID_0012860
12861,MREID_0012861
12862,MREID_0012862
12863,MREID_0012863
12864,MREID_0012864
12865,MREID_0012865
12866,MREID_0012866
12867,MREID_0012867
12868,MREID_0012868
12869,MREID_0012869
12870,MREID_0012870
12871,MREID_0012871
12872,MREID_0012872
12873,MREID_0012873
12874,MREID_0012874
12875,MREID_0012876
12876,MREID_0012875
12877,MREID_0012877
12878,MREID_0012878
12879,MREID_0012879
12880,MREID_0012880
12881,MREID_0012881
12882,MREID_0012882
12883,MREID_0012883
12884,MREID_0012884
12885,MREID_0012885
12886,MREID_0012886
12887,MREID_0012887
12888,MREID_0012888
12889,MREID_0012889
12890,MREID_0012890
12891,MREID_0012891
12892,MREID_0012892
12893,MREID_0012893
12894,MREID_0012894
12895,MREID_0012895
12896,MREID_0012896
12897,MREID_0012897
12898,MREID_0012898
12899,MREID_0012899
12900,MREID_0012900
12901,MREID_0012901
12902,MREID_0012902
12903,MREID_0012903
12904,MREID_0012904
12905,MREID_0012905
12906,MREID_0012906
12907,MREID_0012907
12908,MREID_0012908
12909,MREID_0012909
12910,MREID_0012910
12911,MREID_0012911
12912,MREID_0012912
12913,MREID_0012913
12914,MREID_0012914
12915,MREID_0012915
12916,MREID_0012916
12917,MREID_0012917
12918,MREID_0012918
12919,MREID_0012919
12920,MREID_0012920
12921,MREID_0012921
12922,MREID_0012922
12923,MREID_0012923
12924,MREID_0012924
12925,MREID_0012925
12926,MREID_0012926
12927,MREID_0012927
12928,MREID_0012928
12929,MREID_0012929
12930,MREID_0012930
12931,MREID_0012931
12932,MREID_0012932
12933,MREID_0012933
12934,MREID_0012934
12935,MREID_0012935
12936,MREID_0012936
12937,MREID_0012937
12938,MREID_0012938
12939,MREID_0012939
12940,MREID_0012940
12941,MREID_0012941
12942,MREID_0012942
12943,MREID_0012944
12944,MREID_0012943
12945,MREID_0012945
12946,MREID_0012946
12947,MREID_0012947
12948,MREID_0012948
12949,MREID_0012949
12950,MREID_0012950
12951,MREID_0012951
12952,MREID_0012952
12953,MREID_0012953
12954,MREID_0012954
12955,MREID_0012955
12956,MREID_0012956
12957,MREID_0012957
12958,MREID_0012958
12959,MREID_0012959
12960,MREID_0012960
12961,MREID_0012961
12962,MREID_0012962
12963,MREID_0012963
12964,MREID_0012964
12965,MREID_0012965
12966,MREID_0012966
12967,MREID_0012967
12968,MREID_0012968
12969,MREID_0012969
12970,MREID_0012970
12971,MREID_0012971
12972,MREID_0012972
12973,MREID_0012973
12974,MREID_0012974
12975,MREID_0012975
12976,MREID_0012976
12977,MREID_0012977
12978,MREID_0012978
12979,MREID_0012979
12980,MREID_0012980
12981,MREID_0012981
12982,MREID_0012982
12983,MREID_0012984
12984,MREID_0012983
12985,MREID_0012985
12986,MREID_0012986
12987,MREID_0012987
12988,MREID_0012988
12989,MREID_0012989
12990,MREID_0012990
12991,MREID_0012991
12992,MREID_0012992
12993,MREID_0012994
12994,MREID_0012993
12995,MREID_0012995
12996,MREID_0012996
12997,MREID_0012997
12998,MREID_0012998
12999,MREID_0012999
13000,MREID_0013000
13001,MREID_0013001
13002,MREID_0013002
13003,MREID_0013003
13004,MREID_0013004
13005,MREID_0013005
13006,MREID_0013006
13007,MREID_0013007
13008,MREID_0013008
13009,MREID_0013009
13010,MREID_0013010
13011,MREID_0013011
13012,MREID_0013012
13013,MREID_0013013
13014,MREID_0013014
13015,MREID_0013015
13016,MREID_0013016
13017,MREID_0013017
13018,MREID_0013018
13019,MREID_0013019
13020,MREID_0013020
13021,MREID_0013021
13022,MREID_0013022
13023,MREID_0013023
13024,MREID_0013024
13025,MREID_0013025
13026,MREID_0013026
13027,MREID_0013027
13028,MREID_0013028
13029,MREID_0013029
13030,MREID_0013030
13031,MREID_0013031
13032,MREID_0013032
13033,MREID_0013033
13034,MREID_0013034
13035,MREID_0013035
13036,MREID_0013036
13037,MREID_0013037
13038,MREID_0013038
13039,MREID_0013039
13040,MREID_0013040
13041,MREID_0013041
13042,MREID_0013042
13043,MREID_0013043
13044,MREID_0013044
13045,MREID_0013045
13046,MREID_0013046
13047,MREID_0013047
13048,MREID_0013048
13049,MREID_0013049
13050,MREID_0013050
13051,MREID_0013051
13052,MREID_0013052
13053,MREID_0013053
13054,MREID_0013054
13055,MREID_0013055
13056,MREID_0013056
13057,MREID_0013057
13058,MREID_0013058
13059,MREID_0013059
13060,MREID_0013060
13061,MREID_0013061
13062,MREID_0013062
13063,MREID_0013063
13064,MREID_0013064
13065,MREID_0013065
13066,MREID_0013066
13067,MREID_0013067
13068,MREID_0013068
13069,MREID_0013069
13070,MREID_0013070
13071,MREID_0013071
13072,MREID_0013072
13073,MREID_0013073
13074,MREID_0013074
13075,MREID_0013075
13076,MREID_0013076
13077,MREID_0013077
13078,MREID_0013078
13079,MREID_0013079
13080,MREID_0013080
13081,MREID_0013081
13082,MREID_0013082
13083,MREID_0013083
13084,MREID_0013084
13085,MREID_0013085
13086,MREID_0013086
13087,MREID_0013087
13088,MREID_0013088
13089,MREID_0013089
13090,MREID_0013090
13091,MREID_0013091
13092,MREID_0013092
13093,MREID_0013093
13094,MREID_0013094
13095,MREID_0013095
13096,MREID_0013096
13097,MREID_0013097
13098,MREID_0013098
13099,MREID_0013099
13100,MREID_0013100
13101,MREID_0013101
13102,MREID_0013102
13103,MREID_0013104
13104,MREID_0013103
13105,MREID_0013105
13106,MREID_0013106
13107,MREID_0013107
13108,MREID_0013108
13109,MREID_0013109
13110,MREID_0013110
13111,MREID_0013111
13112,MREID_0013112
13113,MREID_0013113
13114,MREID_0013114
13115,MREID_0013115
13116,MREID_0013116
13117,MREID_0013117
13118,MREID_0013118
13119,MREID_0013119
13120,MREID_0013120
13121,MREID_0013121
13122,MREID_0013122
13123,MREID_0013123
13124,MREID_0013124
13125,MREID_0013125
13126,MREID_0013126
13127,MREID_0013127
13128,MREID_0013128
13129,MREID_0013129
13130,MREID_0013130
13131,MREID_0013131
13132,MREID_0013132
13133,MREID_0013133
13134,MREID_0013134
13135,MREID_0013135
13136,MREID_0013136
13137,MREID_0013137
13138,MREID_0013138
13139,MREID_0013139
13140,MREID_0013140
13141,MREID_0013142
13142,MREID_0013141
13143,MREID_0013143
13144,MREID_0013144
13145,MREID_0013145
13146,MREID_0013146
13147,MREID_0013147
13148,MREID_0013148
13149,MREID_0013149
13150,MREID_0013150
13151,MREID_0013151
13152,MREID_0013152
13153,MREID_0013153
13154,MREID_0013154
13155,MREID_0013155
13156,MREID_0013156
13157,MREID_0013157
13158,MREID_0013158
13159,MREID_0013159
13160,MREID_0013160
13161,MREID_0013161
13162,MREID_0013162
13163,MREID_0013163
13164,MREID_0013164
13165,MREID_0013166
13166,MREID_0013165
13167,MREID_0013167
13168,MREID_0013168
13169,MREID_0013169
13170,MREID_0013170
13171,MREID_0013171
13172,MREID_0013172
13173,MREID_0013173
13174,MREID_0013174
13175,MREID_0013175
13176,MREID_0013176
13177,MREID_0013177
13178,MREID_0013178
13179,MREID_0013179
13180,MREID_0013180
13181,MREID_0013181
13182,MREID_0013182
13183,MREID_0013183
13184,MREID_0013184
13185,MREID_0013185
13186,MREID_0013186
13187,MREID_0013187
13188,MREID_0013188
13189,MREID_0013189
13190,MREID_0013190
13191,MREID_0013191
13192,MREID_0013192
13193,MREID_0013193
13194,MREID_0013194
13195,MREID_0013195
13196,MREID_0013196
13197,MREID_0013197
13198,MREID_0013198
13199,MREID_0013199
13200,MREID_0013200
13201,MREID_0013201
13202,MREID_0013202
13203,MREID_0013204
13204,MREID_0013203
13205,MREID_0013205
13206,MREID_0013206
13207,MREID_0013207
13208,MREID_0013208
13209,MREID_0013209
13210,MREID_0013210
13211,MREID_0013211
13212,MREID_0013212
13213,MREID_0013213
13214,MREID_0013214
13215,MREID_0013215
13216,MREID_0013216
13217,MREID_0013217
13218,MREID_0013218
13219,MREID_0013219
13220,MREID_0013220
13221,MREID_0013221
13222,MREID_0013222
13223,MREID_0013223
13224,MREID_0013224
13225,MREID_0013225
13226,MREID_0013226
13227,MREID_0013227
13228,MREID_0013228
13229,MREID_0013229
13230,MREID_0013230
13231,MREID_0013231
13232,MREID_0013232
13233,MREID_0013233
13234,MREID_0013234
13235,MREID_0013235
13236,MREID_0013236
13237,MREID_0013237
13238,MREID_0013238
13239,MREID_0013239
13240,MREID_0013240
13241,MREID_0013241
13242,MREID_0013242
13243,MREID_0013243
13244,MREID_0013244
13245,MREID_0013245
13246,MREID_0013246
13247,MREID_0013247
13248,MREID_0013248
13249,MREID_0013249
13250,MREID_0013250
13251,MREID_0013251
13252,MREID_0013252
13253,MREID_0013253
13254,MREID_0013254
13255,MREID_0013255
13256,MREID_0013256
13257,MREID_0013257
13258,MREID_0013258
13259,MREID_0013259
13260,MREID_0013260
13261,MREID_0013261
13262,MREID_0013262
13263,MREID_0013263
13264,MREID_0013264
13265,MREID_0013265
13266,MREID_0013266
13267,MREID_0013267
13268,MREID_0013268
13269,MREID_0013269
13270,MREID_0013270
13271,MREID_0013271
13272,MREID_0013272
13273,MREID_0013273
13274,MREID_0013275
13275,MREID_0013274
13276,MREID_0013276
13277,MREID_0013277
13278,MREID_0013278
13279,MREID_0013279
13280,MREID_0013280
13281,MREID_0013281
13282,MREID_0013282
13283,MREID_0013284
13284,MREID_0013283
13285,MREID_0013285
13286,MREID_0013286
13287,MREID_0013287
13288,MREID_0013288
13289,MREID_0013289
13290,MREID_0013290
13291,MREID_0013291
13292,MREID_0013292
13293,MREID_0013293
13294,MREID_0013294
13295,MREID_0013295
13296,MREID_0013296
13297,MREID_0013297
13298,MREID_0013298
13299,MREID_0013299
13300,MREID_0013300
13301,MREID_0013301
13302,MREID_0013302
13303,MREID_0013303
13304,MREID_0013304
13305,MREID_0013305
13306,MREID_0013306
13307,MREID_0013307
13308,MREID_0013308
13309,MREID_0013309
13310,MREID_0013310
13311,MREID_0013311
13312,MREID_0013312
13313,MREID_0013313
13314,MREID_0013314
13315,MREID_0013315
13316,MREID_0013316
13317,MREID_0013317
13318,MREID_0013318
13319,MREID_0013319
13320,MREID_0013320
13321,MREID_0013321
13322,MREID_0013322
13323,MREID_0013323
13324,MREID_0013324
13325,MREID_0013325
13326,MREID_0013326
13327,MREID_0013327
13328,MREID_0013328
13329,MREID_0013329
13330,MREID_0013330
13331,MREID_0013331
13332,MREID_0013332
13333,MREID_0013333
13334,MREID_0013334
13335,MREID_0013335
13336,MREID_0013336
13337,MREID_0013337
13338,MREID_0013338
13339,MREID_0013339
13340,MREID_0013340
13341,MREID_0013341
13342,MREID_0013342
13343,MREID_0013343
13344,MREID_0013344
13345,MREID_0013345
13346,MREID_0013346
13347,MREID_0013347
13348,MREID_0013349
13349,MREID_0013348
13350,MREID_0013350
13351,MREID_0013351
13352,MREID_0013352
13353,MREID_0013353
13354,MREID_0013354
13355,MREID_0013355
13356,MREID_0013356
13357,MREID_0013357
13358,MREID_0013358
13359,MREID_0013359
13360,MREID_0013360
13361,MREID_0013361
13362,MREID_0013362
13363,MREID_0013363
13364,MREID_0013364
13365,MREID_0013365
13366,MREID_0013366
13367,MREID_0013367
13368,MREID_0013368
13369,MREID_0013369
13370,MREID_0013370
13371,MREID_0013371
13372,MREID_0013372
13373,MREID_0013373
13374,MREID_0013374
13375,MREID_0013375
13376,MREID_0013376
13377,MREID_0013377
13378,MREID_0013378
13379,MREID_0013379
13380,MREID_0013380
13381,MREID_0013381
13382,MREID_0013382
13383,MREID_0013383
13384,MREID_0013384
13385,MREID_0013385
13386,MREID_0013386
13387,MREID_0013387
13388,MREID_0013388
13389,MREID_0013389
13390,MREID_0013390
13391,MREID_0013391
13392,MREID_0013392
13393,MREID_0013393
13394,MREID_0013394
13395,MREID_0013395
13396,MREID_0013396
13397,MREID_0013397
13398,MREID_0013398
13399,MREID_0013399
13400,MREID_0013400
13401,MREID_0013401
13402,MREID_0013402
13403,MREID_0013403
13404,MREID_0013404
13405,MREID_0013405
13406,MREID_0013406
13407,MREID_0013407
13408,MREID_0013408
13409,MREID_0013409
13410,MREID_0013410
13411,MREID_0013411
13412,MREID_0013412
13413,MREID_0013413
13414,MREID_0013414
13415,MREID_0013415
13416,MREID_0013416
13417,MREID_0013417
13418,MREID_0013418
13419,MREID_0013419
13420,MREID_0013420
13421,MREID_0013421
13422,MREID_0013422
13423,MREID_0013423
13424,MREID_0013424
13425,MREID_0013425
13426,MREID_0013426
13427,MREID_0013427
13428,MREID_0013428
13429,MREID_0013429
13430,MREID_0013430
13431,MREID_0013431
13432,MREID_0013432
13433,MREID_0013433
13434,MREID_0013434
13435,MREID_0013435
13436,MREID_0013436
13437,MREID_0013437
13438,MREID_0013438
13439,MREID_0013439
13440,MREID_0013440
13441,MREID_0013441
13442,MREID_0013442
13443,MREID_0013443
13444,MREID_0013444
13445,MREID_0013445
13446,MREID_0013446
13447,MREID_0013447
13448,MREID_0013448
13449,MREID_0013449
13450,MREID_0013450
13451,MREID_0013451
13452,MREID_0013452
13453,MREID_0013453
13454,MREID_0013454
13455,MREID_0013455
13456,MREID_0013456
13457,MREID_0013457
13458,MREID_0013458
13459,MREID_0013459
13460,MREID_0013460
13461,MREID_0013461
13462,MREID_0013462
13463,MREID_0013463
13464,MREID_0013464
13465,MREID_0013465
13466,MREID_0013466
13467,MREID_0013467
13468,MREID_0013468
13469,MREID_0013469
13470,MREID_0013470
13471,MREID_0013471
13472,MREID_0013472
13473,MREID_0013473
13474,MREID_0013474
13475,MREID_0013475
13476,MREID_0013476
13477,MREID_0013477
13478,MREID_0013478
13479,MREID_0013479
13480,MREID_0013480
13481,MREID_0013481
13482,MREID_0013482
13483,MREID_0013483
13484,MREID_0013484
13485,MREID_0013485
13486,MREID_0013486
13487,MREID_0013487
13488,MREID_0013488
13489,MREID_0013489
13490,MREID_0013490
13491,MREID_0013491
13492,MREID_0013492
13493,MREID_0013493
13494,MREID_0013494
13495,MREID_0013495
13496,MREID_0013496
13497,MREID_0013497
13498,MREID_0013498
13499,MREID_0013499
13500,MREID_0013500
13501,MREID_0013501
13502,MREID_0013502
13503,MREID_0013503
13504,MREID_0013504
13505,MREID_0013505
13506,MREID_0013506
13507,MREID_0013507
13508,MREID_0013508
13509,MREID_0013509
13510,MREID_0013510
13511,MREID_0013511
13512,MREID_0013512
13513,MREID_0013513
13514,MREID_0013514
13515,MREID_0013515
13516,MREID_0013516
13517,MREID_0013517
13518,MREID_0013518
13519,MREID_0013519
13520,MREID_0013520
13521,MREID_0013521
13522,MREID_0013522
13523,MREID_0013523
13524,MREID_0013524
13525,MREID_0013525
13526,MREID_0013526
13527,MREID_0013527
13528,MREID_0013528
13529,MREID_0013529
13530,MREID_0013530
13531,MREID_0013531
13532,MREID_0013532
13533,MREID_0013533
13534,MREID_0013534
13535,MREID_0013535
13536,MREID_0013536
13537,MREID_0013537
13538,MREID_0013538
13539,MREID_0013539
13540,MREID_0013540
13541,MREID_0013541
13542,MREID_0013542
13543,MREID_0013543
13544,MREID_0013544
13545,MREID_0013545
13546,MREID_0013546
13547,MREID_0013547
13548,MREID_0013548
13549,MREID_0013549
13550,MREID_0013550
13551,MREID_0013551
13552,MREID_0013552
13553,MREID_0013553
13554,MREID_0013554
13555,MREID_0013555
13556,MREID_0013556
13557,MREID_0013557
13558,MREID_0013558
13559,MREID_0013559
13560,MREID_0013560
13561,MREID_0013561
13562,MREID_0013562
13563,MREID_0013563
13564,MREID_0013564
13565,MREID_0013565
13566,MREID_0013566
13567,MREID_0013567
13568,MREID_0013568
13569,MREID_0013569
13570,MREID_0013570
13571,MREID_0013571
13572,MREID_0013572
13573,MREID_0013573
13574,MREID_0013574
13575,MREID_0013575
13576,MREID_0013576
13577,MREID_0013577
13578,MREID_0013578
13579,MREID_0013579
13580,MREID_0013580
13581,MREID_0013581
13582,MREID_0013582
13583,MREID_0013583
13584,MREID_0013584
13585,MREID_0013585
13586,MREID_0013586
13587,MREID_0013587
13588,MREID_0013588
13589,MREID_0013589
13590,MREID_0013590
13591,MREID_0013591
13592,MREID_0013592
13593,MREID_0013593
13594,MREID_0013594
13595,MREID_0013595
13596,MREID_0013596
13597,MREID_0013597
13598,MREID_0013598
13599,MREID_0013599
13600,MREID_0013600
13601,MREID_0013601
13602,MREID_0013602
13603,MREID_0013603
13604,MREID_0013604
13605,MREID_0013605
13606,MREID_0013606
13607,MREID_0013607
13608,MREID_0013608
13609,MREID_0013609
13610,MREID_0013610
13611,MREID_0013611
13612,MREID_0013612
13613,MREID_0013613
13614,MREID_0013614
13615,MREID_0013615
13616,MREID_0013616
13617,MREID_0013617
13618,MREID_0013618
13619,MREID_0013619
13620,MREID_0013620
13621,MREID_0013621
13622,MREID_0013622
13623,MREID_0013623
13624,MREID_0013624
13625,MREID_0013625
13626,MREID_0013626
13627,MREID_0013627
13628,MREID_0013628
13629,MREID_0013629
13630,MREID_0013630
13631,MREID_0013631
13632,MREID_0013632
13633,MREID_0013633
13634,MREID_0013634
13635,MREID_0013635
13636,MREID_0013636
13637,MREID_0013637
13638,MREID_0013638
13639,MREID_0013639
13640,MREID_0013640
13641,MREID_0013641
13642,MREID_0013642
13643,MREID_0013643
13644,MREID_0013644
13645,MREID_0013645
13646,MREID_0013646
13647,MREID_0013647
13648,MREID_0013648
13649,MREID_0013649
13650,MREID_0013650
13651,MREID_0013651
13652,MREID_0013652
13653,MREID_0013653
13654,MREID_0013654
13655,MREID_0013655
13656,MREID_0013656
13657,MREID_0013657
13658,MREID_0013658
13659,MREID_0013659
13660,MREID_0013660
13661,MREID_0013661
13662,MREID_0013662
13663,MREID_0013663
13664,MREID_0013665
13665,MREID_0013664
13666,MREID_0013666
13667,MREID_0013667
13668,MREID_0013668
13669,MREID_0013669
13670,MREID_0013670
13671,MREID_0013671
13672,MREID_0013672
13673,MREID_0013673
13674,MREID_0013674
13675,MREID_0013675
13676,MREID_0013676
13677,MREID_0013677
13678,MREID_0013678
13679,MREID_0013679
13680,MREID_0013680
13681,MREID_0013681
13682,MREID_0013682
13683,MREID_0013683
13684,MREID_0013684
13685,MREID_0013685
13686,MREID_0013686
13687,MREID_0013687
13688,MREID_0013688
13689,MREID_0013689
13690,MREID_0013690
13691,MREID_0013691
13692,MREID_0013692
13693,MREID_0013693
13694,MREID_0013694
13695,MREID_0013695
13696,MREID_0013696
13697,MREID_0013697
13698,MREID_0013698
13699,MREID_0013699
13700,MREID_0013700
13701,MREID_0013701
13702,MREID_0013702
13703,MREID_0013703
13704,MREID_0013704
13705,MREID_0013705
13706,MREID_0013706
13707,MREID_0013707
13708,MREID_0013708
13709,MREID_0013709
13710,MREID_0013710
13711,MREID_0013711
13712,MREID_0013712
13713,MREID_0013713
13714,MREID_0013714
13715,MREID_0013715
13716,MREID_0013716
13717,MREID_0013717
13718,MREID_0013718
13719,MREID_0013719
13720,MREID_0013720
13721,MREID_0013721
13722,MREID_0013722
13723,MREID_0013723
13724,MREID_0013724
13725,MREID_0013725
13726,MREID_0013726
13727,MREID_0013727
13728,MREID_0013728
13729,MREID_0013729
13730,MREID_0013730
13731,MREID_0013731
13732,MREID_0013732
13733,MREID_0013733
13734,MREID_0013734
13735,MREID_0013735
13736,MREID_0013736
13737,MREID_0013737
13738,MREID_0013738
13739,MREID_0013739
13740,MREID_0013740
13741,MREID_0013741
13742,MREID_0013742
13743,MREID_0013743
13744,MREID_0013744
13745,MREID_0013745
13746,MREID_0013746
13747,MREID_0013747
13748,MREID_0013748
13749,MREID_0013749
13750,MREID_0013750
13751,MREID_0013751
13752,MREID_0013752
13753,MREID_0013753
13754,MREID_0013754
13755,MREID_0013755
13756,MREID_0013756
13757,MREID_0013757
13758,MREID_0013758
13759,MREID_0013759
13760,MREID_0013760
13761,MREID_0013761
13762,MREID_0013762
13763,MREID_0013763
13764,MREID_0013764
13765,MREID_0013765
13766,MREID_0013766
13767,MREID_0013767
13768,MREID_0013768
13769,MREID_0013769
13770,MREID_0013770
13771,MREID_0013771
13772,MREID_0013772
13773,MREID_0013773
13774,MREID_0013774
13775,MREID_0013775
13776,MREID_0013776
13777,MREID_0013777
13778,MREID_0013778
13779,MREID_0013779
13780,MREID_0013780
13781,MREID_0013781
13782,MREID_0013782
13783,MREID_0013783
13784,MREID_0013784
13785,MREID_0013785
13786,MREID_0013786
13787,MREID_0013787
13788,MREID_0013788
13789,MREID_0013789
13790,MREID_0013790
13791,MREID_0013791
13792,MREID_0013792
13793,MREID_0013793
13794,MREID_0013794
13795,MREID_0013795
13796,MREID_0013796
13797,MREID_0013797
13798,MREID_0013798
13799,MREID_0013799
13800,MREID_0013800
13801,MREID_0013801
13802,MREID_0013802
13803,MREID_0013803
13804,MREID_0013804
13805,MREID_0013805
13806,MREID_0013806
13807,MREID_0013807
13808,MREID_0013808
13809,MREID_0013809
13810,MREID_0013810
13811,MREID_0013811
13812,MREID_0013812
13813,MREID_0013813
13814,MREID_0013814
13815,MREID_0013815
13816,MREID_0013816
13817,MREID_0013817
13818,MREID_0013818
13819,MREID_0013819
13820,MREID_0013820
13821,MREID_0013821
13822,MREID_0013822
13823,MREID_0013823
13824,MREID_0013824
13825,MREID_0013825
13826,MREID_0013826
13827,MREID_0013827
13828,MREID_0013828
13829,MREID_0013829
13830,MREID_0013830
13831,MREID_0013831
13832,MREID_0013832
13833,MREID_0013833
13834,MREID_0013834
13835,MREID_0013835
13836,MREID_0013836
13837,MREID_0013837
13838,MREID_0013838
13839,MREID_0013839
13840,MREID_0013840
13841,MREID_0013841
13842,MREID_0013842
13843,MREID_0013843
13844,MREID_0013844
13845,MREID_0013845
13846,MREID_0013846
13847,MREID_0013847
13848,MREID_0013848
13849,MREID_0013849
13850,MREID_0013850
13851,MREID_0013851
13852,MREID_0013852
13853,MREID_0013853
13854,MREID_0013854
13855,MREID_0013855
13856,MREID_0013856
13857,MREID_0013857
13858,MREID_0013858
13859,MREID_0013859
13860,MREID_0013860
13861,MREID_0013861
13862,MREID_0013862
13863,MREID_0013863
13864,MREID_0013864
13865,MREID_0013865
13866,MREID_0013866
13867,MREID_0013867
13868,MREID_0013868
13869,MREID_0013869
13870,MREID_0013870
13871,MREID_0013871
13872,MREID_0013872
13873,MREID_0013873
13874,MREID_0013874
13875,MREID_0013875
13876,MREID_0013876
13877,MREID_0013877
13878,MREID_0013878
13879,MREID_0013879
13880,MREID_0013880
13881,MREID_0013881
13882,MREID_0013882
13883,MREID_0013883
13884,MREID_0013884
13885,MREID_0013885
13886,MREID_0013886
13887,MREID_0013887
13888,MREID_0013888
13889,MREID_0013889
13890,MREID_0013890
13891,MREID_0013891
13892,MREID_0013892
13893,MREID_0013893
13894,MREID_0013894
13895,MREID_0013895
13896,MREID_0013896
13897,MREID_0013897
13898,MREID_0013898
13899,MREID_0013899
13900,MREID_0013900
13901,MREID_0013901
13902,MREID_0013902
13903,MREID_0013903
13904,MREID_0013904
13905,MREID_0013905
13906,MREID_0013906
13907,MREID_0013907
13908,MREID_0013908
13909,MREID_0013909
13910,MREID_0013910
13911,MREID_0013911
13912,MREID_0013912
13913,MREID_0013913
13914,MREID_0013914
13915,MREID_0013915
13916,MREID_0013916
13917,MREID_0013917
13918,MREID_0013918
13919,MREID_0013919
13920,MREID_0013920
13921,MREID_0013921
13922,MREID_0013922
13923,MREID_0013923
13924,MREID_0013924
13925,MREID_0013925
13926,MREID_0013926
13927,MREID_0013927
13928,MREID_0013928
13929,MREID_0013929
13930,MREID_0013930
13931,MREID_0013931
13932,MREID_0013932
13933,MREID_0013933
13934,MREID_0013934
13935,MREID_0013935
13936,MREID_0013936
13937,MREID_0013937
13938,MREID_0013938
13939,MREID_0013939
13940,MREID_0013940
13941,MREID_0013941
13942,MREID_0013942
13943,MREID_0013943
13944,MREID_0013944
13945,MREID_0013945
13946,MREID_0013946
13947,MREID_0013947
13948,MREID_0013948
13949,MREID_0013949
13950,MREID_0013950
13951,MREID_0013951
13952,MREID_0013952
13953,MREID_0013953
13954,MREID_0013954
13955,MREID_0013955
13956,MREID_0013956
13957,MREID_0013957
13958,MREID_0013958
13959,MREID_0013959
13960,MREID_0013960
13961,MREID_0013961
13962,MREID_0013962
13963,MREID_0013963
13964,MREID_0013964
13965,MREID_0013965
13966,MREID_0013966
13967,MREID_0013967
13968,MREID_0013968
13969,MREID_0013969
13970,MREID_0013970
13971,MREID_0013971
13972,MREID_0013972
13973,MREID_0013973
13974,MREID_0013974
13975,MREID_0013975
13976,MREID_0013976
13977,MREID_0013977
13978,MREID_0013978
13979,MREID_0013979
13980,MREID_0013980
13981,MREID_0013981
13982,MREID_0013982
13983,MREID_0013983
13984,MREID_0013984
13985,MREID_0013985
13986,MREID_0013986
13987,MREID_0013987
13988,MREID_0013988
13989,MREID_0013989
13990,MREID_0013990
13991,MREID_0013991
13992,MREID_0013992
13993,MREID_0013993
13994,MREID_0013994
13995,MREID_0013995
13996,MREID_0013996
13997,MREID_0013997
13998,MREID_0013998
13999,MREID_0013999
14000,MREID_0014000
14001,MREID_0014001
14002,MREID_0014002
14003,MREID_0014003
14004,MREID_0014004
14005,MREID_0014005
14006,MREID_0014006
14007,MREID_0014007
14008,MREID_0014008
14009,MREID_0014009
14010,MREID_0014010
14011,MREID_0014011
14012,MREID_0014012
14013,MREID_0014013
14014,MREID_0014014
14015,MREID_0014015
14016,MREID_0014016
14017,MREID_0014017
14018,MREID_0014018
14019,MREID_0014019
14020,MREID_0014020
14021,MREID_0014021
14022,MREID_0014022
14023,MREID_0014023
14024,MREID_0014024
14025,MREID_0014025
14026,MREID_0014026
14027,MREID_0014027
14028,MREID_0014028
14029,MREID_0014029
14030,MREID_0014030
14031,MREID_0014031
14032,MREID_0014032
14033,MREID_0014033
14034,MREID_0014034
14035,MREID_0014035
14036,MREID_0014036
14037,MREID_0014037
14038,MREID_0014038
14039,MREID_0014039
14040,MREID_0014040
14041,MREID_0014041
14042,MREID_0014042
14043,MREID_0014043
14044,MREID_0014044
14045,MREID_0014045
14046,MREID_0014046
14047,MREID_0014047
14048,MREID_0014048
14049,MREID_0014049
14050,MREID_0014050
14051,MREID_0014051
14052,MREID_0014052
14053,MREID_0014053
14054,MREID_0014054
14055,MREID_0014055
14056,MREID_0014056
14057,MREID_0014057
14058,MREID_0014058
14059,MREID_0014059
14060,MREID_0014060
14061,MREID_0014061
14062,MREID_0014062
14063,MREID_0014063
14064,MREID_0014064
14065,MREID_0014065
14066,MREID_0014066
14067,MREID_0014067
14068,MREID_0014068
14069,MREID_0014069
14070,MREID_0014070
14071,MREID_0014071
14072,MREID_0014072
14073,MREID_0014073
14074,MREID_0014074
14075,MREID_0014075
14076,MREID_0014076
14077,MREID_0014077
14078,MREID_0014078
14079,MREID_0014079
14080,MREID_0014080
14081,MREID_0014081
14082,MREID_0014082
14083,MREID_0014083
14084,MREID_0014084
14085,MREID_0014085
14086,MREID_0014086
14087,MREID_0014087
14088,MREID_0014088
14089,MREID_0014089
14090,MREID_0014090
14091,MREID_0014091
14092,MREID_0014092
14093,MREID_0014093
14094,MREID_0014094
14095,MREID_0014095
14096,MREID_0014096
14097,MREID_0014097
14098,MREID_0014098
14099,MREID_0014099
14100,MREID_0014100
14101,MREID_0014101
14102,MREID_0014102
14103,MREID_0014103
14104,MREID_0014104
14105,MREID_0014105
14106,MREID_0014106
14107,MREID_0014107
14108,MREID_0014108
14109,MREID_0014109
14110,MREID_0014110
14111,MREID_0014111
14112,MREID_0014112
14113,MREID_0014113
14114,MREID_0014114
14115,MREID_0014115
14116,MREID_0014116
14117,MREID_0014117
14118,MREID_0014118
14119,MREID_0014119
14120,MREID_0014120
14121,MREID_0014121
14122,MREID_0014122
14123,MREID_0014123
14124,MREID_0014124
14125,MREID_0014125
14126,MREID_0014126
14127,MREID_0014127
14128,MREID_0014128
14129,MREID_0014129
14130,MREID_0014130
14131,MREID_0014131
14132,MREID_0014132
14133,MREID_0014133
14134,MREID_0014134
14135,MREID_0014135
14136,MREID_0014136
14137,MREID_0014137
14138,MREID_0014138
14139,MREID_0014139
14140,MREID_0014140
14141,MREID_0014141
14142,MREID_0014142
14143,MREID_0014143
14144,MREID_0014144
14145,MREID_0014145
14146,MREID_0014146
14147,MREID_0014147
14148,MREID_0014148
14149,MREID_0014149
14150,MREID_0014150
14151,MREID_0014151
14152,MREID_0014152
14153,MREID_0014153
14154,MREID_0014154
14155,MREID_0014155
14156,MREID_0014156
14157,MREID_0014157
14158,MREID_0014158
14159,MREID_0014159
14160,MREID_0014160
14161,MREID_0014161
14162,MREID_0014162
14163,MREID_0014163
14164,MREID_0014164
14165,MREID_0014165
14166,MREID_0014166
14167,MREID_0014167
14168,MREID_0014168
14169,MREID_0014169
14170,MREID_0014170
14171,MREID_0014171
14172,MREID_0014172
14173,MREID_0014173
14174,MREID_0014174
14175,MREID_0014175
14176,MREID_0014176
14177,MREID_0014177
14178,MREID_0014178
14179,MREID_0014179
14180,MREID_0014180
14181,MREID_0014181
14182,MREID_0014182
14183,MREID_0014183
14184,MREID_0014184
14185,MREID_0014185
14186,MREID_0014186
14187,MREID_0014187
14188,MREID_0014188
14189,MREID_0014189
14190,MREID_0014190
14191,MREID_0014191
14192,MREID_0014192
14193,MREID_0014193
14194,MREID_0014194
14195,MREID_0014195
14196,MREID_0014196
14197,MREID_0014197
14198,MREID_0014198
14199,MREID_0014199
14200,MREID_0014200
14201,MREID_0014201
14202,MREID_0014202
14203,MREID_0014203
14204,MREID_0014204
14205,MREID_0014205
14206,MREID_0014206
14207,MREID_0014207
14208,MREID_0014208
14209,MREID_0014209
14210,MREID_0014210
14211,MREID_0014211
14212,MREID_0014212
14213,MREID_0014213
14214,MREID_0014215
14215,MREID_0014214
14216,MREID_0014216
14217,MREID_0014217
14218,MREID_0014218
14219,MREID_0014219
14220,MREID_0014220
14221,MREID_0014221
14222,MREID_0014222
14223,MREID_0014223
14224,MREID_0014224
14225,MREID_0014225
14226,MREID_0014226
14227,MREID_0014227
14228,MREID_0014228
14229,MREID_0014229
14230,MREID_0014230
14231,MREID_0014231
14232,MREID_0014232
14233,MREID_0014233
14234,MREID_0014234
14235,MREID_0014236
14236,MREID_0014235
14237,MREID_0014237
14238,MREID_0014238
14239,MREID_0014239
14240,MREID_0014240
14241,MREID_0014241
14242,MREID_0014242
14243,MREID_0014243
14244,MREID_0014244
14245,MREID_0014245
14246,MREID_0014246
14247,MREID_0014247
14248,MREID_0014248
14249,MREID_0014249
14250,MREID_0014250
14251,MREID_0014251
14252,MREID_0014252
14253,MREID_0014253
14254,MREID_0014254
14255,MREID_0014255
14256,MREID_0014256
14257,MREID_0014257
14258,MREID_0014258
14259,MREID_0014259
14260,MREID_0014260
14261,MREID_0014261
14262,MREID_0014262
14263,MREID_0014263
14264,MREID_0014264
14265,MREID_0014265
14266,MREID_0014266
14267,MREID_0014267
14268,MREID_0014268
14269,MREID_0014269
14270,MREID_0014270
14271,MREID_0014271
14272,MREID_0014272
14273,MREID_0014273
14274,MREID_0014274
14275,MREID_0014275
14276,MREID_0014276
14277,MREID_0014277
14278,MREID_0014278
14279,MREID_0014279
14280,MREID_0014280
14281,MREID_0014281
14282,MREID_0014282
14283,MREID_0014283
14284,MREID_0014284
14285,MREID_0014285
14286,MREID_0014286
14287,MREID_0014287
14288,MREID_0014288
14289,MREID_0014289
14290,MREID_0014290
14291,MREID_0014291
14292,MREID_0014292
14293,MREID_0014293
14294,MREID_0014294
14295,MREID_0014295
14296,MREID_0014296
14297,MREID_0014297
14298,MREID_0014298
14299,MREID_0014299
14300,MREID_0014300
14301,MREID_0014301
14302,MREID_0014302
14303,MREID_0014303
14304,MREID_0014304
14305,MREID_0014305
14306,MREID_0014306
14307,MREID_0014307
14308,MREID_0014308
14309,MREID_0014309
14310,MREID_0014310
14311,MREID_0014311
14312,MREID_0014312
14313,MREID_0014313
14314,MREID_0014314
14315,MREID_0014315
14316,MREID_0014317
14317,MREID_0014316
14318,MREID_0014318
14319,MREID_0014319
14320,MREID_0014320
14321,MREID_0014321
14322,MREID_0014322
14323,MREID_0014323
14324,MREID_0014324
14325,MREID_0014325
14326,MREID_0014326
14327,MREID_0014327
14328,MREID_0014328
14329,MREID_0014329
14330,MREID_0014330
14331,MREID_0014331
14332,MREID_0014332
14333,MREID_0014333
14334,MREID_0014334
14335,MREID_0014335
14336,MREID_0014336
14337,MREID_0014337
14338,MREID_0014338
14339,MREID_0014339
14340,MREID_0014341
14341,MREID_0014340
14342,MREID_0014342
14343,MREID_0014343
14344,MREID_0014344
14345,MREID_0014345
14346,MREID_0014346
14347,MREID_0014347
14348,MREID_0014348
14349,MREID_0014349
14350,MREID_0014350
14351,MREID_0014351
14352,MREID_0014352
14353,MREID_0014353
14354,MREID_0014354
14355,MREID_0014356
14356,MREID_0014355
14357,MREID_0014357
14358,MREID_0014358
14359,MREID_0014359
14360,MREID_0014360
14361,MREID_0014361
14362,MREID_0014362
14363,MREID_0014363
14364,MREID_0014364
14365,MREID_0014366
14366,MREID_0014365
14367,MREID_0014367
14368,MREID_0014368
14369,MREID_0014369
14370,MREID_0014370
14371,MREID_0014371
14372,MREID_0014372
14373,MREID_0014374
14374,MREID_0014373
14375,MREID_0014375
14376,MREID_0014376
14377,MREID_0014377
14378,MREID_0014378
14379,MREID_0014379
14380,MREID_0014380
14381,MREID_0014381
14382,MREID_0014382
14383,MREID_0014383
14384,MREID_0014384
14385,MREID_0014385
14386,MREID_0014386
14387,MREID_0014387
14388,MREID_0014388
14389,MREID_0014389
14390,MREID_0014390
14391,MREID_0014391
14392,MREID_0014392
14393,MREID_0014393
14394,MREID_0014394
14395,MREID_0014395
14396,MREID_0014396
14397,MREID_0014397
14398,MREID_0014398
14399,MREID_0014399
14400,MREID_0014400
14401,MREID_0014401
14402,MREID_0014402
14403,MREID_0014403
14404,MREID_0014404
14405,MREID_0014405
14406,MREID_0014406
14407,MREID_0014407
14408,MREID_0014408
14409,MREID_0014409
14410,MREID_0014410
14411,MREID_0014411
14412,MREID_0014412
14413,MREID_0014413
14414,MREID_0014414
14415,MREID_0014415
14416,MREID_0014416
14417,MREID_0014417
14418,MREID_0014418
14419,MREID_0014419
14420,MREID_0014420
14421,MREID_0014421
14422,MREID_0014422
14423,MREID_0014423
14424,MREID_0014424
14425,MREID_0014425
14426,MREID_0014426
14427,MREID_0014427
14428,MREID_0014428
14429,MREID_0014429
14430,MREID_0014430
14431,MREID_0014431
14432,MREID_0014432
14433,MREID_0014433
14434,MREID_0014434
14435,MREID_0014435
14436,MREID_0014436
14437,MREID_0014437
14438,MREID_0014438
14439,MREID_0014439
14440,MREID_0014440
14441,MREID_0014441
14442,MREID_0014442
14443,MREID_0014443
14444,MREID_0014444
14445,MREID_0014445
14446,MREID_0014446
14447,MREID_0014447
14448,MREID_0014448
14449,MREID_0014449
14450,MREID_0014450
14451,MREID_0014451
14452,MREID_0014452
14453,MREID_0014453
14454,MREID_0014454
14455,MREID_0014455
14456,MREID_0014456
14457,MREID_0014457
14458,MREID_0014458
14459,MREID_0014459
14460,MREID_0014460
14461,MREID_0014461
14462,MREID_0014462
14463,MREID_0014463
14464,MREID_0014464
14465,MREID_0014465
14466,MREID_0014466
14467,MREID_0014467
14468,MREID_0014468
14469,MREID_0014469
14470,MREID_0014470
14471,MREID_0014471
14472,MREID_0014472
14473,MREID_0014473
14474,MREID_0014474
14475,MREID_0014475
14476,MREID_0014476
14477,MREID_0014477
14478,MREID_0014478
14479,MREID_0014479
14480,MREID_0014480
14481,MREID_0014481
14482,MREID_0014482
14483,MREID_0014483
14484,MREID_0014484
14485,MREID_0014485
14486,MREID_0014486
14487,MREID_0014487
14488,MREID_0014488
14489,MREID_0014489
14490,MREID_0014490
14491,MREID_0014491
14492,MREID_0014492
14493,MREID_0014493
14494,MREID_0014494
14495,MREID_0014495
14496,MREID_0014496
14497,MREID_0014497
14498,MREID_0014498
14499,MREID_0014499
14500,MREID_0014500
14501,MREID_0014501
14502,MREID_0014502
14503,MREID_0014503
14504,MREID_0014504
14505,MREID_0014505
14506,MREID_0014506
14507,MREID_0014507
14508,MREID_0014508
14509,MREID_0014509
14510,MREID_0014510
14511,MREID_0014511
14512,MREID_0014512
14513,MREID_0014513
14514,MREID_0014514
14515,MREID_0014515
14516,MREID_0014516
14517,MREID_0014517
14518,MREID_0014518
14519,MREID_0014519
14520,MREID_0014520
14521,MREID_0014521
14522,MREID_0014522
14523,MREID_0014523
14524,MREID_0014524
14525,MREID_0014525
14526,MREID_0014526
14527,MREID_0014527
14528,MREID_0014528
14529,MREID_0014529
14530,MREID_0014530
14531,MREID_0014531
14532,MREID_0014532
14533,MREID_0014533
14534,MREID_0014534
14535,MREID_0014535
14536,MREID_0014536
14537,MREID_0014537
14538,MREID_0014538
14539,MREID_0014539
14540,MREID_0014540
14541,MREID_0014541
14542,MREID_0014542
14543,MREID_0014543
14544,MREID_0014544
14545,MREID_0014545
14546,MREID_0014546
14547,MREID_0014547
14548,MREID_0014548
14549,MREID_0014549
14550,MREID_0014550
14551,MREID_0014551
14552,MREID_0014552
14553,MREID_0014553
14554,MREID_0014554
14555,MREID_0014555
14556,MREID_0014556
14557,MREID_0014557
14558,MREID_0014558
14559,MREID_0014559
14560,MREID_0014560
14561,MREID_0014561
14562,MREID_0014562
14563,MREID_0014563
14564,MREID_0014564
14565,MREID_0014565
14566,MREID_0014566
14567,MREID_0014567
14568,MREID_0014568
14569,MREID_0014569
14570,MREID_0014570
14571,MREID_0014571
14572,MREID_0014572
14573,MREID_0014573
14574,MREID_0014574
14575,MREID_0014575
14576,MREID_0014576
14577,MREID_0014577
14578,MREID_0014578
14579,MREID_0014579
14580,MREID_0014580
14581,MREID_0014581
14582,MREID_0014582
14583,MREID_0014583
14584,MREID_0014584
14585,MREID_0014585
14586,MREID_0014586
14587,MREID_0014587
14588,MREID_0014588
14589,MREID_0014589
14590,MREID_0014590
14591,MREID_0014591
14592,MREID_0014592
14593,MREID_0014593
14594,MREID_0014594
14595,MREID_0014595
14596,MREID_0014596
14597,MREID_0014597
14598,MREID_0014598
14599,MREID_0014599
14600,MREID_0014600
14601,MREID_0014601
14602,MREID_0014602
14603,MREID_0014603
14604,MREID_0014604
14605,MREID_0014605
14606,MREID_0014606
14607,MREID_0014607
14608,MREID_0014608
14609,MREID_0014609
14610,MREID_0014610
14611,MREID_0014611
14612,MREID_0014612
14613,MREID_0014613
14614,MREID_0014614
14615,MREID_0014615
14616,MREID_0014616
14617,MREID_0014617
14618,MREID_0014618
14619,MREID_0014619
14620,MREID_0014620
14621,MREID_0014621
14622,MREID_0014622
14623,MREID_0014623
14624,MREID_0014624
14625,MREID_0014625
14626,MREID_0014626
14627,MREID_0014627
14628,MREID_0014628
14629,MREID_0014629
14630,MREID_0014630
14631,MREID_0014631
14632,MREID_0014632
14633,MREID_0014633
14634,MREID_0014634
14635,MREID_0014635
14636,MREID_0014636
14637,MREID_0014637
14638,MREID_0014638
14639,MREID_0014639
14640,MREID_0014640
14641,MREID_0014641
14642,MREID_0014642
14643,MREID_0014643
14644,MREID_0014644
14645,MREID_0014645
14646,MREID_0014646
14647,MREID_0014647
14648,MREID_0014648
14649,MREID_0014649
14650,MREID_0014650
14651,MREID_0014651
14652,MREID_0014652
14653,MREID_0014653
14654,MREID_0014654
14655,MREID_0014655
14656,MREID_0014656
14657,MREID_0014657
14658,MREID_0014658
14659,MREID_0014659
14660,MREID_0014660
14661,MREID_0014661
14662,MREID_0014662
14663,MREID_0014663
14664,MREID_0014664
14665,MREID_0014665
14666,MREID_0014666
14667,MREID_0014667
14668,MREID_0014668
14669,MREID_0014669
14670,MREID_0014670
14671,MREID_0014672
14672,MREID_0014671
14673,MREID_0014673
14674,MREID_0014674
14675,MREID_0014675
14676,MREID_0014676
14677,MREID_0014677
14678,MREID_0014678
14679,MREID_0014679
14680,MREID_0014680
14681,MREID_0014681
14682,MREID_0014682
14683,MREID_0014683
14684,MREID_0014684
14685,MREID_0014685
14686,MREID_0014686
14687,MREID_0014687
14688,MREID_0014688
14689,MREID_0014689
14690,MREID_0014690
14691,MREID_0014691
14692,MREID_0014692
14693,MREID_0014693
14694,MREID_0014694
14695,MREID_0014695
14696,MREID_0014696
14697,MREID_0014697
14698,MREID_0014698
14699,MREID_0014699
14700,MREID_0014700
14701,MREID_0014701
14702,MREID_0014702
14703,MREID_0014703
14704,MREID_0014704
14705,MREID_0014705
14706,MREID_0014706
14707,MREID_0014707
14708,MREID_0014708
14709,MREID_0014709
14710,MREID_0014710
14711,MREID_0014711
14712,MREID_0014712
14713,MREID_0014713
14714,MREID_0014714
14715,MREID_0014715
14716,MREID_0014716
14717,MREID_0014717
14718,MREID_0014718
14719,MREID_0014719
14720,MREID_0014720
14721,MREID_0014721
14722,MREID_0014722
14723,MREID_0014723
14724,MREID_0014724
14725,MREID_0014725
14726,MREID_0014726
14727,MREID_0014727
14728,MREID_0014728
14729,MREID_0014729
14730,MREID_0014730
14731,MREID_0014731
14732,MREID_0014732
14733,MREID_0014733
14734,MREID_0014734
14735,MREID_0014735
14736,MREID_0014736
14737,MREID_0014737
14738,MREID_0014738
14739,MREID_0014739
14740,MREID_0014740
14741,MREID_0014741
14742,MREID_0014742
14743,MREID_0014743
14744,MREID_0014744
14745,MREID_0014745
14746,MREID_0014746
14747,MREID_0014747
14748,MREID_0014748
14749,MREID_0014749
14750,MREID_0014750
14751,MREID_0014751
14752,MREID_0014752
14753,MREID_0014753
14754,MREID_0014754
14755,MREID_0014755
14756,MREID_0014756
14757,MREID_0014757
14758,MREID_0014758
14759,MREID_0014759
14760,MREID_0014760
14761,MREID_0014761
14762,MREID_0014762
14763,MREID_0014763
14764,MREID_0014764
14765,MREID_0014765
14766,MREID_0014766
14767,MREID_0014767
14768,MREID_0014768
14769,MREID_0014769
14770,MREID_0014770
14771,MREID_0014771
14772,MREID_0014772
14773,MREID_0014773
14774,MREID_0014774
14775,MREID_0014775
14776,MREID_0014776
14777,MREID_0014777
14778,MREID_0014778
14779,MREID_0014779
14780,MREID_0014780
14781,MREID_0014782
14782,MREID_0014781
14783,MREID_0014783
14784,MREID_0014784
14785,MREID_0014785
14786,MREID_0014786
14787,MREID_0014787
14788,MREID_0014789
14789,MREID_0014788
14790,MREID_0014790
14791,MREID_0014791
14792,MREID_0014792
14793,MREID_0014793
14794,MREID_0014794
14795,MREID_0014795
14796,MREID_0014796
14797,MREID_0014797
14798,MREID_0014798
14799,MREID_0014799
14800,MREID_0014800
14801,MREID_0014801
14802,MREID_0014802
14803,MREID_0014803
14804,MREID_0014804
14805,MREID_0014805
14806,MREID_0014806
14807,MREID_0014807
14808,MREID_0014808
14809,MREID_0014809
14810,MREID_0014810
14811,MREID_0014811
14812,MREID_0014812
14813,MREID_0014813
14814,MREID_0014814
14815,MREID_0014815
14816,MREID_0014816
14817,MREID_0014817
14818,MREID_0014818
14819,MREID_0014819
14820,MREID_0014820
14821,MREID_0014821
14822,MREID_0014822
14823,MREID_0014823
14824,MREID_0014824
14825,MREID_0014825
14826,MREID_0014826
14827,MREID_0014827
14828,MREID_0014828
14829,MREID_0014829
14830,MREID_0014830
14831,MREID_0014831
14832,MREID_0014832
14833,MREID_0014833
14834,MREID_0014834
14835,MREID_0014835
14836,MREID_0014836
14837,MREID_0014837
14838,MREID_0014838
14839,MREID_0014839
14840,MREID_0014840
14841,MREID_0014841
14842,MREID_0014842
14843,MREID_0014844
14844,MREID_0014845
14845,MREID_0014843
14846,MREID_0014846
14847,MREID_0014847
14848,MREID_0014848
14849,MREID_0014849
14850,MREID_0014850
14851,MREID_0014851
14852,MREID_0014852
14853,MREID_0014853
14854,MREID_0014854
14855,MREID_0014855
14856,MREID_0014856
14857,MREID_0014857
14858,MREID_0014858
14859,MREID_0014859
14860,MREID_0014860
14861,MREID_0014861
14862,MREID_0014862
14863,MREID_0014863
14864,MREID_0014864
14865,MREID_0014865
14866,MREID_0014866
14867,MREID_0014867
14868,MREID_0014868
14869,MREID_0014869
14870,MREID_0014870
14871,MREID_0014871
14872,MREID_0014872
14873,MREID_0014873
14874,MREID_0014874
14875,MREID_0014875
14876,MREID_0014876
14877,MREID_0014877
14878,MREID_0014878
14879,MREID_0014879
14880,MREID_0014880
14881,MREID_0014881
14882,MREID_0014882
14883,MREID_0014883
14884,MREID_0014884
14885,MREID_0014885
14886,MREID_0014886
14887,MREID_0014887
14888,MREID_0014888
14889,MREID_0014889
14890,MREID_0014890
14891,MREID_0014891
14892,MREID_0014892
14893,MREID_0014893
14894,MREID_0014894
14895,MREID_0014896
14896,MREID_0014895
14897,MREID_0014897
14898,MREID_0014898
14899,MREID_0014899
14900,MREID_0014900
14901,MREID_0014901
14902,MREID_0014902
14903,MREID_0014903
14904,MREID_0014904
14905,MREID_0014905
14906,MREID_0014906
14907,MREID_0014907
14908,MREID_0014908
14909,MREID_0014909
14910,MREID_0014910
14911,MREID_0014913
14912,MREID_0014914
14913,MREID_0014911
14914,MREID_0014912
14915,MREID_0014915
14916,MREID_0014916
14917,MREID_0014917
14918,MREID_0014918
14919,MREID_0014919
14920,MREID_0014920
14921,MREID_0014921
14922,MREID_0014922
14923,MREID_0014923
14924,MREID_0014924
14925,MREID_0014925
14926,MREID_0014926
14927,MREID_0014927
14928,MREID_0014928
14929,MREID_0014929
14930,MREID_0014930
14931,MREID_0014931
14932,MREID_0014932
14933,MREID_0014933
14934,MREID_0014934
14935,MREID_0014935
14936,MREID_0014936
14937,MREID_0014937
14938,MREID_0014938
14939,MREID_0014939
14940,MREID_0014940
14941,MREID_0014941
14942,MREID_0014942
14943,MREID_0014943
14944,MREID_0014944
14945,MREID_0014945
14946,MREID_0014946
14947,MREID_0014947
14948,MREID_0014948
14949,MREID_0014949
14950,MREID_0014950
14951,MREID_0014951
14952,MREID_0014952
14953,MREID_0014953
14954,MREID_0014954
14955,MREID_0014956
14956,MREID_0014955
14957,MREID_0014957
14958,MREID_0014958
14959,MREID_0014959
14960,MREID_0014960
14961,MREID_0014961
14962,MREID_0014962
14963,MREID_0014963
14964,MREID_0014964
14965,MREID_0014965
14966,MREID_0014966
14967,MREID_0014967
14968,MREID_0014968
14969,MREID_0014969
14970,MREID_0014970
14971,MREID_0014971
14972,MREID_0014972
14973,MREID_0014973
14974,MREID_0014974
14975,MREID_0014975
14976,MREID_0014976
14977,MREID_0014977
14978,MREID_0014978
14979,MREID_0014979
14980,MREID_0014980
14981,MREID_0014981
14982,MREID_0014982
14983,MREID_0014983
14984,MREID_0014984
14985,MREID_0014985
14986,MREID_0014986
14987,MREID_0014987
14988,MREID_0014988
14989,MREID_0014989
14990,MREID_0014990
14991,MREID_0014991
14992,MREID_0014992
14993,MREID_0014993
14994,MREID_0014994
14995,MREID_0014995
14996,MREID_0014996
14997,MREID_0014997
14998,MREID_0014998
14999,MREID_0014999
15000,MREID_0015000
15001,MREID_0015001
15002,MREID_0015002
15003,MREID_0015003
15004,MREID_0015004
15005,MREID_0015005
15006,MREID_0015006
15007,MREID_0015007
15008,MREID_0015008
15009,MREID_0015009
15010,MREID_0015010
15011,MREID_0015011
15012,MREID_0015012
15013,MREID_0015013
15014,MREID_0015014
15015,MREID_0015015
15016,MREID_0015016
15017,MREID_0015017
15018,MREID_0015018
15019,MREID_0015019
15020,MREID_0015020
15021,MREID_0015021
15022,MREID_0015022
15023,MREID_0015023
15024,MREID_0015024
15025,MREID_0015025
15026,MREID_0015026
15027,MREID_0015027
15028,MREID_0015028
15029,MREID_0015029
15030,MREID_0015030
15031,MREID_0015031
15032,MREID_0015032
15033,MREID_0015033
15034,MREID_0015034
15035,MREID_0015035
15036,MREID_0015036
15037,MREID_0015037
15038,MREID_0015038
15039,MREID_0015039
15040,MREID_0015040
15041,MREID_0015041
15042,MREID_0015042
15043,MREID_0015043
15044,MREID_0015044
15045,MREID_0015045
15046,MREID_0015046
15047,MREID_0015047
15048,MREID_0015048
15049,MREID_0015049
15050,MREID_0015050
15051,MREID_0015051
15052,MREID_0015052
15053,MREID_0015054
15054,MREID_0015053
15055,MREID_0015055
15056,MREID_0015056
15057,MREID_0015057
15058,MREID_0015058
15059,MREID_0015059
15060,MREID_0015060
15061,MREID_0015061
15062,MREID_0015062
15063,MREID_0015063
15064,MREID_0015064
15065,MREID_0015065
15066,MREID_0015066
15067,MREID_0015067
15068,MREID_0015068
15069,MREID_0015069
15070,MREID_0015070
15071,MREID_0015071
15072,MREID_0015072
15073,MREID_0015073
15074,MREID_0015074
15075,MREID_0015075
15076,MREID_0015076
15077,MREID_0015077
15078,MREID_0015078
15079,MREID_0015079
15080,MREID_0015080
15081,MREID_0015081
15082,MREID_0015082
15083,MREID_0015083
15084,MREID_0015084
15085,MREID_0015086
15086,MREID_0015085
15087,MREID_0015087
15088,MREID_0015088
15089,MREID_0015089
15090,MREID_0015090
15091,MREID_0015091
15092,MREID_0015092
15093,MREID_0015093
15094,MREID_0015094
15095,MREID_0015095
15096,MREID_0015096
15097,MREID_0015097
15098,MREID_0015098
15099,MREID_0015099
15100,MREID_0015100
15101,MREID_0015101
15102,MREID_0015102
15103,MREID_0015103
15104,MREID_0015104
15105,MREID_0015105
15106,MREID_0015106
15107,MREID_0015107
15108,MREID_0015108
15109,MREID_0015109
15110,MREID_0015110
15111,MREID_0015111
15112,MREID_0015112
15113,MREID_0015113
15114,MREID_0015114
15115,MREID_0015115
15116,MREID_0015116
15117,MREID_0015117
15118,MREID_0015118
15119,MREID_0015119
15120,MREID_0015120
15121,MREID_0015121
15122,MREID_0015122
15123,MREID_0015123
15124,MREID_0015124
15125,MREID_0015125
15126,MREID_0015126
15127,MREID_0015127
15128,MREID_0015128
15129,MREID_0015129
15130,MREID_0015130
15131,MREID_0015131
15132,MREID_0015132
15133,MREID_0015133
15134,MREID_0015134
15135,MREID_0015135
15136,MREID_0015136
15137,MREID_0015137
15138,MREID_0015138
15139,MREID_0015139
15140,MREID_0015140
15141,MREID_0015141
15142,MREID_0015142
15143,MREID_0015143
15144,MREID_0015144
15145,MREID_0015145
15146,MREID_0015146
15147,MREID_0015147
15148,MREID_0015148
15149,MREID_0015149
15150,MREID_0015150
15151,MREID_0015151
15152,MREID_0015152
15153,MREID_0015153
15154,MREID_0015154
15155,MREID_0015155
15156,MREID_0015157
15157,MREID_0015156
15158,MREID_0015158
15159,MREID_0015159
15160,MREID_0015160
15161,MREID_0015161
15162,MREID_0015162
15163,MREID_0015163
15164,MREID_0015164
15165,MREID_0015165
15166,MREID_0015166
15167,MREID_0015167
15168,MREID_0015168
15169,MREID_0015169
15170,MREID_0015170
15171,MREID_0015171
15172,MREID_0015172
15173,MREID_0015173
15174,MREID_0015174
15175,MREID_0015175
15176,MREID_0015176
15177,MREID_0015177
15178,MREID_0015178
15179,MREID_0015179
15180,MREID_0015180
15181,MREID_0015181
15182,MREID_0015182
15183,MREID_0015183
15184,MREID_0015184
15185,MREID_0015185
15186,MREID_0015186
15187,MREID_0015187
15188,MREID_0015188
15189,MREID_0015189
15190,MREID_0015190
15191,MREID_0015191
15192,MREID_0015192
15193,MREID_0015193
15194,MREID_0015194
15195,MREID_0015195
15196,MREID_0015196
15197,MREID_0015197
15198,MREID_0015198
15199,MREID_0015199
15200,MREID_0015200
15201,MREID_0015201
15202,MREID_0015202
15203,MREID_0015203
15204,MREID_0015204
15205,MREID_0015205
15206,MREID_0015206
15207,MREID_0015207
15208,MREID_0015208
15209,MREID_0015209
15210,MREID_0015210
15211,MREID_0015211
15212,MREID_0015212
15213,MREID_0015213
15214,MREID_0015214
15215,MREID_0015215
15216,MREID_0015216
15217,MREID_0015217
15218,MREID_0015218
15219,MREID_0015219
15220,MREID_0015220
15221,MREID_0015221
15222,MREID_0015222
15223,MREID_0015223
15224,MREID_0015224
15225,MREID_0015225
15226,MREID_0015226
15227,MREID_0015227
15228,MREID_0015228
15229,MREID_0015229
15230,MREID_0015230
15231,MREID_0015231
15232,MREID_0015232
15233,MREID_0015234
15234,MREID_0015233
15235,MREID_0015235
15236,MREID_0015236
15237,MREID_0015237
15238,MREID_0015238
15239,MREID_0015239
15240,MREID_0015240
15241,MREID_0015241
15242,MREID_0015242
15243,MREID_0015243
15244,MREID_0015244
15245,MREID_0015245
15246,MREID_0015246
15247,MREID_0015247
15248,MREID_0015248
15249,MREID_0015249
15250,MREID_0015250
15251,MREID_0015251
15252,MREID_0015252
15253,MREID_0015253
15254,MREID_0015254
15255,MREID_0015255
15256,MREID_0015256
15257,MREID_0015257
15258,MREID_0015258
15259,MREID_0015259
15260,MREID_0015261
15261,MREID_0015260
15262,MREID_0015262
15263,MREID_0015264
15264,MREID_0015263
15265,MREID_0015265
15266,MREID_0015266
15267,MREID_0015267
15268,MREID_0015268
15269,MREID_0015269
15270,MREID_0015270
15271,MREID_0015271
15272,MREID_0015272
15273,MREID_0015273
15274,MREID_0015274
15275,MREID_0015275
15276,MREID_0015276
15277,MREID_0015277
15278,MREID_0015278
15279,MREID_0015279
15280,MREID_0015280
15281,MREID_0015281
15282,MREID_0015282
15283,MREID_0015283
15284,MREID_0015284
15285,MREID_0015285
15286,MREID_0015286
15287,MREID_0015287
15288,MREID_0015288
15289,MREID_0015289
15290,MREID_0015290
15291,MREID_0015291
15292,MREID_0015292
15293,MREID_0015293
15294,MREID_0015294
15295,MREID_0015295
15296,MREID_0015296
15297,MREID_0015297
15298,MREID_0015298
15299,MREID_0015299
15300,MREID_0015300
15301,MREID_0015301
15302,MREID_0015302
15303,MREID_0015303
15304,MREID_0015304
15305,MREID_0015305
15306,MREID_0015306
15307,MREID_0015307
15308,MREID_0015308
15309,MREID_0015309
15310,MREID_0015310
15311,MREID_0015311
15312,MREID_0015312
15313,MREID_0015313
15314,MREID_0015314
15315,MREID_0015315
15316,MREID_0015316
15317,MREID_0015317
15318,MREID_0015318
15319,MREID_0015319
15320,MREID_0015320
15321,MREID_0015321
15322,MREID_0015322
15323,MREID_0015323
15324,MREID_0015324
15325,MREID_0015325
15326,MREID_0015326
15327,MREID_0015327
15328,MREID_0015328
15329,MREID_0015329
15330,MREID_0015330
15331,MREID_0015331
15332,MREID_0015332
15333,MREID_0015333
15334,MREID_0015334
15335,MREID_0015335
15336,MREID_0015336
15337,MREID_0015337
15338,MREID_0015338
15339,MREID_0015339
15340,MREID_0015340
15341,MREID_0015341
15342,MREID_0015342
15343,MREID_0015343
15344,MREID_0015344
15345,MREID_0015345
15346,MREID_0015346
15347,MREID_0015347
15348,MREID_0015348
15349,MREID_0015349
15350,MREID_0015350
15351,MREID_0015351
15352,MREID_0015352
15353,MREID_0015353
15354,MREID_0015354
15355,MREID_0015355
15356,MREID_0015356
15357,MREID_0015357
15358,MREID_0015358
15359,MREID_0015359
15360,MREID_0015360
15361,MREID_0015361
15362,MREID_0015362
15363,MREID_0015363
15364,MREID_0015364
15365,MREID_0015365
15366,MREID_0015366
15367,MREID_0015367
15368,MREID_0015368
15369,MREID_0015369
15370,MREID_0015370
15371,MREID_0015371
15372,MREID_0015372
15373,MREID_0015373
15374,MREID_0015374
15375,MREID_0015375
15376,MREID_0015376
15377,MREID_0015377
15378,MREID_0015378
15379,MREID_0015379
15380,MREID_0015380
15381,MREID_0015381
15382,MREID_0015382
15383,MREID_0015383
15384,MREID_0015384
15385,MREID_0015385
15386,MREID_0015386
15387,MREID_0015387
15388,MREID_0015388
15389,MREID_0015389
15390,MREID_0015390
15391,MREID_0015391
15392,MREID_0015392
15393,MREID_0015393
15394,MREID_0015394
15395,MREID_0015395
15396,MREID_0015396
15397,MREID_0015397
15398,MREID_0015398
15399,MREID_0015399
15400,MREID_0015400
15401,MREID_0015401
15402,MREID_0015402
15403,MREID_0015403
15404,MREID_0015404
15405,MREID_0015405
15406,MREID_0015406
15407,MREID_0015407
15408,MREID_0015408
15409,MREID_0015409
15410,MREID_0015410
15411,MREID_0015411
15412,MREID_0015412
15413,MREID_0015413
15414,MREID_0015414
15415,MREID_0015415
15416,MREID_0015416
15417,MREID_0015417
15418,MREID_0015418
15419,MREID_0015419
15420,MREID_0015420
15421,MREID_0015421
15422,MREID_0015422
15423,MREID_0015423
15424,MREID_0015424
15425,MREID_0015425
15426,MREID_0015426
15427,MREID_0015427
15428,MREID_0015428
15429,MREID_0015429
15430,MREID_0015430
15431,MREID_0015431
15432,MREID_0015432
15433,MREID_0015433
15434,MREID_0015434
15435,MREID_0015435
15436,MREID_0015436
15437,MREID_0015437
15438,MREID_0015438
15439,MREID_0015439
15440,MREID_0015440
15441,MREID_0015441
15442,MREID_0015442
15443,MREID_0015443
15444,MREID_0015444
15445,MREID_0015445
15446,MREID_0015446
15447,MREID_0015447
15448,MREID_0015448
15449,MREID_0015449
15450,MREID_0015450
15451,MREID_0015451
15452,MREID_0015452
15453,MREID_0015453
15454,MREID_0015454
15455,MREID_0015455
15456,MREID_0015456
15457,MREID_0015457
15458,MREID_0015458
15459,MREID_0015459
15460,MREID_0015460
15461,MREID_0015461
15462,MREID_0015462
15463,MREID_0015463
15464,MREID_0015464
15465,MREID_0015465
15466,MREID_0015466
15467,MREID_0015467
15468,MREID_0015468
15469,MREID_0015469
15470,MREID_0015470
15471,MREID_0015471
15472,MREID_0015472
15473,MREID_0015473
15474,MREID_0015474
15475,MREID_0015475
15476,MREID_0015476
15477,MREID_0015477
15478,MREID_0015478
15479,MREID_0015479
15480,MREID_0015480
15481,MREID_0015481
15482,MREID_0015482
15483,MREID_0015483
15484,MREID_0015484
15485,MREID_0015485
15486,MREID_0015486
15487,MREID_0015487
15488,MREID_0015488
15489,MREID_0015489
15490,MREID_0015490
15491,MREID_0015491
15492,MREID_0015492
15493,MREID_0015493
15494,MREID_0015494
15495,MREID_0015495
15496,MREID_0015496
15497,MREID_0015497
15498,MREID_0015498
15499,MREID_0015499
15500,MREID_0015500
15501,MREID_0015501
15502,MREID_0015502
15503,MREID_0015503
15504,MREID_0015504
15505,MREID_0015505
15506,MREID_0015506
15507,MREID_0015507
15508,MREID_0015508
15509,MREID_0015509
15510,MREID_0015510
15511,MREID_0015511
15512,MREID_0015512
15513,MREID_0015513
15514,MREID_0015514
15515,MREID_0015515
15516,MREID_0015516
15517,MREID_0015517
15518,MREID_0015518
15519,MREID_0015519
15520,MREID_0015520
15521,MREID_0015521
15522,MREID_0015522
15523,MREID_0015523
15524,MREID_0015524
15525,MREID_0015525
15526,MREID_0015526
15527,MREID_0015527
15528,MREID_0015528
15529,MREID_0015529
15530,MREID_0015530
15531,MREID_0015531
15532,MREID_0015532
15533,MREID_0015533
15534,MREID_0015534
15535,MREID_0015535
15536,MREID_0015536
15537,MREID_0015537
15538,MREID_0015538
15539,MREID_0015539
15540,MREID_0015540
15541,MREID_0015541
15542,MREID_0015542
15543,MREID_0015543
15544,MREID_0015544
15545,MREID_0015545
15546,MREID_0015546
15547,MREID_0015547
15548,MREID_0015548
15549,MREID_0015549
15550,MREID_0015550
15551,MREID_0015551
15552,MREID_0015552
15553,MREID_0015553
15554,MREID_0015554
15555,MREID_0015555
15556,MREID_0015556
15557,MREID_0015557
15558,MREID_0015558
15559,MREID_0015559
15560,MREID_0015560
15561,MREID_0015561
15562,MREID_0015562
15563,MREID_0015563
15564,MREID_0015564
15565,MREID_0015565
15566,MREID_0015566
15567,MREID_0015567
15568,MREID_0015568
15569,MREID_0015569
15570,MREID_0015570
15571,MREID_0015571
15572,MREID_0015572
15573,MREID_0015573
15574,MREID_0015574
15575,MREID_0015575
15576,MREID_0015576
15577,MREID_0015577
15578,MREID_0015578
15579,MREID_0015579
15580,MREID_0015580
15581,MREID_0015581
15582,MREID_0015582
15583,MREID_0015583
15584,MREID_0015584
15585,MREID_0015585
15586,MREID_0015586
15587,MREID_0015587
15588,MREID_0015588
15589,MREID_0015589
15590,MREID_0015590
15591,MREID_0015591
15592,MREID_0015592
15593,MREID_0015593
15594,MREID_0015594
15595,MREID_0015595
15596,MREID_0015596
15597,MREID_0015597
15598,MREID_0015598
15599,MREID_0015599
15600,MREID_0015600
15601,MREID_0015601
15602,MREID_0015602
15603,MREID_0015603
15604,MREID_0015604
15605,MREID_0015605
15606,MREID_0015606
15607,MREID_0015607
15608,MREID_0015608
15609,MREID_0015609
15610,MREID_0015610
15611,MREID_0015611
15612,MREID_0015612
15613,MREID_0015613
15614,MREID_0015614
15615,MREID_0015615
15616,MREID_0015616
15617,MREID_0015617
15618,MREID_0015618
15619,MREID_0015619
15620,MREID_0015620
15621,MREID_0015621
15622,MREID_0015622
15623,MREID_0015623
15624,MREID_0015624
15625,MREID_0015625
15626,MREID_0015626
15627,MREID_0015627
15628,MREID_0015628
15629,MREID_0015629
15630,MREID_0015630
15631,MREID_0015631
15632,MREID_0015632
15633,MREID_0015633
15634,MREID_0015634
15635,MREID_0015635
15636,MREID_0015636
15637,MREID_0015637
15638,MREID_0015638
15639,MREID_0015639
15640,MREID_0015640
15641,MREID_0015641
15642,MREID_0015642
15643,MREID_0015643
15644,MREID_0015644
15645,MREID_0015645
15646,MREID_0015646
15647,MREID_0015647
15648,MREID_0015648
15649,MREID_0015649
15650,MREID_0015650
15651,MREID_0015651
15652,MREID_0015652
15653,MREID_0015653
15654,MREID_0015654
15655,MREID_0015655
15656,MREID_0015656
15657,MREID_0015657
15658,MREID_0015658
15659,MREID_0015659
15660,MREID_0015660
15661,MREID_0015661
15662,MREID_0015662
15663,MREID_0015663
15664,MREID_0015664
15665,MREID_0015665
15666,MREID_0015666
15667,MREID_0015667
15668,MREID_0015668
15669,MREID_0015669
15670,MREID_0015670
15671,MREID_0015671
15672,MREID_0015672
15673,MREID_0015673
15674,MREID_0015674
15675,MREID_0015675
15676,MREID_0015676
15677,MREID_0015677
15678,MREID_0015678
15679,MREID_0015679
15680,MREID_0015680
15681,MREID_0015681
15682,MREID_0015682
15683,MREID_0015683
15684,MREID_0015684
15685,MREID_0015685
15686,MREID_0015686
15687,MREID_0015687
15688,MREID_0015688
15689,MREID_0015689
15690,MREID_0015690
15691,MREID_0015691
15692,MREID_0015692
15693,MREID_0015693
15694,MREID_0015694
15695,MREID_0015695
15696,MREID_0015696
15697,MREID_0015697
15698,MREID_0015698
15699,MREID_0015699
15700,MREID_0015700
15701,MREID_0015701
15702,MREID_0015702
15703,MREID_0015703
15704,MREID_0015704
15705,MREID_0015705
15706,MREID_0015706
15707,MREID_0015707
15708,MREID_0015708
15709,MREID_0015709
15710,MREID_0015710
15711,MREID_0015711
15712,MREID_0015712
15713,MREID_0015713
15714,MREID_0015714
15715,MREID_0015715
15716,MREID_0015716
15717,MREID_0015717
15718,MREID_0015718
15719,MREID_0015719
15720,MREID_0015720
15721,MREID_0015721
15722,MREID_0015722
15723,MREID_0015723
15724,MREID_0015724
15725,MREID_0015725
15726,MREID_0015726
15727,MREID_0015727
15728,MREID_0015728
15729,MREID_0015729
15730,MREID_0015730
15731,MREID_0015731
15732,MREID_0015732
15733,MREID_0015733
15734,MREID_0015734
15735,MREID_0015735
15736,MREID_0015736
15737,MREID_0015737
15738,MREID_0015738
15739,MREID_0015739
15740,MREID_0015740
15741,MREID_0015741
15742,MREID_0015742
15743,MREID_0015743
15744,MREID_0015744
15745,MREID_0015745
15746,MREID_0015746
15747,MREID_0015747
15748,MREID_0015748
15749,MREID_0015749
15750,MREID_0015750
15751,MREID_0015751
15752,MREID_0015752
15753,MREID_0015753
15754,MREID_0015754
15755,MREID_0015755
15756,MREID_0015756
15757,MREID_0015757
15758,MREID_0015758
15759,MREID_0015759
15760,MREID_0015760
15761,MREID_0015761
15762,MREID_0015762
15763,MREID_0015763
15764,MREID_0015764
15765,MREID_0015765
15766,MREID_0015766
15767,MREID_0015767
15768,MREID_0015768
15769,MREID_0015769
15770,MREID_0015770
15771,MREID_0015771
15772,MREID_0015772
15773,MREID_0015773
15774,MREID_0015774
15775,MREID_0015775
15776,MREID_0015776
15777,MREID_0015777
15778,MREID_0015778
15779,MREID_0015779
15780,MREID_0015780
15781,MREID_0015781
15782,MREID_0015782
15783,MREID_0015783
15784,MREID_0015784
15785,MREID_0015785
15786,MREID_0015786
15787,MREID_0015787
15788,MREID_0015788
15789,MREID_0015789
15790,MREID_0015790
15791,MREID_0015791
15792,MREID_0015792
15793,MREID_0015793
15794,MREID_0015794
15795,MREID_0015795
15796,MREID_0015796
15797,MREID_0015797
15798,MREID_0015798
15799,MREID_0015799
15800,MREID_0015800
15801,MREID_0015801
15802,MREID_0015802
15803,MREID_0015803
15804,MREID_0015804
15805,MREID_0015805
15806,MREID_0015806
15807,MREID_0015807
15808,MREID_0015808
15809,MREID_0015809
15810,MREID_0015810
15811,MREID_0015811
15812,MREID_0015812
15813,MREID_0015813
15814,MREID_0015814
15815,MREID_0015815
15816,MREID_0015816
15817,MREID_0015817
15818,MREID_0015818
15819,MREID_0015819
15820,MREID_0015820
15821,MREID_0015821
15822,MREID_0015822
15823,MREID_0015823
15824,MREID_0015824
15825,MREID_0015825
15826,MREID_0015826
15827,MREID_0015827
15828,MREID_0015828
15829,MREID_0015829
15830,MREID_0015830
15831,MREID_0015831
15832,MREID_0015832
15833,MREID_0015833
15834,MREID_0015834
15835,MREID_0015835
15836,MREID_0015836
15837,MREID_0015837
15838,MREID_0015838
15839,MREID_0015839
15840,MREID_0015840
15841,MREID_0015841
15842,MREID_0015842
15843,MREID_0015843
15844,MREID_0015844
15845,MREID_0015845
15846,MREID_0015846
15847,MREID_0015847
15848,MREID_0015848
15849,MREID_0015849
15850,MREID_0015850
15851,MREID_0015851
15852,MREID_0015852
15853,MREID_0015853
15854,MREID_0015854
15855,MREID_0015855
15856,MREID_0015856
15857,MREID_0015857
15858,MREID_0015858
15859,MREID_0015859
15860,MREID_0015860
15861,MREID_0015861
15862,MREID_0015862
15863,MREID_0015863
15864,MREID_0015864
15865,MREID_0015865
15866,MREID_0015867
15867,MREID_0015866
15868,MREID_0015868
15869,MREID_0015869
15870,MREID_0015870
15871,MREID_0015871
15872,MREID_0015872
15873,MREID_0015873
15874,MREID_0015874
15875,MREID_0015875
15876,MREID_0015876
15877,MREID_0015877
15878,MREID_0015878
15879,MREID_0015879
15880,MREID_0015880
15881,MREID_0015881
15882,MREID_0015882
15883,MREID_0015883
15884,MREID_0015884
15885,MREID_0015885
15886,MREID_0015886
15887,MREID_0015887
15888,MREID_0015888
15889,MREID_0015889
15890,MREID_0015890
15891,MREID_0015891
15892,MREID_0015892
15893,MREID_0015893
15894,MREID_0015894
15895,MREID_0015895
15896,MREID_0015896
15897,MREID_0015897
15898,MREID_0015898
15899,MREID_0015899
15900,MREID_0015900
15901,MREID_0015901
15902,MREID_0015902
15903,MREID_0015903
15904,MREID_0015904
15905,MREID_0015905
15906,MREID_0015906
15907,MREID_0015907
15908,MREID_0015908
15909,MREID_0015909
15910,MREID_0015910
15911,MREID_0015911
15912,MREID_0015912
15913,MREID_0015913
15914,MREID_0015914
15915,MREID_0015915
15916,MREID_0015916
15917,MREID_0015917
15918,MREID_0015918
15919,MREID_0015919
15920,MREID_0015920
15921,MREID_0015921
15922,MREID_0015922
15923,MREID_0015923
15924,MREID_0015924
15925,MREID_0015925
15926,MREID_0015926
15927,MREID_0015927
15928,MREID_0015928
15929,MREID_0015929
15930,MREID_0015930
15931,MREID_0015931
15932,MREID_0015932
15933,MREID_0015933
15934,MREID_0015934
15935,MREID_0015935
15936,MREID_0015936
15937,MREID_0015937
15938,MREID_0015938
15939,MREID_0015939
15940,MREID_0015940
15941,MREID_0015941
15942,MREID_0015942
15943,MREID_0015943
15944,MREID_0015944
15945,MREID_0015945
15946,MREID_0015946
15947,MREID_0015947
15948,MREID_0015948
15949,MREID_0015949
15950,MREID_0015950
15951,MREID_0015951
15952,MREID_0015952
15953,MREID_0015953
15954,MREID_0015954
15955,MREID_0015955
15956,MREID_0015956
15957,MREID_0015957
15958,MREID_0015958
15959,MREID_0015959
15960,MREID_0015960
15961,MREID_0015961
15962,MREID_0015962
15963,MREID_0015963
15964,MREID_0015964
15965,MREID_0015965
15966,MREID_0015966
15967,MREID_0015967
15968,MREID_0015968
15969,MREID_0015969
15970,MREID_0015970
15971,MREID_0015971
15972,MREID_0015972
15973,MREID_0015973
15974,MREID_0015974
15975,MREID_0015975
15976,MREID_0015976
15977,MREID_0015977
15978,MREID_0015978
15979,MREID_0015979
15980,MREID_0015980
15981,MREID_0015981
15982,MREID_0015982
15983,MREID_0015983
15984,MREID_0015984
15985,MREID_0015985
15986,MREID_0015986
15987,MREID_0015987
15988,MREID_0015988
15989,MREID_0015989
15990,MREID_0015990
15991,MREID_0015991
15992,MREID_0015992
15993,MREID_0015993
15994,MREID_0015994
15995,MREID_0015995
15996,MREID_0015996
15997,MREID_0015997
15998,MREID_0015998
15999,MREID_0015999
16000,MREID_0016000
16001,MREID_0016001
16002,MREID_0016002
16003,MREID_0016003
16004,MREID_0016004
16005,MREID_0016005
16006,MREID_0016006
16007,MREID_0016007
16008,MREID_0016008
16009,MREID_0016009
16010,MREID_0016010
16011,MREID_0016011
16012,MREID_0016012
16013,MREID_0016013
16014,MREID_0016014
16015,MREID_0016015
16016,MREID_0016016
16017,MREID_0016017
16018,MREID_0016018
16019,MREID_0016019
16020,MREID_0016020
16021,MREID_0016021
16022,MREID_0016022
16023,MREID_0016023
16024,MREID_0016024
16025,MREID_0016025
16026,MREID_0016026
16027,MREID_0016027
16028,MREID_0016028
16029,MREID_0016029
16030,MREID_0016030
16031,MREID_0016031
16032,MREID_0016032
16033,MREID_0016033
16034,MREID_0016037
16035,MREID_0016036
16036,MREID_0016034
16037,MREID_0016038
16038,MREID_0016035
16039,MREID_0016039
16040,MREID_0016040
16041,MREID_0016041
16042,MREID_0016042
16043,MREID_0016043
16044,MREID_0016044
16045,MREID_0016045
16046,MREID_0016046
16047,MREID_0016047
16048,MREID_0016048
16049,MREID_0016049
16050,MREID_0016050
16051,MREID_0016051
16052,MREID_0016052
16053,MREID_0016053
16054,MREID_0016054
16055,MREID_0016055
16056,MREID_0016056
16057,MREID_0016057
16058,MREID_0016058
16059,MREID_0016059
16060,MREID_0016060
16061,MREID_0016061
16062,MREID_0016062
16063,MREID_0016063
16064,MREID_0016064
16065,MREID_0016065
16066,MREID_0016066
16067,MREID_0016067
16068,MREID_0016068
16069,MREID_0016069
16070,MREID_0016070
16071,MREID_0016071
16072,MREID_0016072
16073,MREID_0016073
16074,MREID_0016074
16075,MREID_0016075
16076,MREID_0016076
16077,MREID_0016077
16078,MREID_0016078
16079,MREID_0016079
16080,MREID_0016080
16081,MREID_0016081
16082,MREID_0016082
16083,MREID_0016083
16084,MREID_0016086
16085,MREID_0016084
16086,MREID_0016085
16087,MREID_0016087
16088,MREID_0016088
16089,MREID_0016089
16090,MREID_0016090
16091,MREID_0016091
16092,MREID_0016092
16093,MREID_0016093
16094,MREID_0016094
16095,MREID_0016095
16096,MREID_0016096
16097,MREID_0016097
16098,MREID_0016098
16099,MREID_0016099
16100,MREID_0016100
16101,MREID_0016101
16102,MREID_0016102
16103,MREID_0016103
16104,MREID_0016104
16105,MREID_0016105
16106,MREID_0016106
16107,MREID_0016107
16108,MREID_0016108
16109,MREID_0016109
16110,MREID_0016110
16111,MREID_0016111
16112,MREID_0016112
16113,MREID_0016113
16114,MREID_0016114
16115,MREID_0016115
16116,MREID_0016116
16117,MREID_0016117
16118,MREID_0016118
16119,MREID_0016119
16120,MREID_0016120
16121,MREID_0016121
16122,MREID_0016122
16123,MREID_0016123
16124,MREID_0016124
16125,MREID_0016125
16126,MREID_0016126
16127,MREID_0016127
16128,MREID_0016128
16129,MREID_0016129
16130,MREID_0016130
16131,MREID_0016131
16132,MREID_0016132
16133,MREID_0016133
16134,MREID_0016134
16135,MREID_0016135
16136,MREID_0016136
16137,MREID_0016137
16138,MREID_0016138
16139,MREID_0016139
16140,MREID_0016140
16141,MREID_0016141
16142,MREID_0016142
16143,MREID_0016143
16144,MREID_0016144
16145,MREID_0016145
16146,MREID_0016146
16147,MREID_0016147
16148,MREID_0016148
16149,MREID_0016149
16150,MREID_0016150
16151,MREID_0016151
16152,MREID_0016152
16153,MREID_0016153
16154,MREID_0016154
16155,MREID_0016155
16156,MREID_0016156
16157,MREID_0016157
16158,MREID_0016158
16159,MREID_0016159
16160,MREID_0016160
16161,MREID_0016161
16162,MREID_0016162
16163,MREID_0016163
16164,MREID_0016164
16165,MREID_0016165
16166,MREID_0016166
16167,MREID_0016167
16168,MREID_0016168
16169,MREID_0016169
16170,MREID_0016170
16171,MREID_0016171
16172,MREID_0016172
16173,MREID_0016173
16174,MREID_0016174
16175,MREID_0016175
16176,MREID_0016176
16177,MREID_0016177
16178,MREID_0016178
16179,MREID_0016179
16180,MREID_0016180
16181,MREID_0016181
16182,MREID_0016182
16183,MREID_0016183
16184,MREID_0016184
16185,MREID_0016185
16186,MREID_0016186
16187,MREID_0016187
16188,MREID_0016188
16189,MREID_0016189
16190,MREID_0016190
16191,MREID_0016191
16192,MREID_0016192
16193,MREID_0016193
16194,MREID_0016194
16195,MREID_0016195
16196,MREID_0016196
16197,MREID_0016197
16198,MREID_0016198
16199,MREID_0016199
16200,MREID_0016200
16201,MREID_0016201
16202,MREID_0016202
16203,MREID_0016203
16204,MREID_0016204
16205,MREID_0016205
16206,MREID_0016206
16207,MREID_0016207
16208,MREID_0016208
16209,MREID_0016209
16210,MREID_0016210
16211,MREID_0016211
16212,MREID_0016212
16213,MREID_0016213
16214,MREID_0016214
16215,MREID_0016215
16216,MREID_0016216
16217,MREID_0016217
16218,MREID_0016218
16219,MREID_0016219
16220,MREID_0016220
16221,MREID_0016221
16222,MREID_0016222
16223,MREID_0016223
16224,MREID_0016224
16225,MREID_0016226
16226,MREID_0016225
16227,MREID_0016227
16228,MREID_0016228
16229,MREID_0016229
16230,MREID_0016230
16231,MREID_0016231
16232,MREID_0016232
16233,MREID_0016233
16234,MREID_0016234
16235,MREID_0016235
16236,MREID_0016236
16237,MREID_0016237
16238,MREID_0016238
16239,MREID_0016239
16240,MREID_0016240
16241,MREID_0016241
16242,MREID_0016242
16243,MREID_0016243
16244,MREID_0016244
16245,MREID_0016245
16246,MREID_0016246
16247,MREID_0016247
16248,MREID_0016248
16249,MREID_0016249
16250,MREID_0016250
16251,MREID_0016251
16252,MREID_0016252
16253,MREID_0016253
16254,MREID_0016254
16255,MREID_0016255
16256,MREID_0016256
16257,MREID_0016257
16258,MREID_0016258
16259,MREID_0016259
16260,MREID_0016260
16261,MREID_0016261
16262,MREID_0016262
16263,MREID_0016263
16264,MREID_0016264
16265,MREID_0016265
16266,MREID_0016266
16267,MREID_0016267
16268,MREID_0016268
16269,MREID_0016269
16270,MREID_0016270
16271,MREID_0016271
16272,MREID_0016272
16273,MREID_0016273
16274,MREID_0016274
16275,MREID_0016275
16276,MREID_0016276
16277,MREID_0016277
16278,MREID_0016278
16279,MREID_0016279
16280,MREID_0016280
16281,MREID_0016281
16282,MREID_0016282
16283,MREID_0016283
16284,MREID_0016284
16285,MREID_0016285
16286,MREID_0016286
16287,MREID_0016287
16288,MREID_0016288
16289,MREID_0016289
16290,MREID_0016290
16291,MREID_0016291
16292,MREID_0016292
16293,MREID_0016293
16294,MREID_0016294
16295,MREID_0016295
16296,MREID_0016296
16297,MREID_0016297
16298,MREID_0016298
16299,MREID_0016299
16300,MREID_0016300
16301,MREID_0016301
16302,MREID_0016302
16303,MREID_0016303
16304,MREID_0016304
16305,MREID_0016305
16306,MREID_0016306
16307,MREID_0016307
16308,MREID_0016308
16309,MREID_0016309
16310,MREID_0016310
16311,MREID_0016311
16312,MREID_0016312
16313,MREID_0016313
16314,MREID_0016314
16315,MREID_0016315
16316,MREID_0016316
16317,MREID_0016317
16318,MREID_0016318
16319,MREID_0016319
16320,MREID_0016320
16321,MREID_0016321
16322,MREID_0016322
16323,MREID_0016323
16324,MREID_0016324
16325,MREID_0016325
16326,MREID_0016326
16327,MREID_0016327
16328,MREID_0016328
16329,MREID_0016329
16330,MREID_0016330
16331,MREID_0016331
16332,MREID_0016332
16333,MREID_0016333
16334,MREID_0016334
16335,MREID_0016335
16336,MREID_0016336
16337,MREID_0016337
16338,MREID_0016338
16339,MREID_0016339
16340,MREID_0016340
16341,MREID_0016341
16342,MREID_0016342
16343,MREID_0016343
16344,MREID_0016344
16345,MREID_0016345
16346,MREID_0016346
16347,MREID_0016347
16348,MREID_0016348
16349,MREID_0016349
16350,MREID_0016350
16351,MREID_0016351
16352,MREID_0016352
16353,MREID_0016353
16354,MREID_0016354
16355,MREID_0016355
16356,MREID_0016356
16357,MREID_0016357
16358,MREID_0016358
16359,MREID_0016359
16360,MREID_0016360
16361,MREID_0016361
16362,MREID_0016362
16363,MREID_0016363
16364,MREID_0016364
16365,MREID_0016365
16366,MREID_0016366
16367,MREID_0016367
16368,MREID_0016368
16369,MREID_0016369
16370,MREID_0016370
16371,MREID_0016371
16372,MREID_0016372
16373,MREID_0016373
16374,MREID_0016374
16375,MREID_0016375
16376,MREID_0016376
16377,MREID_0016377
16378,MREID_0016378
16379,MREID_0016379
16380,MREID_0016380
16381,MREID_0016381
16382,MREID_0016382
16383,MREID_0016383
16384,MREID_0016384
16385,MREID_0016385
16386,MREID_0016386
16387,MREID_0016387
16388,MREID_0016388
16389,MREID_0016389
16390,MREID_0016390
16391,MREID_0016391
16392,MREID_0016392
16393,MREID_0016393
16394,MREID_0016394
16395,MREID_0016395
16396,MREID_0016396
16397,MREID_0016397
16398,MREID_0016398
16399,MREID_0016399
16400,MREID_0016400
16401,MREID_0016401
16402,MREID_0016402
16403,MREID_0016403
16404,MREID_0016404
16405,MREID_0016405
16406,MREID_0016406
16407,MREID_0016407
16408,MREID_0016408
16409,MREID_0016409
16410,MREID_0016410
16411,MREID_0016411
16412,MREID_0016412
16413,MREID_0016413
16414,MREID_0016414
16415,MREID_0016415
16416,MREID_0016416
16417,MREID_0016417
16418,MREID_0016418
16419,MREID_0016419
16420,MREID_0016420
16421,MREID_0016421
16422,MREID_0016422
16423,MREID_0016423
16424,MREID_0016424
16425,MREID_0016425
16426,MREID_0016426
16427,MREID_0016427
16428,MREID_0016428
16429,MREID_0016429
16430,MREID_0016430
16431,MREID_0016431
16432,MREID_0016432
16433,MREID_0016433
16434,MREID_0016434
16435,MREID_0016435
16436,MREID_0016436
16437,MREID_0016437
16438,MREID_0016438
16439,MREID_0016439
16440,MREID_0016440
16441,MREID_0016441
16442,MREID_0016442
16443,MREID_0016443
16444,MREID_0016444
16445,MREID_0016445
16446,MREID_0016446
16447,MREID_0016447
16448,MREID_0016448
16449,MREID_0016449
16450,MREID_0016450
16451,MREID_0016451
16452,MREID_0016452
16453,MREID_0016453
16454,MREID_0016454
16455,MREID_0016455
16456,MREID_0016456
16457,MREID_0016457
16458,MREID_0016458
16459,MREID_0016459
16460,MREID_0016460
16461,MREID_0016461
16462,MREID_0016462
16463,MREID_0016463
16464,MREID_0016464
16465,MREID_0016465
16466,MREID_0016466
16467,MREID_0016467
16468,MREID_0016468
16469,MREID_0016469
16470,MREID_0016470
16471,MREID_0016471
16472,MREID_0016472
16473,MREID_0016473
16474,MREID_0016474
16475,MREID_0016475
16476,MREID_0016476
16477,MREID_0016477
16478,MREID_0016478
16479,MREID_0016479
16480,MREID_0016480
16481,MREID_0016481
16482,MREID_0016482
16483,MREID_0016483
16484,MREID_0016484
16485,MREID_0016485
16486,MREID_0016486
16487,MREID_0016487
16488,MREID_0016488
16489,MREID_0016489
16490,MREID_0016490
16491,MREID_0016491
16492,MREID_0016492
16493,MREID_0016493
16494,MREID_0016494
16495,MREID_0016495
16496,MREID_0016496
16497,MREID_0016497
16498,MREID_0016498
16499,MREID_0016499
16500,MREID_0016500
16501,MREID_0016501
16502,MREID_0016502
16503,MREID_0016503
16504,MREID_0016504
16505,MREID_0016505
16506,MREID_0016506
16507,MREID_0016507
16508,MREID_0016508
16509,MREID_0016509
16510,MREID_0016510
16511,MREID_0016511
16512,MREID_0016512
16513,MREID_0016513
16514,MREID_0016514
16515,MREID_0016515
16516,MREID_0016516
16517,MREID_0016517
16518,MREID_0016518
16519,MREID_0016519
16520,MREID_0016520
16521,MREID_0016521
16522,MREID_0016522
16523,MREID_0016523
16524,MREID_0016524
16525,MREID_0016525
16526,MREID_0016526
16527,MREID_0016527
16528,MREID_0016528
16529,MREID_0016529
16530,MREID_0016530
16531,MREID_0016531
16532,MREID_0016532
16533,MREID_0016533
16534,MREID_0016534
16535,MREID_0016535
16536,MREID_0016536
16537,MREID_0016537
16538,MREID_0016538
16539,MREID_0016539
16540,MREID_0016540
16541,MREID_0016541
16542,MREID_0016542
16543,MREID_0016543
16544,MREID_0016544
16545,MREID_0016545
16546,MREID_0016546
16547,MREID_0016547
16548,MREID_0016548
16549,MREID_0016549
16550,MREID_0016550
16551,MREID_0016551
16552,MREID_0016552
16553,MREID_0016553
16554,MREID_0016554
16555,MREID_0016555
16556,MREID_0016556
16557,MREID_0016557
16558,MREID_0016558
16559,MREID_0016559
16560,MREID_0016560
16561,MREID_0016561
16562,MREID_0016562
16563,MREID_0016563
16564,MREID_0016564
16565,MREID_0016565
16566,MREID_0016566
16567,MREID_0016567
16568,MREID_0016568
16569,MREID_0016569
16570,MREID_0016570
16571,MREID_0016571
16572,MREID_0016572
16573,MREID_0016573
16574,MREID_0016574
16575,MREID_0016575
16576,MREID_0016576
16577,MREID_0016577
16578,MREID_0016578
16579,MREID_0016579
16580,MREID_0016580
16581,MREID_0016581
16582,MREID_0016582
16583,MREID_0016583
16584,MREID_0016584
16585,MREID_0016585
16586,MREID_0016586
16587,MREID_0016587
16588,MREID_0016588
16589,MREID_0016589
16590,MREID_0016590
16591,MREID_0016591
16592,MREID_0016592
16593,MREID_0016593
16594,MREID_0016594
16595,MREID_0016595
16596,MREID_0016596
16597,MREID_0016597
16598,MREID_0016598
16599,MREID_0016599
16600,MREID_0016600
16601,MREID_0016601
16602,MREID_0016602
16603,MREID_0016603
16604,MREID_0016604
16605,MREID_0016605
16606,MREID_0016607
16607,MREID_0016608
16608,MREID_0016606
16609,MREID_0016609
16610,MREID_0016610
16611,MREID_0016611
16612,MREID_0016612
16613,MREID_0016613
16614,MREID_0016614
16615,MREID_0016615
16616,MREID_0016616
16617,MREID_0016617
16618,MREID_0016618
16619,MREID_0016619
16620,MREID_0016620
16621,MREID_0016621
16622,MREID_0016623
16623,MREID_0016622
16624,MREID_0016624
16625,MREID_0016625
16626,MREID_0016626
16627,MREID_0016627
16628,MREID_0016628
16629,MREID_0016629
16630,MREID_0016630
16631,MREID_0016631
16632,MREID_0016632
16633,MREID_0016633
16634,MREID_0016634
16635,MREID_0016635
16636,MREID_0016636
16637,MREID_0016637
16638,MREID_0016638
16639,MREID_0016639
16640,MREID_0016640
16641,MREID_0016641
16642,MREID_0016642
16643,MREID_0016643
16644,MREID_0016644
16645,MREID_0016645
16646,MREID_0016646
16647,MREID_0016647
16648,MREID_0016648
16649,MREID_0016649
16650,MREID_0016650
16651,MREID_0016651
16652,MREID_0016652
16653,MREID_0016653
16654,MREID_0016654
16655,MREID_0016655
16656,MREID_0016656
16657,MREID_0016658
16658,MREID_0016657
16659,MREID_0016659
16660,MREID_0016660
16661,MREID_0016661
16662,MREID_0016662
16663,MREID_0016663
16664,MREID_0016664
16665,MREID_0016665
16666,MREID_0016666
16667,MREID_0016667
16668,MREID_0016668
16669,MREID_0016669
16670,MREID_0016670
16671,MREID_0016671
16672,MREID_0016672
16673,MREID_0016673
16674,MREID_0016674
16675,MREID_0016675
16676,MREID_0016676
16677,MREID_0016677
16678,MREID_0016678
16679,MREID_0016679
16680,MREID_0016680
16681,MREID_0016681
16682,MREID_0016682
16683,MREID_0016683
16684,MREID_0016684
16685,MREID_0016685
16686,MREID_0016686
16687,MREID_0016687
16688,MREID_0016688
16689,MREID_0016689
16690,MREID_0016690
16691,MREID_0016691
16692,MREID_0016692
16693,MREID_0016693
16694,MREID_0016694
16695,MREID_0016695
16696,MREID_0016696
16697,MREID_0016697
16698,MREID_0016698
16699,MREID_0016699
16700,MREID_0016700
16701,MREID_0016701
16702,MREID_0016702
16703,MREID_0016703
16704,MREID_0016704
16705,MREID_0016705
16706,MREID_0016706
16707,MREID_0016707
16708,MREID_0016708
16709,MREID_0016709
16710,MREID_0016710
16711,MREID_0016711
16712,MREID_0016712
16713,MREID_0016713
16714,MREID_0016714
16715,MREID_0016715
16716,MREID_0016716
16717,MREID_0016717
16718,MREID_0016718
16719,MREID_0016719
16720,MREID_0016720
16721,MREID_0016721
16722,MREID_0016722
16723,MREID_0016723
16724,MREID_0016724
16725,MREID_0016725
16726,MREID_0016726
16727,MREID_0016727
16728,MREID_0016728
16729,MREID_0016729
16730,MREID_0016730
16731,MREID_0016731
16732,MREID_0016732
16733,MREID_0016733
16734,MREID_0016734
16735,MREID_0016735
16736,MREID_0016736
16737,MREID_0016737
16738,MREID_0016738
16739,MREID_0016739
16740,MREID_0016740
16741,MREID_0016741
16742,MREID_0016742
16743,MREID_0016743
16744,MREID_0016744
16745,MREID_0016745
16746,MREID_0016746
16747,MREID_0016747
16748,MREID_0016748
16749,MREID_0016749
16750,MREID_0016750
16751,MREID_0016751
16752,MREID_0016752
16753,MREID_0016753
16754,MREID_0016754
16755,MREID_0016755
16756,MREID_0016756
16757,MREID_0016757
16758,MREID_0016758
16759,MREID_0016759
16760,MREID_0016760
16761,MREID_0016761
16762,MREID_0016762
16763,MREID_0016763
16764,MREID_0016764
16765,MREID_0016765
16766,MREID_0016766
16767,MREID_0016767
16768,MREID_0016768
16769,MREID_0016769
16770,MREID_0016770
16771,MREID_0016771
16772,MREID_0016772
16773,MREID_0016773
16774,MREID_0016774
16775,MREID_0016775
16776,MREID_0016776
16777,MREID_0016777
16778,MREID_0016778
16779,MREID_0016779
16780,MREID_0016780
16781,MREID_0016781
16782,MREID_0016782
16783,MREID_0016783
16784,MREID_0016784
16785,MREID_0016785
16786,MREID_0016786
16787,MREID_0016787
16788,MREID_0016788
16789,MREID_0016789
16790,MREID_0016790
16791,MREID_0016791
16792,MREID_0016792
16793,MREID_0016793
16794,MREID_0016794
16795,MREID_0016795
16796,MREID_0016796
16797,MREID_0016797
16798,MREID_0016798
16799,MREID_0016799
16800,MREID_0016800
16801,MREID_0016801
16802,MREID_0016802
16803,MREID_0016803
16804,MREID_0016804
16805,MREID_0016805
16806,MREID_0016806
16807,MREID_0016807
16808,MREID_0016808
16809,MREID_0016809
16810,MREID_0016810
16811,MREID_0016811
16812,MREID_0016812
16813,MREID_0016813
16814,MREID_0016815
16815,MREID_0016814
16816,MREID_0016816
16817,MREID_0016817
16818,MREID_0016818
16819,MREID_0016819
16820,MREID_0016820
16821,MREID_0016821
16822,MREID_0016822
16823,MREID_0016823
16824,MREID_0016824
16825,MREID_0016825
16826,MREID_0016826
16827,MREID_0016827
16828,MREID_0016828
16829,MREID_0016829
16830,MREID_0016830
16831,MREID_0016831
16832,MREID_0016832
16833,MREID_0016833
16834,MREID_0016834
16835,MREID_0016835
16836,MREID_0016836
16837,MREID_0016837
16838,MREID_0016838
16839,MREID_0016839
16840,MREID_0016840
16841,MREID_0016841
16842,MREID_0016842
16843,MREID_0016843
16844,MREID_0016844
16845,MREID_0016845
16846,MREID_0016846
16847,MREID_0016847
16848,MREID_0016848
16849,MREID_0016849
16850,MREID_0016850
16851,MREID_0016851
16852,MREID_0016852
16853,MREID_0016853
16854,MREID_0016854
16855,MREID_0016855
16856,MREID_0016856
16857,MREID_0016857
16858,MREID_0016858
16859,MREID_0016859
16860,MREID_0016860
16861,MREID_0016861
16862,MREID_0016862
16863,MREID_0016863
16864,MREID_0016864
16865,MREID_0016865
16866,MREID_0016866
16867,MREID_0016867
16868,MREID_0016868
16869,MREID_0016869
16870,MREID_0016870
16871,MREID_0016871
16872,MREID_0016872
16873,MREID_0016873
16874,MREID_0016874
16875,MREID_0016875
16876,MREID_0016876
16877,MREID_0016877
16878,MREID_0016878
16879,MREID_0016879
16880,MREID_0016881
16881,MREID_0016880
16882,MREID_0016882
16883,MREID_0016883
16884,MREID_0016884
16885,MREID_0016885
16886,MREID_0016886
16887,MREID_0016887
16888,MREID_0016888
16889,MREID_0016889
16890,MREID_0016890
16891,MREID_0016891
16892,MREID_0016892
16893,MREID_0016893
16894,MREID_0016894
16895,MREID_0016895
16896,MREID_0016896
16897,MREID_0016897
16898,MREID_0016898
16899,MREID_0016899
16900,MREID_0016900
16901,MREID_0016901
16902,MREID_0016902
16903,MREID_0016903
16904,MREID_0016904
16905,MREID_0016905
16906,MREID_0016906
16907,MREID_0016907
16908,MREID_0016908
16909,MREID_0016909
16910,MREID_0016910
16911,MREID_0016911
16912,MREID_0016912
16913,MREID_0016913
16914,MREID_0016914
16915,MREID_0016915
16916,MREID_0016916
16917,MREID_0016917
16918,MREID_0016918
16919,MREID_0016919
16920,MREID_0016920
16921,MREID_0016921
16922,MREID_0016922
16923,MREID_0016923
16924,MREID_0016924
16925,MREID_0016925
16926,MREID_0016926
16927,MREID_0016927
16928,MREID_0016928
16929,MREID_0016929
16930,MREID_0016930
16931,MREID_0016931
16932,MREID_0016932
16933,MREID_0016933
16934,MREID_0016934
16935,MREID_0016935
16936,MREID_0016936
16937,MREID_0016937
16938,MREID_0016938
16939,MREID_0016939
16940,MREID_0016940
16941,MREID_0016941
16942,MREID_0016942
16943,MREID_0016943
16944,MREID_0016944
16945,MREID_0016945
16946,MREID_0016946
16947,MREID_0016947
16948,MREID_0016948
16949,MREID_0016949
16950,MREID_0016950
16951,MREID_0016951
16952,MREID_0016952
16953,MREID_0016953
16954,MREID_0016954
16955,MREID_0016955
16956,MREID_0016956
16957,MREID_0016957
16958,MREID_0016958
16959,MREID_0016959
16960,MREID_0016960
16961,MREID_0016961
16962,MREID_0016962
16963,MREID_0016963
16964,MREID_0016964
16965,MREID_0016965
16966,MREID_0016966
16967,MREID_0016967
16968,MREID_0016968
16969,MREID_0016969
16970,MREID_0016970
16971,MREID_0016971
16972,MREID_0016972
16973,MREID_0016973
16974,MREID_0016974
16975,MREID_0016975
16976,MREID_0016976
16977,MREID_0016977
16978,MREID_0016978
16979,MREID_0016979
16980,MREID_0016980
16981,MREID_0016981
16982,MREID_0016982
16983,MREID_0016983
16984,MREID_0016984
16985,MREID_0016985
16986,MREID_0016986
16987,MREID_0016987
16988,MREID_0016988
16989,MREID_0016989
16990,MREID_0016990
16991,MREID_0016991
16992,MREID_0016992
16993,MREID_0016993
16994,MREID_0016994
16995,MREID_0016995
16996,MREID_0016996
16997,MREID_0016997
16998,MREID_0016998
16999,MREID_0016999
17000,MREID_0017000
17001,MREID_0017001
17002,MREID_0017002
17003,MREID_0017003
17004,MREID_0017004
17005,MREID_0017005
17006,MREID_0017006
17007,MREID_0017007
17008,MREID_0017008
17009,MREID_0017009
17010,MREID_0017010
17011,MREID_0017011
17012,MREID_0017012
17013,MREID_0017013
17014,MREID_0017014
17015,MREID_0017015
17016,MREID_0017016
17017,MREID_0017017
17018,MREID_0017018
17019,MREID_0017019
17020,MREID_0017020
17021,MREID_0017021
17022,MREID_0017022
17023,MREID_0017023
17024,MREID_0017024
17025,MREID_0017025
17026,MREID_0017026
17027,MREID_0017028
17028,MREID_0017027
17029,MREID_0017029
17030,MREID_0017030
17031,MREID_0017031
17032,MREID_0017032
17033,MREID_0017033
17034,MREID_0017034
17035,MREID_0017036
17036,MREID_0017035
17037,MREID_0017037
17038,MREID_0017038
17039,MREID_0017039
17040,MREID_0017040
17041,MREID_0017041
17042,MREID_0017042
17043,MREID_0017043
17044,MREID_0017045
17045,MREID_0017044
17046,MREID_0017046
17047,MREID_0017047
17048,MREID_0017049
17049,MREID_0017048
17050,MREID_0017050
17051,MREID_0017051
17052,MREID_0017052
17053,MREID_0017054
17054,MREID_0017055
17055,MREID_0017053
17056,MREID_0017056
17057,MREID_0017057
17058,MREID_0017058
17059,MREID_0017059
17060,MREID_0017060
17061,MREID_0017061
17062,MREID_0017062
17063,MREID_0017063
17064,MREID_0017064
17065,MREID_0017065
17066,MREID_0017066
17067,MREID_0017067
17068,MREID_0017068
17069,MREID_0017069
17070,MREID_0017070
17071,MREID_0017071
17072,MREID_0017072
17073,MREID_0017073
17074,MREID_0017074
17075,MREID_0017075
17076,MREID_0017076
17077,MREID_0017077
17078,MREID_0017078
17079,MREID_0017079
17080,MREID_0017080
17081,MREID_0017081
17082,MREID_0017082
17083,MREID_0017083
17084,MREID_0017084
17085,MREID_0017085
17086,MREID_0017086
17087,MREID_0017087
17088,MREID_0017088
17089,MREID_0017089
17090,MREID_0017090
17091,MREID_0017091
17092,MREID_0017092
17093,MREID_0017093
17094,MREID_0017094
17095,MREID_0017095
17096,MREID_0017096
17097,MREID_0017097
17098,MREID_0017098
17099,MREID_0017099
17100,MREID_0017100
17101,MREID_0017102
17102,MREID_0017101
17103,MREID_0017103
17104,MREID_0017104
17105,MREID_0017105
17106,MREID_0017106
17107,MREID_0017107
17108,MREID_0017108
17109,MREID_0017109
17110,MREID_0017110
17111,MREID_0017111
17112,MREID_0017112
17113,MREID_0017113
17114,MREID_0017114
17115,MREID_0017115
17116,MREID_0017116
17117,MREID_0017117
17118,MREID_0017118
17119,MREID_0017119
17120,MREID_0017120
17121,MREID_0017121
17122,MREID_0017123
17123,MREID_0017122
17124,MREID_0017124
17125,MREID_0017125
17126,MREID_0017126
17127,MREID_0017127
17128,MREID_0017128
17129,MREID_0017129
17130,MREID_0017130
17131,MREID_0017131
17132,MREID_0017132
17133,MREID_0017133
17134,MREID_0017134
17135,MREID_0017135
17136,MREID_0017136
17137,MREID_0017137
17138,MREID_0017138
17139,MREID_0017139
17140,MREID_0017140
17141,MREID_0017141
17142,MREID_0017142
17143,MREID_0017143
17144,MREID_0017144
17145,MREID_0017145
17146,MREID_0017146
17147,MREID_0017147
17148,MREID_0017148
17149,MREID_0017149
17150,MREID_0017150
17151,MREID_0017151
17152,MREID_0017152
17153,MREID_0017153
17154,MREID_0017154
17155,MREID_0017155
17156,MREID_0017157
17157,MREID_0017156
17158,MREID_0017158
17159,MREID_0017159
17160,MREID_0017160
17161,MREID_0017161
17162,MREID_0017162
17163,MREID_0017163
17164,MREID_0017164
17165,MREID_0017165
17166,MREID_0017166
17167,MREID_0017167
17168,MREID_0017168
17169,MREID_0017169
17170,MREID_0017170
17171,MREID_0017171
17172,MREID_0017172
17173,MREID_0017173
17174,MREID_0017174
17175,MREID_0017175
17176,MREID_0017176
17177,MREID_0017177
17178,MREID_0017178
17179,MREID_0017179
17180,MREID_0017180
17181,MREID_0017181
17182,MREID_0017182
17183,MREID_0017183
17184,MREID_0017185
17185,MREID_0017184
17186,MREID_0017186
17187,MREID_0017187
17188,MREID_0017188
17189,MREID_0017189
17190,MREID_0017190
17191,MREID_0017191
17192,MREID_0017192
17193,MREID_0017193
17194,MREID_0017194
17195,MREID_0017195
17196,MREID_0017196
17197,MREID_0017197
17198,MREID_0017198
17199,MREID_0017199
17200,MREID_0017200
17201,MREID_0017201
17202,MREID_0017202
17203,MREID_0017203
17204,MREID_0017204
17205,MREID_0017205
17206,MREID_0017206
17207,MREID_0017208
17208,MREID_0017207
17209,MREID_0017209
17210,MREID_0017210
17211,MREID_0017211
17212,MREID_0017212
17213,MREID_0017213
17214,MREID_0017214
17215,MREID_0017215
17216,MREID_0017216
17217,MREID_0017217
17218,MREID_0017218
17219,MREID_0017219
17220,MREID_0017220
17221,MREID_0017221
17222,MREID_0017222
17223,MREID_0017223
17224,MREID_0017224
17225,MREID_0017225
17226,MREID_0017226
17227,MREID_0017227
17228,MREID_0017228
17229,MREID_0017230
17230,MREID_0017229
17231,MREID_0017231
17232,MREID_0017232
17233,MREID_0017233
17234,MREID_0017234
17235,MREID_0017235
17236,MREID_0017236
17237,MREID_0017237
17238,MREID_0017238
17239,MREID_0017239
17240,MREID_0017240
17241,MREID_0017241
17242,MREID_0017242
17243,MREID_0017243
17244,MREID_0017245
17245,MREID_0017244
17246,MREID_0017246
17247,MREID_0017247
17248,MREID_0017248
17249,MREID_0017249
17250,MREID_0017250
17251,MREID_0017251
17252,MREID_0017252
17253,MREID_0017253
17254,MREID_0017254
17255,MREID_0017255
17256,MREID_0017256
17257,MREID_0017257
17258,MREID_0017258
17259,MREID_0017259
17260,MREID_0017260
17261,MREID_0017261
17262,MREID_0017262
17263,MREID_0017263
17264,MREID_0017264
17265,MREID_0017265
17266,MREID_0017266
17267,MREID_0017267
17268,MREID_0017268
17269,MREID_0017269
17270,MREID_0017270
17271,MREID_0017271
17272,MREID_0017272
17273,MREID_0017273
17274,MREID_0017275
17275,MREID_0017274
17276,MREID_0017276
17277,MREID_0017277
17278,MREID_0017278
17279,MREID_0017280
17280,MREID_0017279
17281,MREID_0017282
17282,MREID_0017281
17283,MREID_0017283
17284,MREID_0017284
17285,MREID_0017285
17286,MREID_0017286
17287,MREID_0017287
17288,MREID_0017288
17289,MREID_0017289
17290,MREID_0017290
17291,MREID_0017291
17292,MREID_0017292
17293,MREID_0017293
17294,MREID_0017294
17295,MREID_0017296
17296,MREID_0017297
17297,MREID_0017298
17298,MREID_0017295
17299,MREID_0017299
17300,MREID_0017300
17301,MREID_0017301
17302,MREID_0017302
17303,MREID_0017303
17304,MREID_0017304
17305,MREID_0017305
17306,MREID_0017306
17307,MREID_0017307
17308,MREID_0017308
17309,MREID_0017309
17310,MREID_0017310
17311,MREID_0017311
17312,MREID_0017312
17313,MREID_0017313
17314,MREID_0017314
17315,MREID_0017315
17316,MREID_0017316
17317,MREID_0017317
17318,MREID_0017318
17319,MREID_0017319
17320,MREID_0017320
17321,MREID_0017321
17322,MREID_0017322
17323,MREID_0017323
17324,MREID_0017324
17325,MREID_0017325
17326,MREID_0017326
17327,MREID_0017327
17328,MREID_0017329
17329,MREID_0017328
17330,MREID_0017330
17331,MREID_0017331
17332,MREID_0017332
17333,MREID_0017333
17334,MREID_0017334
17335,MREID_0017335
17336,MREID_0017336
17337,MREID_0017337
17338,MREID_0017339
17339,MREID_0017338
17340,MREID_0017340
17341,MREID_0017341
17342,MREID_0017342
17343,MREID_0017343
17344,MREID_0017344
17345,MREID_0017345
17346,MREID_0017346
17347,MREID_0017347
17348,MREID_0017348
17349,MREID_0017349
17350,MREID_0017350
17351,MREID_0017351
17352,MREID_0017352
17353,MREID_0017353
17354,MREID_0017354
17355,MREID_0017355
17356,MREID_0017356
17357,MREID_0017357
17358,MREID_0017358
17359,MREID_0017359
17360,MREID_0017360
17361,MREID_0017361
17362,MREID_0017362
17363,MREID_0017363
17364,MREID_0017364
17365,MREID_0017365
17366,MREID_0017366
17367,MREID_0017367
17368,MREID_0017368
17369,MREID_0017369
17370,MREID_0017370
17371,MREID_0017371
17372,MREID_0017372
17373,MREID_0017373
17374,MREID_0017374
17375,MREID_0017375
17376,MREID_0017376
17377,MREID_0017377
17378,MREID_0017378
17379,MREID_0017379
17380,MREID_0017380
17381,MREID_0017381
17382,MREID_0017383
17383,MREID_0017382
17384,MREID_0017384
17385,MREID_0017385
17386,MREID_0017386
17387,MREID_0017387
17388,MREID_0017388
17389,MREID_0017389
17390,MREID_0017390
17391,MREID_0017391
17392,MREID_0017392
17393,MREID_0017393
17394,MREID_0017394
17395,MREID_0017395
17396,MREID_0017396
17397,MREID_0017397
17398,MREID_0017398
17399,MREID_0017399
17400,MREID_0017400
17401,MREID_0017401
17402,MREID_0017402
17403,MREID_0017403
17404,MREID_0017404
17405,MREID_0017405
17406,MREID_0017406
17407,MREID_0017407
17408,MREID_0017408
17409,MREID_0017409
17410,MREID_0017410
17411,MREID_0017411
17412,MREID_0017412
17413,MREID_0017413
17414,MREID_0017414
17415,MREID_0017415
17416,MREID_0017416
17417,MREID_0017417
17418,MREID_0017418
17419,MREID_0017419
17420,MREID_0017421
17421,MREID_0017420
17422,MREID_0017422
17423,MREID_0017423
17424,MREID_0017424
17425,MREID_0017425
17426,MREID_0017426
17427,MREID_0017427
17428,MREID_0017428
17429,MREID_0017429
17430,MREID_0017430
17431,MREID_0017431
17432,MREID_0017432
17433,MREID_0017433
17434,MREID_0017434
17435,MREID_0017435
17436,MREID_0017436
17437,MREID_0017437
17438,MREID_0017438
17439,MREID_0017439
17440,MREID_0017440
17441,MREID_0017441
17442,MREID_0017442
17443,MREID_0017443
17444,MREID_0017444
17445,MREID_0017445
17446,MREID_0017446
17447,MREID_0017447
17448,MREID_0017448
17449,MREID_0017449
17450,MREID_0017450
17451,MREID_0017451
17452,MREID_0017452
17453,MREID_0017453
17454,MREID_0017454
17455,MREID_0017455
17456,MREID_0017456
17457,MREID_0017457
17458,MREID_0017458
17459,MREID_0017459
17460,MREID_0017460
17461,MREID_0017461
17462,MREID_0017462
17463,MREID_0017463
17464,MREID_0017464
17465,MREID_0017465
17466,MREID_0017466
17467,MREID_0017467
17468,MREID_0017468
17469,MREID_0017469
17470,MREID_0017470
17471,MREID_0017471
17472,MREID_0017472
17473,MREID_0017473
17474,MREID_0017474
17475,MREID_0017477
17476,MREID_0017475
17477,MREID_0017476
17478,MREID_0017478
17479,MREID_0017479
17480,MREID_0017480
17481,MREID_0017481
17482,MREID_0017482
17483,MREID_0017483
17484,MREID_0017484
17485,MREID_0017485
17486,MREID_0017486
17487,MREID_0017487
17488,MREID_0017488
17489,MREID_0017489
17490,MREID_0017490
17491,MREID_0017491
17492,MREID_0017492
17493,MREID_0017493
17494,MREID_0017494
17495,MREID_0017495
17496,MREID_0017496
17497,MREID_0017497
17498,MREID_0017498
17499,MREID_0017499
17500,MREID_0017500
17501,MREID_0017501
17502,MREID_0017502
17503,MREID_0017503
17504,MREID_0017504
17505,MREID_0017505
17506,MREID_0017506
17507,MREID_0017507
17508,MREID_0017508
17509,MREID_0017509
17510,MREID_0017510
17511,MREID_0017511
17512,MREID_0017512
17513,MREID_0017513
17514,MREID_0017514
17515,MREID_0017515
17516,MREID_0017516
17517,MREID_0017517
17518,MREID_0017518
17519,MREID_0017519
17520,MREID_0017520
17521,MREID_0017521
17522,MREID_0017522
17523,MREID_0017523
17524,MREID_0017524
17525,MREID_0017525
17526,MREID_0017526
17527,MREID_0017527
17528,MREID_0017528
17529,MREID_0017529
17530,MREID_0017530
17531,MREID_0017531
17532,MREID_0017532
17533,MREID_0017533
17534,MREID_0017534
17535,MREID_0017535
17536,MREID_0017536
17537,MREID_0017537
17538,MREID_0017538
17539,MREID_0017539
17540,MREID_0017540
17541,MREID_0017541
17542,MREID_0017542
17543,MREID_0017543
17544,MREID_0017544
17545,MREID_0017545
17546,MREID_0017546
17547,MREID_0017547
17548,MREID_0017548
17549,MREID_0017549
17550,MREID_0017550
17551,MREID_0017551
17552,MREID_0017552
17553,MREID_0017553
17554,MREID_0017554
17555,MREID_0017555
17556,MREID_0017556
17557,MREID_0017557
17558,MREID_0017558
17559,MREID_0017559
17560,MREID_0017560
17561,MREID_0017561
17562,MREID_0017562
17563,MREID_0017563
17564,MREID_0017564
17565,MREID_0017565
17566,MREID_0017566
17567,MREID_0017567
17568,MREID_0017568
17569,MREID_0017569
17570,MREID_0017570
17571,MREID_0017571
17572,MREID_0017572
17573,MREID_0017573
17574,MREID_0017574
17575,MREID_0017575
17576,MREID_0017576
17577,MREID_0017577
17578,MREID_0017578
17579,MREID_0017579
17580,MREID_0017580
17581,MREID_0017581
17582,MREID_0017582
17583,MREID_0017583
17584,MREID_0017584
17585,MREID_0017585
17586,MREID_0017586
17587,MREID_0017587
17588,MREID_0017588
17589,MREID_0017589
17590,MREID_0017590
17591,MREID_0017591
17592,MREID_0017592
17593,MREID_0017593
17594,MREID_0017594
17595,MREID_0017595
17596,MREID_0017596
17597,MREID_0017597
17598,MREID_0017598
17599,MREID_0017599
17600,MREID_0017600
17601,MREID_0017601
17602,MREID_0017602
17603,MREID_0017603
17604,MREID_0017604
17605,MREID_0017605
17606,MREID_0017606
17607,MREID_0017608
17608,MREID_0017609
17609,MREID_0017607
17610,MREID_0017610
17611,MREID_0017611
17612,MREID_0017612
17613,MREID_0017613
17614,MREID_0017614
17615,MREID_0017615
17616,MREID_0017616
17617,MREID_0017617
17618,MREID_0017618
17619,MREID_0017619
17620,MREID_0017620
17621,MREID_0017621
17622,MREID_0017622
17623,MREID_0017623
17624,MREID_0017624
17625,MREID_0017625
17626,MREID_0017626
17627,MREID_0017627
17628,MREID_0017628
17629,MREID_0017629
17630,MREID_0017630
17631,MREID_0017631
17632,MREID_0017632
17633,MREID_0017633
17634,MREID_0017634
17635,MREID_0017635
17636,MREID_0017636
17637,MREID_0017637
17638,MREID_0017638
17639,MREID_0017639
17640,MREID_0017640
17641,MREID_0017641
17642,MREID_0017642
17643,MREID_0017643
17644,MREID_0017644
17645,MREID_0017645
17646,MREID_0017646
17647,MREID_0017647
17648,MREID_0017648
17649,MREID_0017649
17650,MREID_0017650
17651,MREID_0017651
17652,MREID_0017652
17653,MREID_0017653
17654,MREID_0017654
17655,MREID_0017655
17656,MREID_0017656
17657,MREID_0017657
17658,MREID_0017658
17659,MREID_0017659
17660,MREID_0017660
17661,MREID_0017661
17662,MREID_0017662
17663,MREID_0017663
17664,MREID_0017664
17665,MREID_0017665
17666,MREID_0017666
17667,MREID_0017667
17668,MREID_0017668
17669,MREID_0017669
17670,MREID_0017670
17671,MREID_0017671
17672,MREID_0017672
17673,MREID_0017673
17674,MREID_0017674
17675,MREID_0017675
17676,MREID_0017676
17677,MREID_0017677
17678,MREID_0017678
17679,MREID_0017679
17680,MREID_0017680
17681,MREID_0017681
17682,MREID_0017682
17683,MREID_0017683
17684,MREID_0017684
17685,MREID_0017685
17686,MREID_0017686
17687,MREID_0017687
17688,MREID_0017688
17689,MREID_0017689
17690,MREID_0017690
17691,MREID_0017691
17692,MREID_0017692
17693,MREID_0017693
17694,MREID_0017694
17695,MREID_0017695
17696,MREID_0017696
17697,MREID_0017697
17698,MREID_0017698
17699,MREID_0017699
17700,MREID_0017700
17701,MREID_0017701
17702,MREID_0017702
17703,MREID_0017703
17704,MREID_0017704
17705,MREID_0017705
17706,MREID_0017706
17707,MREID_0017707
17708,MREID_0017708
17709,MREID_0017709
17710,MREID_0017710
17711,MREID_0017711
17712,MREID_0017712
17713,MREID_0017713
17714,MREID_0017714
17715,MREID_0017715
17716,MREID_0017716
17717,MREID_0017717
17718,MREID_0017718
17719,MREID_0017719
17720,MREID_0017720
17721,MREID_0017721
17722,MREID_0017722
17723,MREID_0017723
17724,MREID_0017724
17725,MREID_0017725
17726,MREID_0017726
17727,MREID_0017727
17728,MREID_0017728
17729,MREID_0017729
17730,MREID_0017730
17731,MREID_0017731
17732,MREID_0017732
17733,MREID_0017733
17734,MREID_0017734
17735,MREID_0017735
17736,MREID_0017736
17737,MREID_0017737
17738,MREID_0017738
17739,MREID_0017739
17740,MREID_0017740
17741,MREID_0017741
17742,MREID_0017742
17743,MREID_0017743
17744,MREID_0017744
17745,MREID_0017745
17746,MREID_0017746
17747,MREID_0017747
17748,MREID_0017748
17749,MREID_0017749
17750,MREID_0017750
17751,MREID_0017751
17752,MREID_0017752
17753,MREID_0017753
17754,MREID_0017754
17755,MREID_0017755
17756,MREID_0017756
17757,MREID_0017757
17758,MREID_0017758
17759,MREID_0017759
17760,MREID_0017760
17761,MREID_0017761
17762,MREID_0017762
17763,MREID_0017763
17764,MREID_0017764
17765,MREID_0017765
17766,MREID_0017766
17767,MREID_0017767
17768,MREID_0017768
17769,MREID_0017769
17770,MREID_0017770
17771,MREID_0017771
17772,MREID_0017772
17773,MREID_0017773
17774,MREID_0017774
17775,MREID_0017775
17776,MREID_0017776
17777,MREID_0017777
17778,MREID_0017778
17779,MREID_0017779
17780,MREID_0017780
17781,MREID_0017781
17782,MREID_0017782
17783,MREID_0017783
17784,MREID_0017784
17785,MREID_0017785
17786,MREID_0017786
17787,MREID_0017787
17788,MREID_0017788
17789,MREID_0017789
17790,MREID_0017790
17791,MREID_0017791
17792,MREID_0017792
17793,MREID_0017793
17794,MREID_0017794
17795,MREID_0017795
17796,MREID_0017796
17797,MREID_0017797
17798,MREID_0017798
17799,MREID_0017799
17800,MREID_0017800
17801,MREID_0017801
17802,MREID_0017802
17803,MREID_0017803
17804,MREID_0017804
17805,MREID_0017805
17806,MREID_0017806
17807,MREID_0017807
17808,MREID_0017808
17809,MREID_0017809
17810,MREID_0017810
17811,MREID_0017811
17812,MREID_0017812
17813,MREID_0017813
17814,MREID_0017814
17815,MREID_0017815
17816,MREID_0017816
17817,MREID_0017817
17818,MREID_0017818
17819,MREID_0017819
17820,MREID_0017820
17821,MREID_0017821
17822,MREID_0017822
17823,MREID_0017823
17824,MREID_0017824
17825,MREID_0017825
17826,MREID_0017826
17827,MREID_0017827
17828,MREID_0017828
17829,MREID_0017829
17830,MREID_0017830
17831,MREID_0017831
17832,MREID_0017832
17833,MREID_0017833
17834,MREID_0017834
17835,MREID_0017835
17836,MREID_0017836
17837,MREID_0017837
17838,MREID_0017838
17839,MREID_0017839
17840,MREID_0017841
17841,MREID_0017840
17842,MREID_0017842
17843,MREID_0017843
17844,MREID_0017844
17845,MREID_0017845
17846,MREID_0017846
17847,MREID_0017847
17848,MREID_0017848
17849,MREID_0017849
17850,MREID_0017850
17851,MREID_0017851
17852,MREID_0017852
17853,MREID_0017853
17854,MREID_0017854
17855,MREID_0017855
17856,MREID_0017856
17857,MREID_0017857
17858,MREID_0017858
17859,MREID_0017859
17860,MREID_0017860
17861,MREID_0017861
17862,MREID_0017862
17863,MREID_0017863
17864,MREID_0017864
17865,MREID_0017865
17866,MREID_0017867
17867,MREID_0017866
17868,MREID_0017868
17869,MREID_0017869
17870,MREID_0017870
17871,MREID_0017871
17872,MREID_0017872
17873,MREID_0017873
17874,MREID_0017874
17875,MREID_0017875
17876,MREID_0017876
17877,MREID_0017877
17878,MREID_0017878
17879,MREID_0017879
17880,MREID_0017880
17881,MREID_0017881
17882,MREID_0017882
17883,MREID_0017883
17884,MREID_0017884
17885,MREID_0017885
17886,MREID_0017886
17887,MREID_0017887
17888,MREID_0017888
17889,MREID_0017889
17890,MREID_0017890
17891,MREID_0017891
17892,MREID_0017892
17893,MREID_0017893
17894,MREID_0017894
17895,MREID_0017895
17896,MREID_0017896
17897,MREID_0017897
17898,MREID_0017898
17899,MREID_0017899
17900,MREID_0017900
17901,MREID_0017901
17902,MREID_0017902
17903,MREID_0017903
17904,MREID_0017904
17905,MREID_0017905
17906,MREID_0017906
17907,MREID_0017907
17908,MREID_0017908
17909,MREID_0017909
17910,MREID_0017910
17911,MREID_0017911
17912,MREID_0017912
17913,MREID_0017913
17914,MREID_0017914
17915,MREID_0017915
17916,MREID_0017916
17917,MREID_0017917
17918,MREID_0017918
17919,MREID_0017919
17920,MREID_0017920
17921,MREID_0017921
17922,MREID_0017922
17923,MREID_0017923
17924,MREID_0017924
17925,MREID_0017925
17926,MREID_0017926
17927,MREID_0017927
17928,MREID_0017928
17929,MREID_0017929
17930,MREID_0017930
17931,MREID_0017931
17932,MREID_0017932
17933,MREID_0017933
17934,MREID_0017934
17935,MREID_0017935
17936,MREID_0017936
17937,MREID_0017937
17938,MREID_0017938
17939,MREID_0017939
17940,MREID_0017940
17941,MREID_0017941
17942,MREID_0017942
17943,MREID_0017943
17944,MREID_0017944
17945,MREID_0017945
17946,MREID_0017946
17947,MREID_0017947
17948,MREID_0017948
17949,MREID_0017949
17950,MREID_0017950
17951,MREID_0017951
17952,MREID_0017952
17953,MREID_0017953
17954,MREID_0017954
17955,MREID_0017955
17956,MREID_0017956
17957,MREID_0017957
17958,MREID_0017958
17959,MREID_0017959
17960,MREID_0017960
17961,MREID_0017961
17962,MREID_0017962
17963,MREID_0017963
17964,MREID_0017964
17965,MREID_0017965
17966,MREID_0017966
17967,MREID_0017967
17968,MREID_0017968
17969,MREID_0017969
17970,MREID_0017970
17971,MREID_0017971
17972,MREID_0017972
17973,MREID_0017973
17974,MREID_0017974
17975,MREID_0017975
17976,MREID_0017976
17977,MREID_0017977
17978,MREID_0017978
17979,MREID_0017979
17980,MREID_0017980
17981,MREID_0017981
17982,MREID_0017982
17983,MREID_0017983
17984,MREID_0017984
17985,MREID_0017985
17986,MREID_0017986
17987,MREID_0017987
17988,MREID_0017988
17989,MREID_0017989
17990,MREID_0017990
17991,MREID_0017991
17992,MREID_0017992
17993,MREID_0017993
17994,MREID_0017994
17995,MREID_0017995
17996,MREID_0017996
17997,MREID_0017997
17998,MREID_0017998
17999,MREID_0017999
18000,MREID_0018000
18001,MREID_0018001
18002,MREID_0018002
18003,MREID_0018003
18004,MREID_0018004
18005,MREID_0018005
18006,MREID_0018006
18007,MREID_0018007
18008,MREID_0018008
18009,MREID_0018009
18010,MREID_0018010
18011,MREID_0018011
18012,MREID_0018012
18013,MREID_0018013
18014,MREID_0018014
18015,MREID_0018015
18016,MREID_0018016
18017,MREID_0018017
18018,MREID_0018018
18019,MREID_0018019
18020,MREID_0018020
18021,MREID_0018021
18022,MREID_0018022
18023,MREID_0018023
18024,MREID_0018024
18025,MREID_0018025
18026,MREID_0018026
18027,MREID_0018027
18028,MREID_0018028
18029,MREID_0018029
18030,MREID_0018030
18031,MREID_0018031
18032,MREID_0018032
18033,MREID_0018033
18034,MREID_0018034
18035,MREID_0018035
18036,MREID_0018036
18037,MREID_0018037
18038,MREID_0018038
18039,MREID_0018039
18040,MREID_0018040
18041,MREID_0018041
18042,MREID_0018042
18043,MREID_0018043
18044,MREID_0018044
18045,MREID_0018045
18046,MREID_0018046
18047,MREID_0018047
18048,MREID_0018048
18049,MREID_0018049
18050,MREID_0018050
18051,MREID_0018051
18052,MREID_0018052
18053,MREID_0018053
18054,MREID_0018054
18055,MREID_0018055
18056,MREID_0018056
18057,MREID_0018057
18058,MREID_0018058
18059,MREID_0018059
18060,MREID_0018060
18061,MREID_0018061
18062,MREID_0018062
18063,MREID_0018063
18064,MREID_0018064
18065,MREID_0018065
18066,MREID_0018066
18067,MREID_0018067
18068,MREID_0018068
18069,MREID_0018069
18070,MREID_0018070
18071,MREID_0018071
18072,MREID_0018072
18073,MREID_0018073
18074,MREID_0018074
18075,MREID_0018075
18076,MREID_0018076
18077,MREID_0018077
18078,MREID_0018078
18079,MREID_0018079
18080,MREID_0018080
18081,MREID_0018081
18082,MREID_0018082
18083,MREID_0018083
18084,MREID_0018084
18085,MREID_0018085
18086,MREID_0018086
18087,MREID_0018087
18088,MREID_0018088
18089,MREID_0018089
18090,MREID_0018090
18091,MREID_0018091
18092,MREID_0018092
18093,MREID_0018093
18094,MREID_0018094
18095,MREID_0018095
18096,MREID_0018096
18097,MREID_0018097
18098,MREID_0018098
18099,MREID_0018099
18100,MREID_0018100
18101,MREID_0018101
18102,MREID_0018102
18103,MREID_0018103
18104,MREID_0018104
18105,MREID_0018105
18106,MREID_0018106
18107,MREID_0018107
18108,MREID_0018108
18109,MREID_0018109
18110,MREID_0018110
18111,MREID_0018111
18112,MREID_0018112
18113,MREID_0018113
18114,MREID_0018114
18115,MREID_0018115
18116,MREID_0018116
18117,MREID_0018117
18118,MREID_0018118
18119,MREID_0018119
18120,MREID_0018120
18121,MREID_0018121
18122,MREID_0018122
18123,MREID_0018123
18124,MREID_0018124
18125,MREID_0018125
18126,MREID_0018126
18127,MREID_0018127
18128,MREID_0018128
18129,MREID_0018129
18130,MREID_0018130
18131,MREID_0018131
18132,MREID_0018132
18133,MREID_0018133
18134,MREID_0018134
18135,MREID_0018135
18136,MREID_0018136
18137,MREID_0018137
18138,MREID_0018138
18139,MREID_0018139
18140,MREID_0018140
18141,MREID_0018141
18142,MREID_0018142
18143,MREID_0018143
18144,MREID_0018144
18145,MREID_0018145
18146,MREID_0018146
18147,MREID_0018147
18148,MREID_0018148
18149,MREID_0018149
18150,MREID_0018150
18151,MREID_0018151
18152,MREID_0018152
18153,MREID_0018153
18154,MREID_0018154
18155,MREID_0018155
18156,MREID_0018156
18157,MREID_0018157
18158,MREID_0018158
18159,MREID_0018159
18160,MREID_0018160
18161,MREID_0018161
18162,MREID_0018162
18163,MREID_0018163
18164,MREID_0018164
18165,MREID_0018165
18166,MREID_0018166
18167,MREID_0018167
18168,MREID_0018168
18169,MREID_0018169
18170,MREID_0018170
18171,MREID_0018171
18172,MREID_0018172
18173,MREID_0018173
18174,MREID_0018174
18175,MREID_0018175
18176,MREID_0018176
18177,MREID_0018177
18178,MREID_0018178
18179,MREID_0018179
18180,MREID_0018180
18181,MREID_0018181
18182,MREID_0018182
18183,MREID_0018183
18184,MREID_0018184
18185,MREID_0018185
18186,MREID_0018186
18187,MREID_0018187
18188,MREID_0018188
18189,MREID_0018189
18190,MREID_0018190
18191,MREID_0018191
18192,MREID_0018192
18193,MREID_0018193
18194,MREID_0018194
18195,MREID_0018195
18196,MREID_0018196
18197,MREID_0018197
18198,MREID_0018198
18199,MREID_0018199
18200,MREID_0018200
18201,MREID_0018201
18202,MREID_0018202
18203,MREID_0018203
18204,MREID_0018204
18205,MREID_0018205
18206,MREID_0018206
18207,MREID_0018207
18208,MREID_0018208
18209,MREID_0018209
18210,MREID_0018210
18211,MREID_0018211
18212,MREID_0018212
18213,MREID_0018213
18214,MREID_0018214
18215,MREID_0018215
18216,MREID_0018216
18217,MREID_0018217
18218,MREID_0018218
18219,MREID_0018219
18220,MREID_0018220
18221,MREID_0018221
18222,MREID_0018222
18223,MREID_0018223
18224,MREID_0018224
18225,MREID_0018225
18226,MREID_0018226
18227,MREID_0018227
18228,MREID_0018228
18229,MREID_0018229
18230,MREID_0018230
18231,MREID_0018231
18232,MREID_0018232
18233,MREID_0018233
18234,MREID_0018234
18235,MREID_0018235
18236,MREID_0018236
18237,MREID_0018237
18238,MREID_0018238
18239,MREID_0018239
18240,MREID_0018240
18241,MREID_0018241
18242,MREID_0018242
18243,MREID_0018243
18244,MREID_0018244
18245,MREID_0018245
18246,MREID_0018246
18247,MREID_0018247
18248,MREID_0018248
18249,MREID_0018249
18250,MREID_0018250
18251,MREID_0018251
18252,MREID_0018252
18253,MREID_0018253
18254,MREID_0018254
18255,MREID_0018255
18256,MREID_0018256
18257,MREID_0018257
18258,MREID_0018258
18259,MREID_0018259
18260,MREID_0018260
18261,MREID_0018261
18262,MREID_0018262
18263,MREID_0018263
18264,MREID_0018264
18265,MREID_0018265
18266,MREID_0018266
18267,MREID_0018267
18268,MREID_0018268
18269,MREID_0018269
18270,MREID_0018270
18271,MREID_0018271
18272,MREID_0018272
18273,MREID_0018273
18274,MREID_0018274
18275,MREID_0018275
18276,MREID_0018276
18277,MREID_0018277
18278,MREID_0018278
18279,MREID_0018279
18280,MREID_0018280
18281,MREID_0018281
18282,MREID_0018282
18283,MREID_0018283
18284,MREID_0018284
18285,MREID_0018285
18286,MREID_0018287
18287,MREID_0018286
18288,MREID_0018288
18289,MREID_0018289
18290,MREID_0018290
18291,MREID_0018291
18292,MREID_0018292
18293,MREID_0018293
18294,MREID_0018294
18295,MREID_0018295
18296,MREID_0018296
18297,MREID_0018297
18298,MREID_0018298
18299,MREID_0018299
18300,MREID_0018300
18301,MREID_0018301
18302,MREID_0018302
18303,MREID_0018303
18304,MREID_0018304
18305,MREID_0018305
18306,MREID_0018306
18307,MREID_0018307
18308,MREID_0018308
18309,MREID_0018309
18310,MREID_0018310
18311,MREID_0018311
18312,MREID_0018312
18313,MREID_0018313
18314,MREID_0018314
18315,MREID_0018315
18316,MREID_0018316
18317,MREID_0018317
18318,MREID_0018318
18319,MREID_0018319
18320,MREID_0018320
18321,MREID_0018321
18322,MREID_0018322
18323,MREID_0018323
18324,MREID_0018324
18325,MREID_0018325
18326,MREID_0018326
18327,MREID_0018327
18328,MREID_0018328
18329,MREID_0018329
18330,MREID_0018330
18331,MREID_0018331
18332,MREID_0018332
18333,MREID_0018333
18334,MREID_0018334
18335,MREID_0018335
18336,MREID_0018336
18337,MREID_0018337
18338,MREID_0018338
18339,MREID_0018339
18340,MREID_0018340
18341,MREID_0018341
18342,MREID_0018342
18343,MREID_0018343
18344,MREID_0018344
18345,MREID_0018345
18346,MREID_0018346
18347,MREID_0018347
18348,MREID_0018348
18349,MREID_0018349
18350,MREID_0018350
18351,MREID_0018351
18352,MREID_0018352
18353,MREID_0018353
18354,MREID_0018354
18355,MREID_0018355
18356,MREID_0018356
18357,MREID_0018357
18358,MREID_0018358
18359,MREID_0018359
18360,MREID_0018360
18361,MREID_0018361
18362,MREID_0018362
18363,MREID_0018363
18364,MREID_0018364
18365,MREID_0018365
18366,MREID_0018366
18367,MREID_0018367
18368,MREID_0018368
18369,MREID_0018369
18370,MREID_0018370
18371,MREID_0018371
18372,MREID_0018372
18373,MREID_0018373
18374,MREID_0018374
18375,MREID_0018375
18376,MREID_0018376
18377,MREID_0018377
18378,MREID_0018378
18379,MREID_0018379
18380,MREID_0018380
18381,MREID_0018381
18382,MREID_0018382
18383,MREID_0018383
18384,MREID_0018384
18385,MREID_0018385
18386,MREID_0018386
18387,MREID_0018387
18388,MREID_0018388
18389,MREID_0018389
18390,MREID_0018390
18391,MREID_0018391
18392,MREID_0018392
18393,MREID_0018393
18394,MREID_0018394
18395,MREID_0018395
18396,MREID_0018396
18397,MREID_0018398
18398,MREID_0018397
18399,MREID_0018399
18400,MREID_0018400
18401,MREID_0018401
18402,MREID_0018402
18403,MREID_0018403
18404,MREID_0018404
18405,MREID_0018405
18406,MREID_0018406
18407,MREID_0018407
18408,MREID_0018408
18409,MREID_0018409
18410,MREID_0018410
18411,MREID_0018411
18412,MREID_0018412
18413,MREID_0018413
18414,MREID_0018414
18415,MREID_0018415
18416,MREID_0018416
18417,MREID_0018417
18418,MREID_0018418
18419,MREID_0018419
18420,MREID_0018421
18421,MREID_0018420
18422,MREID_0018422
18423,MREID_0018423
18424,MREID_0018424
18425,MREID_0018425
18426,MREID_0018426
18427,MREID_0018427
18428,MREID_0018428
18429,MREID_0018429
18430,MREID_0018430
18431,MREID_0018431
18432,MREID_0018432
18433,MREID_0018433
18434,MREID_0018434
18435,MREID_0018435
18436,MREID_0018437
18437,MREID_0018436
18438,MREID_0018438
18439,MREID_0018439
18440,MREID_0018440
18441,MREID_0018441
18442,MREID_0018442
18443,MREID_0018443
18444,MREID_0018444
18445,MREID_0018445
18446,MREID_0018446
18447,MREID_0018447
18448,MREID_0018448
18449,MREID_0018449
18450,MREID_0018450
18451,MREID_0018451
18452,MREID_0018452
18453,MREID_0018453
18454,MREID_0018454
18455,MREID_0018455
18456,MREID_0018456
18457,MREID_0018457
18458,MREID_0018458
18459,MREID_0018459
18460,MREID_0018460
18461,MREID_0018461
18462,MREID_0018462
18463,MREID_0018463
18464,MREID_0018464
18465,MREID_0018465
18466,MREID_0018466
18467,MREID_0018467
18468,MREID_0018468
18469,MREID_0018469
18470,MREID_0018470
18471,MREID_0018471
18472,MREID_0018472
18473,MREID_0018473
18474,MREID_0018474
18475,MREID_0018475
18476,MREID_0018476
18477,MREID_0018477
18478,MREID_0018478
18479,MREID_0018479
18480,MREID_0018480
18481,MREID_0018481
18482,MREID_0018482
18483,MREID_0018483
18484,MREID_0018484
18485,MREID_0018485
18486,MREID_0018486
18487,MREID_0018487
18488,MREID_0018488
18489,MREID_0018489
18490,MREID_0018490
18491,MREID_0018491
18492,MREID_0018492
18493,MREID_0018493
18494,MREID_0018494
18495,MREID_0018495
18496,MREID_0018496
18497,MREID_0018497
18498,MREID_0018498
18499,MREID_0018499
18500,MREID_0018500
18501,MREID_0018501
18502,MREID_0018502
18503,MREID_0018503
18504,MREID_0018504
18505,MREID_0018505
18506,MREID_0018506
18507,MREID_0018507
18508,MREID_0018508
18509,MREID_0018509
18510,MREID_0018510
18511,MREID_0018511
18512,MREID_0018512
18513,MREID_0018513
18514,MREID_0018514
18515,MREID_0018515
18516,MREID_0018516
18517,MREID_0018517
18518,MREID_0018518
18519,MREID_0018519
18520,MREID_0018520
18521,MREID_0018521
18522,MREID_0018522
18523,MREID_0018523
18524,MREID_0018524
18525,MREID_0018525
18526,MREID_0018526
18527,MREID_0018527
18528,MREID_0018528
18529,MREID_0018529
18530,MREID_0018530
18531,MREID_0018531
18532,MREID_0018532
18533,MREID_0018533
18534,MREID_0018534
18535,MREID_0018535
18536,MREID_0018536
18537,MREID_0018537
18538,MREID_0018538
18539,MREID_0018539
18540,MREID_0018540
18541,MREID_0018541
18542,MREID_0018542
18543,MREID_0018543
18544,MREID_0018544
18545,MREID_0018545
18546,MREID_0018546
18547,MREID_0018547
18548,MREID_0018548
18549,MREID_0018549
18550,MREID_0018550
18551,MREID_0018551
18552,MREID_0018552
18553,MREID_0018553
18554,MREID_0018554
18555,MREID_0018555
18556,MREID_0018556
18557,MREID_0018557
18558,MREID_0018558
18559,MREID_0018559
18560,MREID_0018560
18561,MREID_0018561
18562,MREID_0018562
18563,MREID_0018563
18564,MREID_0018565
18565,MREID_0018564
18566,MREID_0018566
18567,MREID_0018567
18568,MREID_0018568
18569,MREID_0018569
18570,MREID_0018570
18571,MREID_0018571
18572,MREID_0018572
18573,MREID_0018573
18574,MREID_0018574
18575,MREID_0018575
18576,MREID_0018576
18577,MREID_0018577
18578,MREID_0018578
18579,MREID_0018579
18580,MREID_0018580
18581,MREID_0018581
18582,MREID_0018582
18583,MREID_0018583
18584,MREID_0018584
18585,MREID_0018585
18586,MREID_0018586
18587,MREID_0018587
18588,MREID_0018588
18589,MREID_0018589
18590,MREID_0018590
18591,MREID_0018591
18592,MREID_0018592
18593,MREID_0018593
18594,MREID_0018594
18595,MREID_0018595
18596,MREID_0018596
18597,MREID_0018597
18598,MREID_0018598
18599,MREID_0018599
18600,MREID_0018600
18601,MREID_0018601
18602,MREID_0018602
18603,MREID_0018603
18604,MREID_0018604
18605,MREID_0018605
18606,MREID_0018606
18607,MREID_0018607
18608,MREID_0018608
18609,MREID_0018609
18610,MREID_0018610
18611,MREID_0018611
18612,MREID_0018613
18613,MREID_0018612
18614,MREID_0018614
18615,MREID_0018615
18616,MREID_0018616
18617,MREID_0018617
18618,MREID_0018618
18619,MREID_0018619
18620,MREID_0018620
18621,MREID_0018621
18622,MREID_0018622
18623,MREID_0018623
18624,MREID_0018624
18625,MREID_0018625
18626,MREID_0018626
18627,MREID_0018627
18628,MREID_0018628
18629,MREID_0018629
18630,MREID_0018630
18631,MREID_0018631
18632,MREID_0018632
18633,MREID_0018633
18634,MREID_0018634
18635,MREID_0018635
18636,MREID_0018636
18637,MREID_0018637
18638,MREID_0018638
18639,MREID_0018639
18640,MREID_0018640
18641,MREID_0018641
18642,MREID_0018642
18643,MREID_0018643
18644,MREID_0018644
18645,MREID_0018645
18646,MREID_0018646
18647,MREID_0018647
18648,MREID_0018648
18649,MREID_0018649
18650,MREID_0018650
18651,MREID_0018651
18652,MREID_0018652
18653,MREID_0018653
18654,MREID_0018654
18655,MREID_0018655
18656,MREID_0018656
18657,MREID_0018657
18658,MREID_0018658
18659,MREID_0018659
18660,MREID_0018660
18661,MREID_0018661
18662,MREID_0018662
18663,MREID_0018663
18664,MREID_0018664
18665,MREID_0018665
18666,MREID_0018666
18667,MREID_0018667
18668,MREID_0018668
18669,MREID_0018669
18670,MREID_0018670
18671,MREID_0018671
18672,MREID_0018672
18673,MREID_0018673
18674,MREID_0018674
18675,MREID_0018675
18676,MREID_0018676
18677,MREID_0018677
18678,MREID_0018678
18679,MREID_0018679
18680,MREID_0018680
18681,MREID_0018681
18682,MREID_0018682
18683,MREID_0018683
18684,MREID_0018684
18685,MREID_0018685
18686,MREID_0018686
18687,MREID_0018687
18688,MREID_0018688
18689,MREID_0018689
18690,MREID_0018690
18691,MREID_0018692
18692,MREID_0018691
18693,MREID_0018693
18694,MREID_0018694
18695,MREID_0018695
18696,MREID_0018696
18697,MREID_0018697
18698,MREID_0018698
18699,MREID_0018699
18700,MREID_0018700
18701,MREID_0018701
18702,MREID_0018702
18703,MREID_0018703
18704,MREID_0018704
18705,MREID_0018705
18706,MREID_0018706
18707,MREID_0018707
18708,MREID_0018708
18709,MREID_0018709
18710,MREID_0018710
18711,MREID_0018711
18712,MREID_0018712
18713,MREID_0018713
18714,MREID_0018714
18715,MREID_0018715
18716,MREID_0018716
18717,MREID_0018717
18718,MREID_0018718
18719,MREID_0018719
18720,MREID_0018720
18721,MREID_0018721
18722,MREID_0018722
18723,MREID_0018723
18724,MREID_0018724
18725,MREID_0018725
18726,MREID_0018726
18727,MREID_0018727
18728,MREID_0018728
18729,MREID_0018729
18730,MREID_0018730
18731,MREID_0018731
18732,MREID_0018732
18733,MREID_0018733
18734,MREID_0018734
18735,MREID_0018735
18736,MREID_0018736
18737,MREID_0018737
18738,MREID_0018738
18739,MREID_0018739
18740,MREID_0018740
18741,MREID_0018741
18742,MREID_0018742
18743,MREID_0018743
18744,MREID_0018744
18745,MREID_0018745
18746,MREID_0018746
18747,MREID_0018747
18748,MREID_0018748
18749,MREID_0018749
18750,MREID_0018750
18751,MREID_0018751
18752,MREID_0018752
18753,MREID_0018753
18754,MREID_0018754
18755,MREID_0018755
18756,MREID_0018756
18757,MREID_0018757
18758,MREID_0018758
18759,MREID_0018759
18760,MREID_0018760
18761,MREID_0018761
18762,MREID_0018762
18763,MREID_0018763
18764,MREID_0018764
18765,MREID_0018765
18766,MREID_0018766
18767,MREID_0018767
18768,MREID_0018768
18769,MREID_0018769
18770,MREID_0018770
18771,MREID_0018771
18772,MREID_0018772
18773,MREID_0018773
18774,MREID_0018774
18775,MREID_0018775
18776,MREID_0018776
18777,MREID_0018777
18778,MREID_0018778
18779,MREID_0018779
18780,MREID_0018780
18781,MREID_0018781
18782,MREID_0018782
18783,MREID_0018783
18784,MREID_0018784
18785,MREID_0018785
18786,MREID_0018786
18787,MREID_0018787
18788,MREID_0018788
18789,MREID_0018789
18790,MREID_0018790
18791,MREID_0018791
18792,MREID_0018792
18793,MREID_0018793
18794,MREID_0018794
18795,MREID_0018795
18796,MREID_0018796
18797,MREID_0018797
18798,MREID_0018798
18799,MREID_0018799
18800,MREID_0018800
18801,MREID_0018801
18802,MREID_0018802
18803,MREID_0018803
18804,MREID_0018804
18805,MREID_0018805
18806,MREID_0018806
18807,MREID_0018807
18808,MREID_0018808
18809,MREID_0018809
18810,MREID_0018810
18811,MREID_0018811
18812,MREID_0018812
18813,MREID_0018813
18814,MREID_0018814
18815,MREID_0018815
18816,MREID_0018816
18817,MREID_0018817
18818,MREID_0018818
18819,MREID_0018819
18820,MREID_0018820
18821,MREID_0018821
18822,MREID_0018822
18823,MREID_0018823
18824,MREID_0018824
18825,MREID_0018825
18826,MREID_0018826
18827,MREID_0018827
18828,MREID_0018830
18829,MREID_0018829
18830,MREID_0018831
18831,MREID_0018828
18832,MREID_0018832
18833,MREID_0018833
18834,MREID_0018834
18835,MREID_0018835
18836,MREID_0018836
18837,MREID_0018837
18838,MREID_0018838
18839,MREID_0018839
18840,MREID_0018840
18841,MREID_0018841
18842,MREID_0018842
18843,MREID_0018843
18844,MREID_0018844
18845,MREID_0018845
18846,MREID_0018846
18847,MREID_0018847
18848,MREID_0018848
18849,MREID_0018849
18850,MREID_0018850
18851,MREID_0018851
18852,MREID_0018852
18853,MREID_0018853
18854,MREID_0018854
18855,MREID_0018855
18856,MREID_0018856
18857,MREID_0018857
18858,MREID_0018858
18859,MREID_0018859
18860,MREID_0018860
18861,MREID_0018861
18862,MREID_0018862
18863,MREID_0018863
18864,MREID_0018864
18865,MREID_0018865
18866,MREID_0018866
18867,MREID_0018867
18868,MREID_0018868
18869,MREID_0018869
18870,MREID_0018870
18871,MREID_0018871
18872,MREID_0018872
18873,MREID_0018873
18874,MREID_0018874
18875,MREID_0018875
18876,MREID_0018876
18877,MREID_0018877
18878,MREID_0018878
18879,MREID_0018879
18880,MREID_0018880
18881,MREID_0018881
18882,MREID_0018882
18883,MREID_0018883
18884,MREID_0018884
18885,MREID_0018885
18886,MREID_0018886
18887,MREID_0018887
18888,MREID_0018888
18889,MREID_0018889
18890,MREID_0018890
18891,MREID_0018891
18892,MREID_0018892
18893,MREID_0018893
18894,MREID_0018894
18895,MREID_0018895
18896,MREID_0018896
18897,MREID_0018897
18898,MREID_0018898
18899,MREID_0018899
18900,MREID_0018900
18901,MREID_0018901
18902,MREID_0018902
18903,MREID_0018903
18904,MREID_0018904
18905,MREID_0018905
18906,MREID_0018906
18907,MREID_0018907
18908,MREID_0018908
18909,MREID_0018909
18910,MREID_0018910
18911,MREID_0018911
18912,MREID_0018912
18913,MREID_0018913
18914,MREID_0018914
18915,MREID_0018915
18916,MREID_0018916
18917,MREID_0018917
18918,MREID_0018918
18919,MREID_0018919
18920,MREID_0018920
18921,MREID_0018921
18922,MREID_0018922
18923,MREID_0018923
18924,MREID_0018924
18925,MREID_0018925
18926,MREID_0018926
18927,MREID_0018927
18928,MREID_0018928
18929,MREID_0018929
18930,MREID_0018930
18931,MREID_0018931
18932,MREID_0018932
18933,MREID_0018933
18934,MREID_0018934
18935,MREID_0018935
18936,MREID_0018936
18937,MREID_0018937
18938,MREID_0018938
18939,MREID_0018939
18940,MREID_0018940
18941,MREID_0018941
18942,MREID_0018942
18943,MREID_0018943
18944,MREID_0018944
18945,MREID_0018945
18946,MREID_0018946
18947,MREID_0018947
18948,MREID_0018948
18949,MREID_0018949
18950,MREID_0018950
18951,MREID_0018951
18952,MREID_0018952
18953,MREID_0018953
18954,MREID_0018954
18955,MREID_0018955
18956,MREID_0018956
18957,MREID_0018957
18958,MREID_0018958
18959,MREID_0018959
18960,MREID_0018960
18961,MREID_0018961
18962,MREID_0018962
18963,MREID_0018963
18964,MREID_0018964
18965,MREID_0018965
18966,MREID_0018966
18967,MREID_0018967
18968,MREID_0018968
18969,MREID_0018969
18970,MREID_0018970
18971,MREID_0018971
18972,MREID_0018972
18973,MREID_0018973
18974,MREID_0018974
18975,MREID_0018975
18976,MREID_0018976
18977,MREID_0018977
18978,MREID_0018978
18979,MREID_0018979
18980,MREID_0018980
18981,MREID_0018981
18982,MREID_0018982
18983,MREID_0018983
18984,MREID_0018984
18985,MREID_0018985
18986,MREID_0018986
18987,MREID_0018987
18988,MREID_0018988
18989,MREID_0018989
18990,MREID_0018990
18991,MREID_0018991
18992,MREID_0018992
18993,MREID_0018993
18994,MREID_0018994
18995,MREID_0018995
18996,MREID_0018996
18997,MREID_0018997
18998,MREID_0018998
18999,MREID_0018999
19000,MREID_0019000
19001,MREID_0019001
19002,MREID_0019002
19003,MREID_0019003
19004,MREID_0019004
19005,MREID_0019005
19006,MREID_0019006
19007,MREID_0019007
19008,MREID_0019008
19009,MREID_0019009
19010,MREID_0019010
19011,MREID_0019011
19012,MREID_0019012
19013,MREID_0019013
19014,MREID_0019014
19015,MREID_0019015
19016,MREID_0019016
19017,MREID_0019017
19018,MREID_0019018
19019,MREID_0019019
19020,MREID_0019020
19021,MREID_0019021
19022,MREID_0019022
19023,MREID_0019023
19024,MREID_0019024
19025,MREID_0019025
19026,MREID_0019026
19027,MREID_0019027
19028,MREID_0019028
19029,MREID_0019029
19030,MREID_0019030
19031,MREID_0019031
19032,MREID_0019032
19033,MREID_0019033
19034,MREID_0019034
19035,MREID_0019035
19036,MREID_0019036
19037,MREID_0019037
19038,MREID_0019038
19039,MREID_0019039
19040,MREID_0019040
19041,MREID_0019041
19042,MREID_0019042
19043,MREID_0019043
19044,MREID_0019044
19045,MREID_0019045
19046,MREID_0019046
19047,MREID_0019047
19048,MREID_0019048
19049,MREID_0019049
19050,MREID_0019050
19051,MREID_0019051
19052,MREID_0019052
19053,MREID_0019053
19054,MREID_0019054
19055,MREID_0019055
19056,MREID_0019056
19057,MREID_0019057
19058,MREID_0019058
19059,MREID_0019059
19060,MREID_0019060
19061,MREID_0019061
19062,MREID_0019062
19063,MREID_0019063
19064,MREID_0019064
19065,MREID_0019065
19066,MREID_0019066
19067,MREID_0019067
19068,MREID_0019068
19069,MREID_0019069
19070,MREID_0019070
19071,MREID_0019071
19072,MREID_0019072
19073,MREID_0019073
19074,MREID_0019074
19075,MREID_0019075
19076,MREID_0019076
19077,MREID_0019077
19078,MREID_0019078
19079,MREID_0019079
19080,MREID_0019080
19081,MREID_0019081
19082,MREID_0019082
19083,MREID_0019083
19084,MREID_0019084
19085,MREID_0019085
19086,MREID_0019086
19087,MREID_0019087
19088,MREID_0019088
19089,MREID_0019089
19090,MREID_0019090
19091,MREID_0019091
19092,MREID_0019092
19093,MREID_0019093
19094,MREID_0019094
19095,MREID_0019095
19096,MREID_0019096
19097,MREID_0019097
19098,MREID_0019098
19099,MREID_0019099
19100,MREID_0019100
19101,MREID_0019101
19102,MREID_0019102
19103,MREID_0019103
19104,MREID_0019104
19105,MREID_0019105
19106,MREID_0019107
19107,MREID_0019106
19108,MREID_0019108
19109,MREID_0019109
19110,MREID_0019110
19111,MREID_0019111
19112,MREID_0019112
19113,MREID_0019113
19114,MREID_0019114
19115,MREID_0019115
19116,MREID_0019116
19117,MREID_0019117
19118,MREID_0019118
19119,MREID_0019119
19120,MREID_0019120
19121,MREID_0019121
19122,MREID_0019122
19123,MREID_0019123
19124,MREID_0019124
19125,MREID_0019125
19126,MREID_0019126
19127,MREID_0019127
19128,MREID_0019128
19129,MREID_0019129
19130,MREID_0019130
19131,MREID_0019131
19132,MREID_0019132
19133,MREID_0019133
19134,MREID_0019134
19135,MREID_0019135
19136,MREID_0019136
19137,MREID_0019137
19138,MREID_0019138
19139,MREID_0019139
19140,MREID_0019140
19141,MREID_0019141
19142,MREID_0019142
19143,MREID_0019143
19144,MREID_0019144
19145,MREID_0019145
19146,MREID_0019146
19147,MREID_0019147
19148,MREID_0019148
19149,MREID_0019149
19150,MREID_0019150
19151,MREID_0019151
19152,MREID_0019152
19153,MREID_0019153
19154,MREID_0019154
19155,MREID_0019155
19156,MREID_0019157
19157,MREID_0019156
19158,MREID_0019158
19159,MREID_0019159
19160,MREID_0019160
19161,MREID_0019161
19162,MREID_0019162
19163,MREID_0019163
19164,MREID_0019164
19165,MREID_0019165
19166,MREID_0019167
19167,MREID_0019166
19168,MREID_0019168
19169,MREID_0019169
19170,MREID_0019170
19171,MREID_0019171
19172,MREID_0019172
19173,MREID_0019173
19174,MREID_0019174
19175,MREID_0019175
19176,MREID_0019176
19177,MREID_0019177
19178,MREID_0019178
19179,MREID_0019179
19180,MREID_0019180
19181,MREID_0019181
19182,MREID_0019182
19183,MREID_0019183
19184,MREID_0019184
19185,MREID_0019185
19186,MREID_0019186
19187,MREID_0019187
19188,MREID_0019188
19189,MREID_0019189
19190,MREID_0019190
19191,MREID_0019191
19192,MREID_0019192
19193,MREID_0019193
19194,MREID_0019194
19195,MREID_0019195
19196,MREID_0019196
19197,MREID_0019197
19198,MREID_0019198
19199,MREID_0019199
19200,MREID_0019200
19201,MREID_0019201
19202,MREID_0019203
19203,MREID_0019204
19204,MREID_0019202
19205,MREID_0019205
19206,MREID_0019206
19207,MREID_0019207
19208,MREID_0019208
19209,MREID_0019209
19210,MREID_0019210
19211,MREID_0019211
19212,MREID_0019212
19213,MREID_0019213
19214,MREID_0019214
19215,MREID_0019215
19216,MREID_0019216
19217,MREID_0019217
19218,MREID_0019218
19219,MREID_0019219
19220,MREID_0019220
19221,MREID_0019221
19222,MREID_0019222
19223,MREID_0019223
19224,MREID_0019224
19225,MREID_0019225
19226,MREID_0019226
19227,MREID_0019227
19228,MREID_0019228
19229,MREID_0019229
19230,MREID_0019230
19231,MREID_0019231
19232,MREID_0019232
19233,MREID_0019233
19234,MREID_0019234
19235,MREID_0019235
19236,MREID_0019236
19237,MREID_0019237
19238,MREID_0019238
19239,MREID_0019239
19240,MREID_0019240
19241,MREID_0019241
19242,MREID_0019242
19243,MREID_0019243
19244,MREID_0019244
19245,MREID_0019245
19246,MREID_0019246
19247,MREID_0019247
19248,MREID_0019248
19249,MREID_0019249
19250,MREID_0019250
19251,MREID_0019251
19252,MREID_0019252
19253,MREID_0019253
19254,MREID_0019254
19255,MREID_0019255
19256,MREID_0019256
19257,MREID_0019257
19258,MREID_0019258
19259,MREID_0019259
19260,MREID_0019260
19261,MREID_0019261
19262,MREID_0019262
19263,MREID_0019263
19264,MREID_0019265
19265,MREID_0019264
19266,MREID_0019266
19267,MREID_0019267
19268,MREID_0019268
19269,MREID_0019269
19270,MREID_0019270
19271,MREID_0019271
19272,MREID_0019272
19273,MREID_0019273
19274,MREID_0019274
19275,MREID_0019275
19276,MREID_0019276
19277,MREID_0019277
19278,MREID_0019278
19279,MREID_0019279
19280,MREID_0019280
19281,MREID_0019281
19282,MREID_0019282
19283,MREID_0019283
19284,MREID_0019284
19285,MREID_0019285
19286,MREID_0019286
19287,MREID_0019287
19288,MREID_0019288
19289,MREID_0019289
19290,MREID_0019290
19291,MREID_0019291
19292,MREID_0019292
19293,MREID_0019293
19294,MREID_0019294
19295,MREID_0019295
19296,MREID_0019296
19297,MREID_0019297
19298,MREID_0019298
19299,MREID_0019299
19300,MREID_0019300
19301,MREID_0019301
19302,MREID_0019302
19303,MREID_0019303
19304,MREID_0019304
19305,MREID_0019305
19306,MREID_0019306
19307,MREID_0019307
19308,MREID_0019308
19309,MREID_0019309
19310,MREID_0019310
19311,MREID_0019311
19312,MREID_0019312
19313,MREID_0019313
19314,MREID_0019314
19315,MREID_0019315
19316,MREID_0019316
19317,MREID_0019317
19318,MREID_0019318
19319,MREID_0019319
19320,MREID_0019320
19321,MREID_0019321
19322,MREID_0019322
19323,MREID_0019323
19324,MREID_0019324
19325,MREID_0019325
19326,MREID_0019326
19327,MREID_0019327
19328,MREID_0019328
19329,MREID_0019329
19330,MREID_0019330
19331,MREID_0019331
19332,MREID_0019332
19333,MREID_0019333
19334,MREID_0019334
19335,MREID_0019335
19336,MREID_0019336
19337,MREID_0019337
19338,MREID_0019338
19339,MREID_0019339
19340,MREID_0019340
19341,MREID_0019341
19342,MREID_0019342
19343,MREID_0019343
19344,MREID_0019344
19345,MREID_0019345
19346,MREID_0019346
19347,MREID_0019347
19348,MREID_0019348
19349,MREID_0019349
19350,MREID_0019350
19351,MREID_0019351
19352,MREID_0019352
19353,MREID_0019353
19354,MREID_0019354
19355,MREID_0019355
19356,MREID_0019356
19357,MREID_0019357
19358,MREID_0019358
19359,MREID_0019359
19360,MREID_0019360
19361,MREID_0019361
19362,MREID_0019363
19363,MREID_0019362
19364,MREID_0019364
19365,MREID_0019365
19366,MREID_0019366
19367,MREID_0019367
19368,MREID_0019368
19369,MREID_0019369
19370,MREID_0019370
19371,MREID_0019371
19372,MREID_0019372
19373,MREID_0019373
19374,MREID_0019374
19375,MREID_0019375
19376,MREID_0019376
19377,MREID_0019377
19378,MREID_0019378
19379,MREID_0019379
19380,MREID_0019380
19381,MREID_0019381
19382,MREID_0019382
19383,MREID_0019383
19384,MREID_0019384
19385,MREID_0019385
19386,MREID_0019386
19387,MREID_0019387
19388,MREID_0019388
19389,MREID_0019389
19390,MREID_0019390
19391,MREID_0019391
19392,MREID_0019392
19393,MREID_0019393
19394,MREID_0019394
19395,MREID_0019395
19396,MREID_0019396
19397,MREID_0019397
19398,MREID_0019398
19399,MREID_0019399
19400,MREID_0019400
19401,MREID_0019401
19402,MREID_0019402
19403,MREID_0019403
19404,MREID_0019404
19405,MREID_0019405
19406,MREID_0019406
19407,MREID_0019407
19408,MREID_0019408
19409,MREID_0019409
19410,MREID_0019410
19411,MREID_0019411
19412,MREID_0019412
19413,MREID_0019413
19414,MREID_0019414
19415,MREID_0019415
19416,MREID_0019416
19417,MREID_0019417
19418,MREID_0019418
19419,MREID_0019419
19420,MREID_0019420
19421,MREID_0019421
19422,MREID_0019422
19423,MREID_0019423
19424,MREID_0019424
19425,MREID_0019425
19426,MREID_0019426
19427,MREID_0019427
19428,MREID_0019428
19429,MREID_0019429
19430,MREID_0019430
19431,MREID_0019431
19432,MREID_0019432
19433,MREID_0019433
19434,MREID_0019434
19435,MREID_0019435
19436,MREID_0019436
19437,MREID_0019437
19438,MREID_0019438
19439,MREID_0019439
19440,MREID_0019440
19441,MREID_0019441
19442,MREID_0019442
19443,MREID_0019443
19444,MREID_0019444
19445,MREID_0019445
19446,MREID_0019446
19447,MREID_0019448
19448,MREID_0019447
19449,MREID_0019449
19450,MREID_0019450
19451,MREID_0019451
19452,MREID_0019452
19453,MREID_0019453
19454,MREID_0019454
19455,MREID_0019455
19456,MREID_0019456
19457,MREID_0019457
19458,MREID_0019458
19459,MREID_0019459
19460,MREID_0019460
19461,MREID_0019461
19462,MREID_0019462
19463,MREID_0019463
19464,MREID_0019464
19465,MREID_0019465
19466,MREID_0019466
19467,MREID_0019467
19468,MREID_0019468
19469,MREID_0019469
19470,MREID_0019470
19471,MREID_0019471
19472,MREID_0019472
19473,MREID_0019473
19474,MREID_0019474
19475,MREID_0019475
19476,MREID_0019476
19477,MREID_0019477
19478,MREID_0019478
19479,MREID_0019479
19480,MREID_0019480
19481,MREID_0019481
19482,MREID_0019482
19483,MREID_0019483
19484,MREID_0019484
19485,MREID_0019485
19486,MREID_0019486
19487,MREID_0019487
19488,MREID_0019488
19489,MREID_0019489
19490,MREID_0019490
19491,MREID_0019491
19492,MREID_0019492
19493,MREID_0019493
19494,MREID_0019494
19495,MREID_0019495
19496,MREID_0019496
19497,MREID_0019497
19498,MREID_0019498
19499,MREID_0019499
19500,MREID_0019500
19501,MREID_0019501
19502,MREID_0019502
19503,MREID_0019503
19504,MREID_0019504
19505,MREID_0019505
19506,MREID_0019506
19507,MREID_0019507
19508,MREID_0019508
19509,MREID_0019509
19510,MREID_0019510
19511,MREID_0019511
19512,MREID_0019512
19513,MREID_0019513
19514,MREID_0019514
19515,MREID_0019515
19516,MREID_0019516
19517,MREID_0019517
19518,MREID_0019518
19519,MREID_0019519
19520,MREID_0019520
19521,MREID_0019521
19522,MREID_0019522
19523,MREID_0019523
19524,MREID_0019524
19525,MREID_0019525
19526,MREID_0019526
19527,MREID_0019527
19528,MREID_0019528
19529,MREID_0019529
19530,MREID_0019530
19531,MREID_0019531
19532,MREID_0019532
19533,MREID_0019533
19534,MREID_0019534
19535,MREID_0019535
19536,MREID_0019536
19537,MREID_0019537
19538,MREID_0019538
19539,MREID_0019539
19540,MREID_0019540
19541,MREID_0019541
19542,MREID_0019542
19543,MREID_0019543
19544,MREID_0019544
19545,MREID_0019545
19546,MREID_0019546
19547,MREID_0019547
19548,MREID_0019548
19549,MREID_0019549
19550,MREID_0019550
19551,MREID_0019551
19552,MREID_0019552
19553,MREID_0019553
19554,MREID_0019554
19555,MREID_0019555
19556,MREID_0019556
19557,MREID_0019557
19558,MREID_0019558
19559,MREID_0019559
19560,MREID_0019560
19561,MREID_0019561
19562,MREID_0019562
19563,MREID_0019563
19564,MREID_0019564
19565,MREID_0019565
19566,MREID_0019566
19567,MREID_0019567
19568,MREID_0019568
19569,MREID_0019569
19570,MREID_0019570
19571,MREID_0019571
19572,MREID_0019572
19573,MREID_0019573
19574,MREID_0019574
19575,MREID_0019575
19576,MREID_0019576
19577,MREID_0019577
19578,MREID_0019578
19579,MREID_0019579
19580,MREID_0019580
19581,MREID_0019581
19582,MREID_0019582
19583,MREID_0019583
19584,MREID_0019584
19585,MREID_0019585
19586,MREID_0019586
19587,MREID_0019587
19588,MREID_0019588
19589,MREID_0019589
19590,MREID_0019590
19591,MREID_0019591
19592,MREID_0019592
19593,MREID_0019593
19594,MREID_0019594
19595,MREID_0019595
19596,MREID_0019596
19597,MREID_0019597
19598,MREID_0019598
19599,MREID_0019599
19600,MREID_0019600
19601,MREID_0019601
19602,MREID_0019602
19603,MREID_0019603
19604,MREID_0019604
19605,MREID_0019605
19606,MREID_0019606
19607,MREID_0019607
19608,MREID_0019608
19609,MREID_0019609
19610,MREID_0019610
19611,MREID_0019611
19612,MREID_0019612
19613,MREID_0019613
19614,MREID_0019614
19615,MREID_0019615
19616,MREID_0019616
19617,MREID_0019617
19618,MREID_0019618
19619,MREID_0019619
19620,MREID_0019620
19621,MREID_0019621
19622,MREID_0019622
19623,MREID_0019623
19624,MREID_0019624
19625,MREID_0019625
19626,MREID_0019626
19627,MREID_0019627
19628,MREID_0019628
19629,MREID_0019629
19630,MREID_0019630
19631,MREID_0019631
19632,MREID_0019632
19633,MREID_0019633
19634,MREID_0019634
19635,MREID_0019635
19636,MREID_0019636
19637,MREID_0019637
19638,MREID_0019638
19639,MREID_0019639
19640,MREID_0019640
19641,MREID_0019641
19642,MREID_0019642
19643,MREID_0019643
19644,MREID_0019644
19645,MREID_0019645
19646,MREID_0019646
19647,MREID_0019647
19648,MREID_0019648
19649,MREID_0019649
19650,MREID_0019650
19651,MREID_0019651
19652,MREID_0019652
19653,MREID_0019653
19654,MREID_0019654
19655,MREID_0019655
19656,MREID_0019656
19657,MREID_0019657
19658,MREID_0019658
19659,MREID_0019659
19660,MREID_0019660
19661,MREID_0019661
19662,MREID_0019662
19663,MREID_0019663
19664,MREID_0019664
19665,MREID_0019665
19666,MREID_0019666
19667,MREID_0019667
19668,MREID_0019668
19669,MREID_0019669
19670,MREID_0019670
19671,MREID_0019671
19672,MREID_0019672
19673,MREID_0019673
19674,MREID_0019674
19675,MREID_0019675
19676,MREID_0019676
19677,MREID_0019677
19678,MREID_0019678
19679,MREID_0019679
19680,MREID_0019680
19681,MREID_0019681
19682,MREID_0019682
19683,MREID_0019683
19684,MREID_0019684
19685,MREID_0019685
19686,MREID_0019686
19687,MREID_0019687
19688,MREID_0019688
19689,MREID_0019689
19690,MREID_0019690
19691,MREID_0019691
19692,MREID_0019692
19693,MREID_0019693
19694,MREID_0019694
19695,MREID_0019695
19696,MREID_0019696
19697,MREID_0019697
19698,MREID_0019698
19699,MREID_0019699
19700,MREID_0019700
19701,MREID_0019701
19702,MREID_0019702
19703,MREID_0019703
19704,MREID_0019704
19705,MREID_0019705
19706,MREID_0019706
19707,MREID_0019707
19708,MREID_0019708
19709,MREID_0019709
19710,MREID_0019710
19711,MREID_0019711
19712,MREID_0019712
19713,MREID_0019713
19714,MREID_0019714
19715,MREID_0019715
19716,MREID_0019716
19717,MREID_0019717
19718,MREID_0019718
19719,MREID_0019719
19720,MREID_0019720
19721,MREID_0019721
19722,MREID_0019722
19723,MREID_0019723
19724,MREID_0019724
19725,MREID_0019725
19726,MREID_0019726
19727,MREID_0019727
19728,MREID_0019728
19729,MREID_0019729
19730,MREID_0019730
19731,MREID_0019731
19732,MREID_0019732
19733,MREID_0019733
19734,MREID_0019734
19735,MREID_0019735
19736,MREID_0019736
19737,MREID_0019737
19738,MREID_0019738
19739,MREID_0019739
19740,MREID_0019740
19741,MREID_0019741
19742,MREID_0019742
19743,MREID_0019743
19744,MREID_0019744
19745,MREID_0019745
19746,MREID_0019746
19747,MREID_0019747
19748,MREID_0019748
19749,MREID_0019749
19750,MREID_0019750
19751,MREID_0019751
19752,MREID_0019752
19753,MREID_0019753
19754,MREID_0019754
19755,MREID_0019755
19756,MREID_0019756
19757,MREID_0019757
19758,MREID_0019758
19759,MREID_0019759
19760,MREID_0019760
19761,MREID_0019761
19762,MREID_0019762
19763,MREID_0019763
19764,MREID_0019764
19765,MREID_0019765
19766,MREID_0019766
19767,MREID_0019767
19768,MREID_0019768
19769,MREID_0019769
19770,MREID_0019770
19771,MREID_0019771
19772,MREID_0019772
19773,MREID_0019773
19774,MREID_0019774
19775,MREID_0019775
19776,MREID_0019776
19777,MREID_0019777
19778,MREID_0019778
19779,MREID_0019779
19780,MREID_0019780
19781,MREID_0019781
19782,MREID_0019782
19783,MREID_0019783
19784,MREID_0019784
19785,MREID_0019785
19786,MREID_0019786
19787,MREID_0019787
19788,MREID_0019788
19789,MREID_0019789
19790,MREID_0019790
19791,MREID_0019791
19792,MREID_0019792
19793,MREID_0019793
19794,MREID_0019794
19795,MREID_0019795
19796,MREID_0019796
19797,MREID_0019797
19798,MREID_0019798
19799,MREID_0019799
19800,MREID_0019800
19801,MREID_0019801
19802,MREID_0019802
19803,MREID_0019803
19804,MREID_0019804
19805,MREID_0019805
19806,MREID_0019806
19807,MREID_0019807
19808,MREID_0019808
19809,MREID_0019809
19810,MREID_0019810
19811,MREID_0019811
19812,MREID_0019812
19813,MREID_0019813
19814,MREID_0019814
19815,MREID_0019815
19816,MREID_0019816
19817,MREID_0019817
19818,MREID_0019818
19819,MREID_0019819
19820,MREID_0019820
19821,MREID_0019821
19822,MREID_0019822
19823,MREID_0019823
19824,MREID_0019824
19825,MREID_0019825
19826,MREID_0019826
19827,MREID_0019827
19828,MREID_0019828
19829,MREID_0019829
19830,MREID_0019830
19831,MREID_0019831
19832,MREID_0019832
19833,MREID_0019833
19834,MREID_0019834
19835,MREID_0019835
19836,MREID_0019836
19837,MREID_0019837
19838,MREID_0019838
19839,MREID_0019839
19840,MREID_0019840
19841,MREID_0019841
19842,MREID_0019842
19843,MREID_0019843
19844,MREID_0019844
19845,MREID_0019845
19846,MREID_0019846
19847,MREID_0019847
19848,MREID_0019848
19849,MREID_0019849
19850,MREID_0019850
19851,MREID_0019851
19852,MREID_0019852
19853,MREID_0019853
19854,MREID_0019854
19855,MREID_0019855
19856,MREID_0019856
19857,MREID_0019857
19858,MREID_0019858
19859,MREID_0019859
19860,MREID_0019860
19861,MREID_0019861
19862,MREID_0019862
19863,MREID_0019863
19864,MREID_0019864
19865,MREID_0019865
19866,MREID_0019866
19867,MREID_0019867
19868,MREID_0019868
19869,MREID_0019869
19870,MREID_0019870
19871,MREID_0019871
19872,MREID_0019872
19873,MREID_0019873
19874,MREID_0019874
19875,MREID_0019875
19876,MREID_0019876
19877,MREID_0019877
19878,MREID_0019878
19879,MREID_0019879
19880,MREID_0019880
19881,MREID_0019881
19882,MREID_0019882
19883,MREID_0019883
19884,MREID_0019884
19885,MREID_0019885
19886,MREID_0019886
19887,MREID_0019887
19888,MREID_0019888
19889,MREID_0019889
19890,MREID_0019891
19891,MREID_0019890
19892,MREID_0019892
19893,MREID_0019893
19894,MREID_0019894
19895,MREID_0019895
19896,MREID_0019896
19897,MREID_0019897
19898,MREID_0019898
19899,MREID_0019899
19900,MREID_0019900
19901,MREID_0019901
19902,MREID_0019902
19903,MREID_0019903
19904,MREID_0019904
19905,MREID_0019905
19906,MREID_0019906
19907,MREID_0019907
19908,MREID_0019908
19909,MREID_0019909
19910,MREID_0019910
19911,MREID_0019911
19912,MREID_0019912
19913,MREID_0019913
19914,MREID_0019914
19915,MREID_0019915
19916,MREID_0019916
19917,MREID_0019917
19918,MREID_0019918
19919,MREID_0019919
19920,MREID_0019920
19921,MREID_0019921
19922,MREID_0019922
19923,MREID_0019923
19924,MREID_0019924
19925,MREID_0019925
19926,MREID_0019926
19927,MREID_0019927
19928,MREID_0019928
19929,MREID_0019929
19930,MREID_0019930
19931,MREID_0019931
19932,MREID_0019932
19933,MREID_0019933
19934,MREID_0019934
19935,MREID_0019935
19936,MREID_0019936
19937,MREID_0019937
19938,MREID_0019938
19939,MREID_0019939
19940,MREID_0019940
19941,MREID_0019941
19942,MREID_0019942
19943,MREID_0019943
19944,MREID_0019944
19945,MREID_0019945
19946,MREID_0019946
19947,MREID_0019947
19948,MREID_0019948
19949,MREID_0019949
19950,MREID_0019950
19951,MREID_0019951
19952,MREID_0019952
19953,MREID_0019953
19954,MREID_0019954
19955,MREID_0019955
19956,MREID_0019956
19957,MREID_0019957
19958,MREID_0019958
19959,MREID_0019959
19960,MREID_0019960
19961,MREID_0019961
19962,MREID_0019962
19963,MREID_0019963
19964,MREID_0019964
19965,MREID_0019965
19966,MREID_0019966
19967,MREID_0019967
19968,MREID_0019968
19969,MREID_0019969
19970,MREID_0019970
19971,MREID_0019971
19972,MREID_0019972
19973,MREID_0019973
19974,MREID_0019974
19975,MREID_0019975
19976,MREID_0019976
19977,MREID_0019977
19978,MREID_0019978
19979,MREID_0019979
19980,MREID_0019980
19981,MREID_0019981
19982,MREID_0019982
19983,MREID_0019983
19984,MREID_0019984
19985,MREID_0019985
19986,MREID_0019986
19987,MREID_0019987
19988,MREID_0019988
19989,MREID_0019989
19990,MREID_0019990
19991,MREID_0019991
19992,MREID_0019992
19993,MREID_0019993
19994,MREID_0019994
19995,MREID_0019995
19996,MREID_0019996
19997,MREID_0019997
19998,MREID_0019998
19999,MREID_0019999
20000,MREID_0020000
20001,MREID_0020001
20002,MREID_0020002
20003,MREID_0020003
20004,MREID_0020004
20005,MREID_0020005
20006,MREID_0020006
20007,MREID_0020007
20008,MREID_0020008
20009,MREID_0020009
20010,MREID_0020010
20011,MREID_0020011
20012,MREID_0020012
20013,MREID_0020013
20014,MREID_0020014
20015,MREID_0020015
20016,MREID_0020016
20017,MREID_0020017
20018,MREID_0020018
20019,MREID_0020019
20020,MREID_0020020
20021,MREID_0020021
20022,MREID_0020022
20023,MREID_0020023
20024,MREID_0020024
20025,MREID_0020025
20026,MREID_0020026
20027,MREID_0020027
20028,MREID_0020028
20029,MREID_0020029
20030,MREID_0020030
20031,MREID_0020031
20032,MREID_0020032
20033,MREID_0020034
20034,MREID_0020033
20035,MREID_0020035
20036,MREID_0020036
20037,MREID_0020037
20038,MREID_0020038
20039,MREID_0020039
20040,MREID_0020040
20041,MREID_0020041
20042,MREID_0020042
20043,MREID_0020043
20044,MREID_0020044
20045,MREID_0020045
20046,MREID_0020046
20047,MREID_0020047
20048,MREID_0020048
20049,MREID_0020049
20050,MREID_0020050
20051,MREID_0020051
20052,MREID_0020052
20053,MREID_0020053
20054,MREID_0020054
20055,MREID_0020055
20056,MREID_0020056
20057,MREID_0020057
20058,MREID_0020058
20059,MREID_0020059
20060,MREID_0020060
20061,MREID_0020061
20062,MREID_0020062
20063,MREID_0020063
20064,MREID_0020064
20065,MREID_0020065
20066,MREID_0020066
20067,MREID_0020067
20068,MREID_0020068
20069,MREID_0020069
20070,MREID_0020070
20071,MREID_0020071
20072,MREID_0020072
20073,MREID_0020073
20074,MREID_0020074
20075,MREID_0020075
20076,MREID_0020076
20077,MREID_0020077
20078,MREID_0020078
20079,MREID_0020079
20080,MREID_0020080
20081,MREID_0020081
20082,MREID_0020082
20083,MREID_0020083
20084,MREID_0020084
20085,MREID_0020085
20086,MREID_0020086
20087,MREID_0020087
20088,MREID_0020088
20089,MREID_0020089
20090,MREID_0020090
20091,MREID_0020091
20092,MREID_0020092
20093,MREID_0020093
20094,MREID_0020094
20095,MREID_0020095
20096,MREID_0020096
20097,MREID_0020097
20098,MREID_0020098
20099,MREID_0020099
20100,MREID_0020100
20101,MREID_0020101
20102,MREID_0020102
20103,MREID_0020103
20104,MREID_0020104
20105,MREID_0020106
20106,MREID_0020105
20107,MREID_0020107
20108,MREID_0020108
20109,MREID_0020109
20110,MREID_0020110
20111,MREID_0020111
20112,MREID_0020112
20113,MREID_0020113
20114,MREID_0020114
20115,MREID_0020115
20116,MREID_0020116
20117,MREID_0020117
20118,MREID_0020118
20119,MREID_0020119
20120,MREID_0020120
20121,MREID_0020121
20122,MREID_0020122
20123,MREID_0020123
20124,MREID_0020124
20125,MREID_0020125
20126,MREID_0020126
20127,MREID_0020127
20128,MREID_0020128
20129,MREID_0020129
20130,MREID_0020130
20131,MREID_0020131
20132,MREID_0020132
20133,MREID_0020133
20134,MREID_0020134
20135,MREID_0020135
20136,MREID_0020136
20137,MREID_0020137
20138,MREID_0020138
20139,MREID_0020139
20140,MREID_0020140
20141,MREID_0020141
20142,MREID_0020142
20143,MREID_0020143
20144,MREID_0020144
20145,MREID_0020145
20146,MREID_0020146
20147,MREID_0020147
20148,MREID_0020148
20149,MREID_0020149
20150,MREID_0020150
20151,MREID_0020151
20152,MREID_0020152
20153,MREID_0020153
20154,MREID_0020154
20155,MREID_0020155
20156,MREID_0020156
20157,MREID_0020157
20158,MREID_0020158
20159,MREID_0020159
20160,MREID_0020160
20161,MREID_0020161
20162,MREID_0020162
20163,MREID_0020163
20164,MREID_0020164
20165,MREID_0020165
20166,MREID_0020166
20167,MREID_0020167
20168,MREID_0020168
20169,MREID_0020169
20170,MREID_0020170
20171,MREID_0020171
20172,MREID_0020172
20173,MREID_0020173
20174,MREID_0020174
20175,MREID_0020175
20176,MREID_0020176
20177,MREID_0020177
20178,MREID_0020178
20179,MREID_0020179
20180,MREID_0020180
20181,MREID_0020181
20182,MREID_0020182
20183,MREID_0020183
20184,MREID_0020184
20185,MREID_0020185
20186,MREID_0020186
20187,MREID_0020187
20188,MREID_0020188
20189,MREID_0020189
20190,MREID_0020190
20191,MREID_0020191
20192,MREID_0020192
20193,MREID_0020193
20194,MREID_0020194
20195,MREID_0020195
20196,MREID_0020196
20197,MREID_0020197
20198,MREID_0020198
20199,MREID_0020199
20200,MREID_0020200
20201,MREID_0020201
20202,MREID_0020202
20203,MREID_0020203
20204,MREID_0020204
20205,MREID_0020205
20206,MREID_0020206
20207,MREID_0020207
20208,MREID_0020208
20209,MREID_0020209
20210,MREID_0020210
20211,MREID_0020211
20212,MREID_0020212
20213,MREID_0020213
20214,MREID_0020214
20215,MREID_0020215
20216,MREID_0020216
20217,MREID_0020217
20218,MREID_0020218
20219,MREID_0020219
20220,MREID_0020220
20221,MREID_0020221
20222,MREID_0020222
20223,MREID_0020223
20224,MREID_0020224
20225,MREID_0020225
20226,MREID_0020226
20227,MREID_0020227
20228,MREID_0020228
20229,MREID_0020229
20230,MREID_0020230
20231,MREID_0020231
20232,MREID_0020232
20233,MREID_0020233
20234,MREID_0020234
20235,MREID_0020235
20236,MREID_0020236
20237,MREID_0020237
20238,MREID_0020238
20239,MREID_0020239
20240,MREID_0020240
20241,MREID_0020241
20242,MREID_0020242
20243,MREID_0020243
20244,MREID_0020244
20245,MREID_0020245
20246,MREID_0020246
20247,MREID_0020247
20248,MREID_0020248
20249,MREID_0020249
20250,MREID_0020250
20251,MREID_0020251
20252,MREID_0020252
20253,MREID_0020253
20254,MREID_0020254
20255,MREID_0020255
20256,MREID_0020256
20257,MREID_0020257
20258,MREID_0020258
20259,MREID_0020259
20260,MREID_0020260
20261,MREID_0020261
20262,MREID_0020262
20263,MREID_0020263
20264,MREID_0020264
20265,MREID_0020265
20266,MREID_0020266
20267,MREID_0020267
20268,MREID_0020268
20269,MREID_0020269
20270,MREID_0020270
20271,MREID_0020271
20272,MREID_0020272
20273,MREID_0020273
20274,MREID_0020274
20275,MREID_0020275
20276,MREID_0020276
20277,MREID_0020277
20278,MREID_0020278
20279,MREID_0020279
20280,MREID_0020280
20281,MREID_0020281
20282,MREID_0020282
20283,MREID_0020283
20284,MREID_0020284
20285,MREID_0020285
20286,MREID_0020286
20287,MREID_0020287
20288,MREID_0020288
20289,MREID_0020289
20290,MREID_0020290
20291,MREID_0020291
20292,MREID_0020292
20293,MREID_0020293
20294,MREID_0020294
20295,MREID_0020295
20296,MREID_0020296
20297,MREID_0020297
20298,MREID_0020298
20299,MREID_0020299
20300,MREID_0020300
20301,MREID_0020301
20302,MREID_0020302
20303,MREID_0020303
20304,MREID_0020304
20305,MREID_0020305
20306,MREID_0020306
20307,MREID_0020307
20308,MREID_0020308
20309,MREID_0020309
20310,MREID_0020310
20311,MREID_0020311
20312,MREID_0020312
20313,MREID_0020313
20314,MREID_0020314
20315,MREID_0020315
20316,MREID_0020316
20317,MREID_0020317
20318,MREID_0020318
20319,MREID_0020319
20320,MREID_0020320
20321,MREID_0020321
20322,MREID_0020322
20323,MREID_0020323
20324,MREID_0020324
20325,MREID_0020325
20326,MREID_0020326
20327,MREID_0020327
20328,MREID_0020328
20329,MREID_0020329
20330,MREID_0020330
20331,MREID_0020331
20332,MREID_0020332
20333,MREID_0020333
20334,MREID_0020334
20335,MREID_0020335
20336,MREID_0020336
20337,MREID_0020337
20338,MREID_0020338
20339,MREID_0020339
20340,MREID_0020340
20341,MREID_0020341
20342,MREID_0020342
20343,MREID_0020343
20344,MREID_0020344
20345,MREID_0020345
20346,MREID_0020346
20347,MREID_0020347
20348,MREID_0020348
20349,MREID_0020349
20350,MREID_0020350
20351,MREID_0020351
20352,MREID_0020352
20353,MREID_0020353
20354,MREID_0020354
20355,MREID_0020355
20356,MREID_0020356
20357,MREID_0020357
20358,MREID_0020358
20359,MREID_0020359
20360,MREID_0020360
20361,MREID_0020361
20362,MREID_0020362
20363,MREID_0020363
20364,MREID_0020364
20365,MREID_0020365
20366,MREID_0020366
20367,MREID_0020367
20368,MREID_0020368
20369,MREID_0020369
20370,MREID_0020370
20371,MREID_0020371
20372,MREID_0020372
20373,MREID_0020373
20374,MREID_0020374
20375,MREID_0020375
20376,MREID_0020376
20377,MREID_0020377
20378,MREID_0020378
20379,MREID_0020379
20380,MREID_0020380
20381,MREID_0020381
20382,MREID_0020382
20383,MREID_0020383
20384,MREID_0020384
20385,MREID_0020385
20386,MREID_0020386
20387,MREID_0020387
20388,MREID_0020388
20389,MREID_0020389
20390,MREID_0020390
20391,MREID_0020391
20392,MREID_0020392
20393,MREID_0020393
20394,MREID_0020394
20395,MREID_0020395
20396,MREID_0020397
20397,MREID_0020396
20398,MREID_0020398
20399,MREID_0020399
20400,MREID_0020400
20401,MREID_0020401
20402,MREID_0020402
20403,MREID_0020403
20404,MREID_0020404
20405,MREID_0020405
20406,MREID_0020406
20407,MREID_0020407
20408,MREID_0020408
20409,MREID_0020409
20410,MREID_0020410
20411,MREID_0020411
20412,MREID_0020412
20413,MREID_0020413
20414,MREID_0020414
20415,MREID_0020415
20416,MREID_0020416
20417,MREID_0020417
20418,MREID_0020418
20419,MREID_0020419
20420,MREID_0020420
20421,MREID_0020421
20422,MREID_0020422
20423,MREID_0020423
20424,MREID_0020424
20425,MREID_0020425
20426,MREID_0020426
20427,MREID_0020427
20428,MREID_0020428
20429,MREID_0020429
20430,MREID_0020430
20431,MREID_0020431
20432,MREID_0020432
20433,MREID_0020433
20434,MREID_0020434
20435,MREID_0020435
20436,MREID_0020436
20437,MREID_0020437
20438,MREID_0020438
20439,MREID_0020439
20440,MREID_0020440
20441,MREID_0020441
20442,MREID_0020442
20443,MREID_0020443
20444,MREID_0020444
20445,MREID_0020445
20446,MREID_0020446
20447,MREID_0020447
20448,MREID_0020448
20449,MREID_0020449
20450,MREID_0020450
20451,MREID_0020451
20452,MREID_0020452
20453,MREID_0020453
20454,MREID_0020454
20455,MREID_0020455
20456,MREID_0020456
20457,MREID_0020457
20458,MREID_0020458
20459,MREID_0020459
20460,MREID_0020460
20461,MREID_0020461
20462,MREID_0020462
20463,MREID_0020463
20464,MREID_0020464
20465,MREID_0020465
20466,MREID_0020466
20467,MREID_0020467
20468,MREID_0020468
20469,MREID_0020469
20470,MREID_0020470
20471,MREID_0020471
20472,MREID_0020472
20473,MREID_0020473
20474,MREID_0020474
20475,MREID_0020475
20476,MREID_0020476
20477,MREID_0020477
20478,MREID_0020478
20479,MREID_0020479
20480,MREID_0020480
20481,MREID_0020481
20482,MREID_0020482
20483,MREID_0020483
20484,MREID_0020484
20485,MREID_0020485
20486,MREID_0020486
20487,MREID_0020487
20488,MREID_0020488
20489,MREID_0020489
20490,MREID_0020490
20491,MREID_0020491
20492,MREID_0020492
20493,MREID_0020493
20494,MREID_0020494
20495,MREID_0020495
20496,MREID_0020496
20497,MREID_0020497
20498,MREID_0020498
20499,MREID_0020499
20500,MREID_0020500
20501,MREID_0020501
20502,MREID_0020502
20503,MREID_0020503
20504,MREID_0020504
20505,MREID_0020505
20506,MREID_0020506
20507,MREID_0020507
20508,MREID_0020508
20509,MREID_0020509
20510,MREID_0020510
20511,MREID_0020511
20512,MREID_0020512
20513,MREID_0020513
20514,MREID_0020514
20515,MREID_0020515
20516,MREID_0020516
20517,MREID_0020517
20518,MREID_0020518
20519,MREID_0020519
20520,MREID_0020520
20521,MREID_0020521
20522,MREID_0020522
20523,MREID_0020523
20524,MREID_0020524
20525,MREID_0020525
20526,MREID_0020526
20527,MREID_0020527
20528,MREID_0020528
20529,MREID_0020529
20530,MREID_0020530
20531,MREID_0020531
20532,MREID_0020532
20533,MREID_0020533
20534,MREID_0020534
20535,MREID_0020535
20536,MREID_0020536
20537,MREID_0020537
20538,MREID_0020538
20539,MREID_0020539
20540,MREID_0020540
20541,MREID_0020541
20542,MREID_0020542
20543,MREID_0020543
20544,MREID_0020544
20545,MREID_0020545
20546,MREID_0020546
20547,MREID_0020547
20548,MREID_0020548
20549,MREID_0020549
20550,MREID_0020550
20551,MREID_0020551
20552,MREID_0020552
20553,MREID_0020553
20554,MREID_0020554
20555,MREID_0020555
20556,MREID_0020556
20557,MREID_0020557
20558,MREID_0020558
20559,MREID_0020559
20560,MREID_0020560
20561,MREID_0020561
20562,MREID_0020562
20563,MREID_0020563
20564,MREID_0020564
20565,MREID_0020565
20566,MREID_0020566
20567,MREID_0020567
20568,MREID_0020568
20569,MREID_0020569
20570,MREID_0020570
20571,MREID_0020571
20572,MREID_0020572
20573,MREID_0020573
20574,MREID_0020574
20575,MREID_0020575
20576,MREID_0020576
20577,MREID_0020577
20578,MREID_0020578
20579,MREID_0020579
20580,MREID_0020580
20581,MREID_0020581
20582,MREID_0020582
20583,MREID_0020583
20584,MREID_0020584
20585,MREID_0020585
20586,MREID_0020586
20587,MREID_0020587
20588,MREID_0020588
20589,MREID_0020589
20590,MREID_0020590
20591,MREID_0020591
20592,MREID_0020592
20593,MREID_0020593
20594,MREID_0020594
20595,MREID_0020595
20596,MREID_0020596
20597,MREID_0020597
20598,MREID_0020598
20599,MREID_0020599
20600,MREID_0020600
20601,MREID_0020601
20602,MREID_0020602
20603,MREID_0020603
20604,MREID_0020604
20605,MREID_0020605
20606,MREID_0020606
20607,MREID_0020607
20608,MREID_0020608
20609,MREID_0020609
20610,MREID_0020610
20611,MREID_0020611
20612,MREID_0020612
20613,MREID_0020613
20614,MREID_0020614
20615,MREID_0020615
20616,MREID_0020616
20617,MREID_0020617
20618,MREID_0020618
20619,MREID_0020619
20620,MREID_0020620
20621,MREID_0020621
20622,MREID_0020622
20623,MREID_0020624
20624,MREID_0020623
20625,MREID_0020625
20626,MREID_0020626
20627,MREID_0020627
20628,MREID_0020628
20629,MREID_0020629
20630,MREID_0020630
20631,MREID_0020631
20632,MREID_0020632
20633,MREID_0020633
20634,MREID_0020634
20635,MREID_0020635
20636,MREID_0020636
20637,MREID_0020637
20638,MREID_0020638
20639,MREID_0020639
20640,MREID_0020640
20641,MREID_0020641
20642,MREID_0020642
20643,MREID_0020643
20644,MREID_0020644
20645,MREID_0020645
20646,MREID_0020646
20647,MREID_0020647
20648,MREID_0020648
20649,MREID_0020649
20650,MREID_0020650
20651,MREID_0020651
20652,MREID_0020652
20653,MREID_0020653
20654,MREID_0020654
20655,MREID_0020655
20656,MREID_0020656
20657,MREID_0020657
20658,MREID_0020658
20659,MREID_0020659
20660,MREID_0020660
20661,MREID_0020661
20662,MREID_0020662
20663,MREID_0020663
20664,MREID_0020664
20665,MREID_0020665
20666,MREID_0020666
20667,MREID_0020667
20668,MREID_0020668
20669,MREID_0020669
20670,MREID_0020670
20671,MREID_0020671
20672,MREID_0020673
20673,MREID_0020672
20674,MREID_0020674
20675,MREID_0020675
20676,MREID_0020676
20677,MREID_0020677
20678,MREID_0020678
20679,MREID_0020679
20680,MREID_0020680
20681,MREID_0020681
20682,MREID_0020683
20683,MREID_0020682
20684,MREID_0020684
20685,MREID_0020685
20686,MREID_0020686
20687,MREID_0020687
20688,MREID_0020691
20689,MREID_0020692
20690,MREID_0020688
20691,MREID_0020689
20692,MREID_0020690
20693,MREID_0020693
20694,MREID_0020694
20695,MREID_0020695
20696,MREID_0020696
20697,MREID_0020697
20698,MREID_0020698
20699,MREID_0020699
20700,MREID_0020700
20701,MREID_0020701
20702,MREID_0020702
20703,MREID_0020704
20704,MREID_0020703
20705,MREID_0020705
20706,MREID_0020706
20707,MREID_0020707
20708,MREID_0020708
20709,MREID_0020709
20710,MREID_0020710
20711,MREID_0020711
20712,MREID_0020712
20713,MREID_0020713
20714,MREID_0020714
20715,MREID_0020715
20716,MREID_0020716
20717,MREID_0020717
20718,MREID_0020718
20719,MREID_0020719
20720,MREID_0020720
20721,MREID_0020721
20722,MREID_0020722
20723,MREID_0020723
20724,MREID_0020724
20725,MREID_0020725
20726,MREID_0020726
20727,MREID_0020727
20728,MREID_0020728
20729,MREID_0020730
20730,MREID_0020729
20731,MREID_0020731
20732,MREID_0020732
20733,MREID_0020733
20734,MREID_0020734
20735,MREID_0020735
20736,MREID_0020736
20737,MREID_0020737
20738,MREID_0020738
20739,MREID_0020739
20740,MREID_0020740
20741,MREID_0020741
20742,MREID_0020742
20743,MREID_0020743
20744,MREID_0020744
20745,MREID_0020745
20746,MREID_0020746
20747,MREID_0020747
20748,MREID_0020748
20749,MREID_0020749
20750,MREID_0020750
20751,MREID_0020751
20752,MREID_0020752
20753,MREID_0020753
20754,MREID_0020754
20755,MREID_0020755
20756,MREID_0020756
20757,MREID_0020757
20758,MREID_0020758
20759,MREID_0020759
20760,MREID_0020760
20761,MREID_0020761
20762,MREID_0020762
20763,MREID_0020763
20764,MREID_0020764
20765,MREID_0020768
20766,MREID_0020769
20767,MREID_0020765
20768,MREID_0020766
20769,MREID_0020767
20770,MREID_0020770
20771,MREID_0020771
20772,MREID_0020772
20773,MREID_0020773
20774,MREID_0020774
20775,MREID_0020775
20776,MREID_0020776
20777,MREID_0020777
20778,MREID_0020778
20779,MREID_0020779
20780,MREID_0020780
20781,MREID_0020783
20782,MREID_0020781
20783,MREID_0020782
20784,MREID_0020784
20785,MREID_0020785
20786,MREID_0020786
20787,MREID_0020787
20788,MREID_0020788
20789,MREID_0020789
20790,MREID_0020790
20791,MREID_0020791
20792,MREID_0020792
20793,MREID_0020793
20794,MREID_0020794
20795,MREID_0020795
20796,MREID_0020796
20797,MREID_0020797
20798,MREID_0020798
20799,MREID_0020799
20800,MREID_0020800
20801,MREID_0020801
20802,MREID_0020802
20803,MREID_0020803
20804,MREID_0020804
20805,MREID_0020805
20806,MREID_0020806
20807,MREID_0020807
20808,MREID_0020808
20809,MREID_0020809
20810,MREID_0020810
20811,MREID_0020811
20812,MREID_0020812
20813,MREID_0020813
20814,MREID_0020814
20815,MREID_0020815
20816,MREID_0020816
20817,MREID_0020817
20818,MREID_0020818
20819,MREID_0020819
20820,MREID_0020820
20821,MREID_0020821
20822,MREID_0020822
20823,MREID_0020823
20824,MREID_0020824
20825,MREID_0020825
20826,MREID_0020826
20827,MREID_0020827
20828,MREID_0020828
20829,MREID_0020829
20830,MREID_0020831
20831,MREID_0020830
20832,MREID_0020832
20833,MREID_0020833
20834,MREID_0020834
20835,MREID_0020835
20836,MREID_0020836
20837,MREID_0020837
20838,MREID_0020838
20839,MREID_0020839
20840,MREID_0020840
20841,MREID_0020841
20842,MREID_0020842
20843,MREID_0020843
20844,MREID_0020844
20845,MREID_0020845
20846,MREID_0020846
20847,MREID_0020847
20848,MREID_0020848
20849,MREID_0020849
20850,MREID_0020850
20851,MREID_0020851
20852,MREID_0020852
20853,MREID_0020853
20854,MREID_0020854
20855,MREID_0020855
20856,MREID_0020856
20857,MREID_0020857
20858,MREID_0020858
20859,MREID_0020859
20860,MREID_0020860
20861,MREID_0020861
20862,MREID_0020862
20863,MREID_0020863
20864,MREID_0020864
20865,MREID_0020865
20866,MREID_0020866
20867,MREID_0020867
20868,MREID_0020868
20869,MREID_0020869
20870,MREID_0020870
20871,MREID_0020871
20872,MREID_0020872
20873,MREID_0020873
20874,MREID_0020874
20875,MREID_0020875
20876,MREID_0020876
20877,MREID_0020877
20878,MREID_0020878
20879,MREID_0020879
20880,MREID_0020880
20881,MREID_0020882
20882,MREID_0020881
20883,MREID_0020883
20884,MREID_0020884
20885,MREID_0020885
20886,MREID_0020886
20887,MREID_0020887
20888,MREID_0020888
20889,MREID_0020889
20890,MREID_0020890
20891,MREID_0020891
20892,MREID_0020892
20893,MREID_0020893
20894,MREID_0020894
20895,MREID_0020895
20896,MREID_0020896
20897,MREID_0020897
20898,MREID_0020898
20899,MREID_0020899
20900,MREID_0020900
20901,MREID_0020901
20902,MREID_0020902
20903,MREID_0020903
20904,MREID_0020904
20905,MREID_0020905
20906,MREID_0020906
20907,MREID_0020907
20908,MREID_0020908
20909,MREID_0020909
20910,MREID_0020910
20911,MREID_0020911
20912,MREID_0020912
20913,MREID_0020913
20914,MREID_0020914
20915,MREID_0020915
20916,MREID_0020916
20917,MREID_0020917
20918,MREID_0020918
20919,MREID_0020919
20920,MREID_0020920
20921,MREID_0020921
20922,MREID_0020923
20923,MREID_0020925
20924,MREID_0020924
20925,MREID_0020922
20926,MREID_0020926
20927,MREID_0020927
20928,MREID_0020928
20929,MREID_0020929
20930,MREID_0020930
20931,MREID_0020931
20932,MREID_0020932
20933,MREID_0020933
20934,MREID_0020934
20935,MREID_0020935
20936,MREID_0020936
20937,MREID_0020937
20938,MREID_0020938
20939,MREID_0020939
20940,MREID_0020940
20941,MREID_0020941
20942,MREID_0020942
20943,MREID_0020943
20944,MREID_0020944
20945,MREID_0020945
20946,MREID_0020946
20947,MREID_0020947
20948,MREID_0020948
20949,MREID_0020949
20950,MREID_0020950
20951,MREID_0020952
20952,MREID_0020951
20953,MREID_0020953
20954,MREID_0020954
20955,MREID_0020955
20956,MREID_0020956
20957,MREID_0020957
20958,MREID_0020958
20959,MREID_0020959
20960,MREID_0020960
20961,MREID_0020961
20962,MREID_0020962
20963,MREID_0020963
20964,MREID_0020964
20965,MREID_0020965
20966,MREID_0020966
20967,MREID_0020967
20968,MREID_0020968
20969,MREID_0020969
20970,MREID_0020970
20971,MREID_0020971
20972,MREID_0020972
20973,MREID_0020973
20974,MREID_0020974
20975,MREID_0020975
20976,MREID_0020976
20977,MREID_0020977
20978,MREID_0020978
20979,MREID_0020979
20980,MREID_0020980
20981,MREID_0020981
20982,MREID_0020982
20983,MREID_0020983
20984,MREID_0020984
20985,MREID_0020985
20986,MREID_0020986
20987,MREID_0020987
20988,MREID_0020988
20989,MREID_0020989
20990,MREID_0020990
20991,MREID_0020991
20992,MREID_0020992
20993,MREID_0020993
20994,MREID_0020994
20995,MREID_0020995
20996,MREID_0020996
20997,MREID_0020997
20998,MREID_0020998
20999,MREID_0020999
21000,MREID_0021000
21001,MREID_0021001
21002,MREID_0021002
21003,MREID_0021003
21004,MREID_0021004
21005,MREID_0021005
21006,MREID_0021006
21007,MREID_0021007
21008,MREID_0021008
21009,MREID_0021009
21010,MREID_0021010
21011,MREID_0021011
21012,MREID_0021012
21013,MREID_0021013
21014,MREID_0021014
21015,MREID_0021015
21016,MREID_0021016
21017,MREID_0021017
21018,MREID_0021018
21019,MREID_0021019
21020,MREID_0021020
21021,MREID_0021021
21022,MREID_0021022
21023,MREID_0021023
21024,MREID_0021024
21025,MREID_0021025
21026,MREID_0021026
21027,MREID_0021027
21028,MREID_0021028
21029,MREID_0021029
21030,MREID_0021030
21031,MREID_0021031
21032,MREID_0021032
21033,MREID_0021033
21034,MREID_0021034
21035,MREID_0021035
21036,MREID_0021036
21037,MREID_0021037
21038,MREID_0021038
21039,MREID_0021039
21040,MREID_0021040
21041,MREID_0021041
21042,MREID_0021042
21043,MREID_0021043
21044,MREID_0021044
21045,MREID_0021045
21046,MREID_0021046
21047,MREID_0021047
21048,MREID_0021048
21049,MREID_0021049
21050,MREID_0021050
21051,MREID_0021051
21052,MREID_0021052
21053,MREID_0021053
21054,MREID_0021054
21055,MREID_0021055
21056,MREID_0021056
21057,MREID_0021057
21058,MREID_0021058
21059,MREID_0021059
21060,MREID_0021060
21061,MREID_0021061
21062,MREID_0021062
21063,MREID_0021064
21064,MREID_0021063
21065,MREID_0021065
21066,MREID_0021066
21067,MREID_0021067
21068,MREID_0021068
21069,MREID_0021069
21070,MREID_0021070
21071,MREID_0021072
21072,MREID_0021071
21073,MREID_0021073
21074,MREID_0021074
21075,MREID_0021075
21076,MREID_0021076
21077,MREID_0021077
21078,MREID_0021078
21079,MREID_0021079
21080,MREID_0021080
21081,MREID_0021081
21082,MREID_0021082
21083,MREID_0021083
21084,MREID_0021084
21085,MREID_0021085
21086,MREID_0021086
21087,MREID_0021087
21088,MREID_0021088
21089,MREID_0021089
21090,MREID_0021090
21091,MREID_0021091
21092,MREID_0021092
21093,MREID_0021093
21094,MREID_0021094
21095,MREID_0021095
21096,MREID_0021096
21097,MREID_0021097
21098,MREID_0021098
21099,MREID_0021099
21100,MREID_0021100
21101,MREID_0021101
21102,MREID_0021102
21103,MREID_0021103
21104,MREID_0021104
21105,MREID_0021105
21106,MREID_0021106
21107,MREID_0021107
21108,MREID_0021108
21109,MREID_0021109
21110,MREID_0021110
21111,MREID_0021111
21112,MREID_0021112
21113,MREID_0021113
21114,MREID_0021114
21115,MREID_0021115
21116,MREID_0021116
21117,MREID_0021117
21118,MREID_0021118
21119,MREID_0021119
21120,MREID_0021120
21121,MREID_0021121
21122,MREID_0021122
21123,MREID_0021123
21124,MREID_0021124
21125,MREID_0021125
21126,MREID_0021126
21127,MREID_0021127
21128,MREID_0021128
21129,MREID_0021129
21130,MREID_0021130
21131,MREID_0021131
21132,MREID_0021132
21133,MREID_0021133
21134,MREID_0021134
21135,MREID_0021135
21136,MREID_0021136
21137,MREID_0021137
21138,MREID_0021138
21139,MREID_0021139
21140,MREID_0021140
21141,MREID_0021141
21142,MREID_0021143
21143,MREID_0021142
21144,MREID_0021144
21145,MREID_0021145
21146,MREID_0021146
21147,MREID_0021147
21148,MREID_0021148
21149,MREID_0021149
21150,MREID_0021150
21151,MREID_0021151
21152,MREID_0021152
21153,MREID_0021153
21154,MREID_0021154
21155,MREID_0021155
21156,MREID_0021156
21157,MREID_0021157
21158,MREID_0021158
21159,MREID_0021159
21160,MREID_0021160
21161,MREID_0021161
21162,MREID_0021162
21163,MREID_0021163
21164,MREID_0021164
21165,MREID_0021165
21166,MREID_0021166
21167,MREID_0021167
21168,MREID_0021168
21169,MREID_0021169
21170,MREID_0021170
21171,MREID_0021171
21172,MREID_0021172
21173,MREID_0021173
21174,MREID_0021174
21175,MREID_0021175
21176,MREID_0021176
21177,MREID_0021177
21178,MREID_0021178
21179,MREID_0021179
21180,MREID_0021180
21181,MREID_0021181
21182,MREID_0021182
21183,MREID_0021183
21184,MREID_0021184
21185,MREID_0021185
21186,MREID_0021186
21187,MREID_0021187
21188,MREID_0021188
21189,MREID_0021189
21190,MREID_0021190
21191,MREID_0021191
21192,MREID_0021192
21193,MREID_0021193
21194,MREID_0021194
21195,MREID_0021195
21196,MREID_0021196
21197,MREID_0021197
21198,MREID_0021198
21199,MREID_0021199
21200,MREID_0021200
21201,MREID_0021201
21202,MREID_0021202
21203,MREID_0021203
21204,MREID_0021204
21205,MREID_0021205
21206,MREID_0021206
21207,MREID_0021207
21208,MREID_0021208
21209,MREID_0021209
21210,MREID_0021210
21211,MREID_0021211
21212,MREID_0021212
21213,MREID_0021213
21214,MREID_0021214
21215,MREID_0021215
21216,MREID_0021216
21217,MREID_0021217
21218,MREID_0021218
21219,MREID_0021219
21220,MREID_0021220
21221,MREID_0021221
21222,MREID_0021222
21223,MREID_0021223
21224,MREID_0021224
21225,MREID_0021225
21226,MREID_0021226
21227,MREID_0021227
21228,MREID_0021228
21229,MREID_0021229
21230,MREID_0021230
21231,MREID_0021231
21232,MREID_0021232
21233,MREID_0021233
21234,MREID_0021234
21235,MREID_0021235
21236,MREID_0021236
21237,MREID_0021237
21238,MREID_0021238
21239,MREID_0021239
21240,MREID_0021240
21241,MREID_0021241
21242,MREID_0021242
21243,MREID_0021243
21244,MREID_0021245
21245,MREID_0021244
21246,MREID_0021246
21247,MREID_0021247
21248,MREID_0021248
21249,MREID_0021249
21250,MREID_0021250
21251,MREID_0021251
21252,MREID_0021252
21253,MREID_0021253
21254,MREID_0021254
21255,MREID_0021255
21256,MREID_0021256
21257,MREID_0021257
21258,MREID_0021258
21259,MREID_0021259
21260,MREID_0021260
21261,MREID_0021261
21262,MREID_0021262
21263,MREID_0021263
21264,MREID_0021264
21265,MREID_0021265
21266,MREID_0021266
21267,MREID_0021267
21268,MREID_0021268
21269,MREID_0021269
21270,MREID_0021270
21271,MREID_0021271
21272,MREID_0021272
21273,MREID_0021273
21274,MREID_0021274
21275,MREID_0021275
21276,MREID_0021276
21277,MREID_0021277
21278,MREID_0021278
21279,MREID_0021280
21280,MREID_0021279
21281,MREID_0021281
21282,MREID_0021282
21283,MREID_0021283
21284,MREID_0021284
21285,MREID_0021285
21286,MREID_0021286
21287,MREID_0021287
21288,MREID_0021288
21289,MREID_0021289
21290,MREID_0021290
21291,MREID_0021291
21292,MREID_0021292
21293,MREID_0021293
21294,MREID_0021294
21295,MREID_0021295
21296,MREID_0021296
21297,MREID_0021297
21298,MREID_0021298
21299,MREID_0021299
21300,MREID_0021300
21301,MREID_0021301
21302,MREID_0021302
21303,MREID_0021303
21304,MREID_0021304
21305,MREID_0021305
21306,MREID_0021306
21307,MREID_0021307
21308,MREID_0021308
21309,MREID_0021309
21310,MREID_0021310
21311,MREID_0021312
21312,MREID_0021311
21313,MREID_0021313
21314,MREID_0021314
21315,MREID_0021315
21316,MREID_0021316
21317,MREID_0021317
21318,MREID_0021318
21319,MREID_0021319
21320,MREID_0021320
21321,MREID_0021321
21322,MREID_0021322
21323,MREID_0021323
21324,MREID_0021324
21325,MREID_0021325
21326,MREID_0021326
21327,MREID_0021327
21328,MREID_0021328
21329,MREID_0021329
21330,MREID_0021330
21331,MREID_0021331
21332,MREID_0021332
21333,MREID_0021333
21334,MREID_0021334
21335,MREID_0021335
21336,MREID_0021336
21337,MREID_0021337
21338,MREID_0021338
21339,MREID_0021339
21340,MREID_0021340
21341,MREID_0021341
21342,MREID_0021342
21343,MREID_0021343
21344,MREID_0021344
21345,MREID_0021345
21346,MREID_0021346
21347,MREID_0021347
21348,MREID_0021348
21349,MREID_0021349
21350,MREID_0021350
21351,MREID_0021351
21352,MREID_0021352
21353,MREID_0021353
21354,MREID_0021354
21355,MREID_0021355
21356,MREID_0021356
21357,MREID_0021357
21358,MREID_0021358
21359,MREID_0021359
21360,MREID_0021360
21361,MREID_0021361
21362,MREID_0021362
21363,MREID_0021363
21364,MREID_0021364
21365,MREID_0021365
21366,MREID_0021366
21367,MREID_0021367
21368,MREID_0021368
21369,MREID_0021369
21370,MREID_0021370
21371,MREID_0021371
21372,MREID_0021372
21373,MREID_0021373
21374,MREID_0021374
21375,MREID_0021375
21376,MREID_0021376
21377,MREID_0021377
21378,MREID_0021378
21379,MREID_0021379
21380,MREID_0021380
21381,MREID_0021381
21382,MREID_0021382
21383,MREID_0021383
21384,MREID_0021384
21385,MREID_0021385
21386,MREID_0021386
21387,MREID_0021387
21388,MREID_0021388
21389,MREID_0021389
21390,MREID_0021390
21391,MREID_0021391
21392,MREID_0021392
21393,MREID_0021393
21394,MREID_0021394
21395,MREID_0021395
21396,MREID_0021396
21397,MREID_0021397
21398,MREID_0021398
21399,MREID_0021400
21400,MREID_0021399
21401,MREID_0021401
21402,MREID_0021402
21403,MREID_0021403
21404,MREID_0021404
21405,MREID_0021405
21406,MREID_0021407
21407,MREID_0021406
21408,MREID_0021408
21409,MREID_0021409
21410,MREID_0021410
21411,MREID_0021411
21412,MREID_0021412
21413,MREID_0021413
21414,MREID_0021414
21415,MREID_0021415
21416,MREID_0021416
21417,MREID_0021417
21418,MREID_0021418
21419,MREID_0021419
21420,MREID_0021420
21421,MREID_0021421
21422,MREID_0021422
21423,MREID_0021423
21424,MREID_0021424
21425,MREID_0021425
21426,MREID_0021426
21427,MREID_0021427
21428,MREID_0021428
21429,MREID_0021429
21430,MREID_0021430
21431,MREID_0021431
21432,MREID_0021432
21433,MREID_0021433
21434,MREID_0021434
21435,MREID_0021435
21436,MREID_0021436
21437,MREID_0021437
21438,MREID_0021438
21439,MREID_0021439
21440,MREID_0021440
21441,MREID_0021441
21442,MREID_0021442
21443,MREID_0021443
21444,MREID_0021444
21445,MREID_0021445
21446,MREID_0021446
21447,MREID_0021447
21448,MREID_0021448
21449,MREID_0021449
21450,MREID_0021450
21451,MREID_0021451
21452,MREID_0021452
21453,MREID_0021453
21454,MREID_0021454
21455,MREID_0021455
21456,MREID_0021456
21457,MREID_0021457
21458,MREID_0021458
21459,MREID_0021459
21460,MREID_0021460
21461,MREID_0021461
21462,MREID_0021462
21463,MREID_0021463
21464,MREID_0021464
21465,MREID_0021465
21466,MREID_0021466
21467,MREID_0021467
21468,MREID_0021468
21469,MREID_0021469
21470,MREID_0021470
21471,MREID_0021471
21472,MREID_0021472
21473,MREID_0021473
21474,MREID_0021474
21475,MREID_0021475
21476,MREID_0021476
21477,MREID_0021477
21478,MREID_0021478
21479,MREID_0021479
21480,MREID_0021480
21481,MREID_0021481
21482,MREID_0021482
21483,MREID_0021483
21484,MREID_0021484
21485,MREID_0021485
21486,MREID_0021486
21487,MREID_0021487
21488,MREID_0021488
21489,MREID_0021489
21490,MREID_0021490
21491,MREID_0021491
21492,MREID_0021492
21493,MREID_0021493
21494,MREID_0021494
21495,MREID_0021495
21496,MREID_0021496
21497,MREID_0021497
21498,MREID_0021498
21499,MREID_0021499
21500,MREID_0021500
21501,MREID_0021501
21502,MREID_0021502
21503,MREID_0021503
21504,MREID_0021504
21505,MREID_0021505
21506,MREID_0021506
21507,MREID_0021507
21508,MREID_0021508
21509,MREID_0021509
21510,MREID_0021510
21511,MREID_0021511
21512,MREID_0021512
21513,MREID_0021513
21514,MREID_0021514
21515,MREID_0021515
21516,MREID_0021516
21517,MREID_0021517
21518,MREID_0021518
21519,MREID_0021519
21520,MREID_0021520
21521,MREID_0021521
21522,MREID_0021522
21523,MREID_0021523
21524,MREID_0021524
21525,MREID_0021525
21526,MREID_0021526
21527,MREID_0021527
21528,MREID_0021528
21529,MREID_0021529
21530,MREID_0021530
21531,MREID_0021531
21532,MREID_0021532
21533,MREID_0021533
21534,MREID_0021534
21535,MREID_0021535
21536,MREID_0021536
21537,MREID_0021537
21538,MREID_0021538
21539,MREID_0021539
21540,MREID_0021540
21541,MREID_0021541
21542,MREID_0021542
21543,MREID_0021543
21544,MREID_0021544
21545,MREID_0021545
21546,MREID_0021546
21547,MREID_0021547
21548,MREID_0021548
21549,MREID_0021549
21550,MREID_0021550
21551,MREID_0021551
21552,MREID_0021552
21553,MREID_0021553
21554,MREID_0021554
21555,MREID_0021555
21556,MREID_0021556
21557,MREID_0021557
21558,MREID_0021558
21559,MREID_0021559
21560,MREID_0021560
21561,MREID_0021561
21562,MREID_0021562
21563,MREID_0021563
21564,MREID_0021564
21565,MREID_0021565
21566,MREID_0021566
21567,MREID_0021567
21568,MREID_0021568
21569,MREID_0021569
21570,MREID_0021570
21571,MREID_0021571
21572,MREID_0021572
21573,MREID_0021573
21574,MREID_0021574
21575,MREID_0021575
21576,MREID_0021576
21577,MREID_0021577
21578,MREID_0021578
21579,MREID_0021579
21580,MREID_0021580
21581,MREID_0021581
21582,MREID_0021582
21583,MREID_0021583
21584,MREID_0021584
21585,MREID_0021585
21586,MREID_0021586
21587,MREID_0021587
21588,MREID_0021588
21589,MREID_0021589
21590,MREID_0021590
21591,MREID_0021591
21592,MREID_0021592
21593,MREID_0021593
21594,MREID_0021594
21595,MREID_0021595
21596,MREID_0021596
21597,MREID_0021597
21598,MREID_0021598
21599,MREID_0021599
21600,MREID_0021600
21601,MREID_0021601
21602,MREID_0021602
21603,MREID_0021603
21604,MREID_0021604
21605,MREID_0021605
21606,MREID_0021606
21607,MREID_0021607
21608,MREID_0021608
21609,MREID_0021609
21610,MREID_0021610
21611,MREID_0021611
21612,MREID_0021612
21613,MREID_0021613
21614,MREID_0021614
21615,MREID_0021615
21616,MREID_0021616
21617,MREID_0021617
21618,MREID_0021618
21619,MREID_0021619
21620,MREID_0021620
21621,MREID_0021621
21622,MREID_0021622
21623,MREID_0021623
21624,MREID_0021624
21625,MREID_0021625
21626,MREID_0021626
21627,MREID_0021627
21628,MREID_0021628
21629,MREID_0021629
21630,MREID_0021630
21631,MREID_0021631
21632,MREID_0021632
21633,MREID_0021633
21634,MREID_0021634
21635,MREID_0021635
21636,MREID_0021636
21637,MREID_0021637
21638,MREID_0021638
21639,MREID_0021639
21640,MREID_0021640
21641,MREID_0021641
21642,MREID_0021642
21643,MREID_0021643
21644,MREID_0021644
21645,MREID_0021645
21646,MREID_0021646
21647,MREID_0021647
21648,MREID_0021648
21649,MREID_0021649
21650,MREID_0021650
21651,MREID_0021651
21652,MREID_0021652
21653,MREID_0021653
21654,MREID_0021654
21655,MREID_0021655
21656,MREID_0021656
21657,MREID_0021657
21658,MREID_0021658
21659,MREID_0021659
21660,MREID_0021660
21661,MREID_0021661
21662,MREID_0021662
21663,MREID_0021664
21664,MREID_0021663
21665,MREID_0021665
21666,MREID_0021666
21667,MREID_0021667
21668,MREID_0021668
21669,MREID_0021669
21670,MREID_0021670
21671,MREID_0021671
21672,MREID_0021672
21673,MREID_0021673
21674,MREID_0021674
21675,MREID_0021675
21676,MREID_0021676
21677,MREID_0021677
21678,MREID_0021678
21679,MREID_0021679
21680,MREID_0021680
21681,MREID_0021681
21682,MREID_0021682
21683,MREID_0021683
21684,MREID_0021684
21685,MREID_0021685
21686,MREID_0021686
21687,MREID_0021687
21688,MREID_0021688
21689,MREID_0021689
21690,MREID_0021690
21691,MREID_0021691
21692,MREID_0021692
21693,MREID_0021693
21694,MREID_0021694
21695,MREID_0021695
21696,MREID_0021696
21697,MREID_0021697
21698,MREID_0021698
21699,MREID_0021699
21700,MREID_0021700
21701,MREID_0021701
21702,MREID_0021702
21703,MREID_0021703
21704,MREID_0021704
21705,MREID_0021705
21706,MREID_0021706
21707,MREID_0021707
21708,MREID_0021708
21709,MREID_0021709
21710,MREID_0021710
21711,MREID_0021711
21712,MREID_0021712
21713,MREID_0021713
21714,MREID_0021714
21715,MREID_0021715
21716,MREID_0021716
21717,MREID_0021717
21718,MREID_0021718
21719,MREID_0021719
21720,MREID_0021720
21721,MREID_0021721
21722,MREID_0021722
21723,MREID_0021723
21724,MREID_0021724
21725,MREID_0021725
21726,MREID_0021726
21727,MREID_0021727
21728,MREID_0021728
21729,MREID_0021729
21730,MREID_0021730
21731,MREID_0021731
21732,MREID_0021732
21733,MREID_0021733
21734,MREID_0021734
21735,MREID_0021735
21736,MREID_0021736
21737,MREID_0021737
21738,MREID_0021738
21739,MREID_0021739
21740,MREID_0021740
21741,MREID_0021741
21742,MREID_0021742
21743,MREID_0021743
21744,MREID_0021744
21745,MREID_0021745
21746,MREID_0021746
21747,MREID_0021747
21748,MREID_0021748
21749,MREID_0021749
21750,MREID_0021750
21751,MREID_0021751
21752,MREID_0021752
21753,MREID_0021753
21754,MREID_0021754
21755,MREID_0021755
21756,MREID_0021756
21757,MREID_0021757
21758,MREID_0021758
21759,MREID_0021759
21760,MREID_0021760
21761,MREID_0021761
21762,MREID_0021762
21763,MREID_0021763
21764,MREID_0021764
21765,MREID_0021765
21766,MREID_0021766
21767,MREID_0021767
21768,MREID_0021768
21769,MREID_0021769
21770,MREID_0021770
21771,MREID_0021771
21772,MREID_0021772
21773,MREID_0021773
21774,MREID_0021774
21775,MREID_0021775
21776,MREID_0021776
21777,MREID_0021777
21778,MREID_0021778
21779,MREID_0021779
21780,MREID_0021780
21781,MREID_0021781
21782,MREID_0021782
21783,MREID_0021783
21784,MREID_0021784
21785,MREID_0021785
21786,MREID_0021786
21787,MREID_0021787
21788,MREID_0021788
21789,MREID_0021789
21790,MREID_0021790
21791,MREID_0021791
21792,MREID_0021792
21793,MREID_0021793
21794,MREID_0021794
21795,MREID_0021795
21796,MREID_0021796
21797,MREID_0021797
21798,MREID_0021798
21799,MREID_0021799
21800,MREID_0021800
21801,MREID_0021801
21802,MREID_0021802
21803,MREID_0021803
21804,MREID_0021804
21805,MREID_0021805
21806,MREID_0021806
21807,MREID_0021807
21808,MREID_0021808
21809,MREID_0021810
21810,MREID_0021811
21811,MREID_0021809
21812,MREID_0021812
21813,MREID_0021813
21814,MREID_0021814
21815,MREID_0021815
21816,MREID_0021816
21817,MREID_0021818
21818,MREID_0021817
21819,MREID_0021819
21820,MREID_0021820
21821,MREID_0021821
21822,MREID_0021822
21823,MREID_0021823
21824,MREID_0021824
21825,MREID_0021825
21826,MREID_0021826
21827,MREID_0021827
21828,MREID_0021828
21829,MREID_0021829
21830,MREID_0021830
21831,MREID_0021831
21832,MREID_0021832
21833,MREID_0021833
21834,MREID_0021834
21835,MREID_0021835
21836,MREID_0021836
21837,MREID_0021837
21838,MREID_0021838
21839,MREID_0021839
21840,MREID_0021840
21841,MREID_0021841
21842,MREID_0021842
21843,MREID_0021843
21844,MREID_0021844
21845,MREID_0021845
21846,MREID_0021846
21847,MREID_0021847
21848,MREID_0021848
21849,MREID_0021849
21850,MREID_0021850
21851,MREID_0021851
21852,MREID_0021852
21853,MREID_0021853
21854,MREID_0021854
21855,MREID_0021855
21856,MREID_0021856
21857,MREID_0021857
21858,MREID_0021858
21859,MREID_0021859
21860,MREID_0021860
21861,MREID_0021861
21862,MREID_0021862
21863,MREID_0021863
21864,MREID_0021864
21865,MREID_0021865
21866,MREID_0021866
21867,MREID_0021867
21868,MREID_0021868
21869,MREID_0021869
21870,MREID_0021870
21871,MREID_0021871
21872,MREID_0021872
21873,MREID_0021873
21874,MREID_0021874
21875,MREID_0021875
21876,MREID_0021876
21877,MREID_0021877
21878,MREID_0021878
21879,MREID_0021879
21880,MREID_0021880
21881,MREID_0021881
21882,MREID_0021882
21883,MREID_0021883
21884,MREID_0021884
21885,MREID_0021885
21886,MREID_0021886
21887,MREID_0021887
21888,MREID_0021888
21889,MREID_0021889
21890,MREID_0021890
21891,MREID_0021891
21892,MREID_0021892
21893,MREID_0021893
21894,MREID_0021894
21895,MREID_0021895
21896,MREID_0021896
21897,MREID_0021897
21898,MREID_0021898
21899,MREID_0021899
21900,MREID_0021900
21901,MREID_0021901
21902,MREID_0021902
21903,MREID_0021903
21904,MREID_0021904
21905,MREID_0021905
21906,MREID_0021906
21907,MREID_0021907
21908,MREID_0021908
21909,MREID_0021909
21910,MREID_0021910
21911,MREID_0021911
21912,MREID_0021912
21913,MREID_0021913
21914,MREID_0021914
21915,MREID_0021915
21916,MREID_0021916
21917,MREID_0021917
21918,MREID_0021918
21919,MREID_0021919
21920,MREID_0021920
21921,MREID_0021921
21922,MREID_0021922
21923,MREID_0021923
21924,MREID_0021924
21925,MREID_0021925
21926,MREID_0021926
21927,MREID_0021927
21928,MREID_0021928
21929,MREID_0021929
21930,MREID_0021930
21931,MREID_0021931
21932,MREID_0021932
21933,MREID_0021933
21934,MREID_0021934
21935,MREID_0021935
21936,MREID_0021936
21937,MREID_0021937
21938,MREID_0021938
21939,MREID_0021939
21940,MREID_0021940
21941,MREID_0021941
21942,MREID_0021942
21943,MREID_0021943
21944,MREID_0021944
21945,MREID_0021945
21946,MREID_0021946
21947,MREID_0021947
21948,MREID_0021948
21949,MREID_0021949
21950,MREID_0021950
21951,MREID_0021951
21952,MREID_0021952
21953,MREID_0021953
21954,MREID_0021954
21955,MREID_0021955
21956,MREID_0021956
21957,MREID_0021957
21958,MREID_0021958
21959,MREID_0021959
21960,MREID_0021960
21961,MREID_0021961
21962,MREID_0021962
21963,MREID_0021963
21964,MREID_0021964
21965,MREID_0021965
21966,MREID_0021966
21967,MREID_0021967
21968,MREID_0021968
21969,MREID_0021969
21970,MREID_0021970
21971,MREID_0021971
21972,MREID_0021972
21973,MREID_0021973
21974,MREID_0021974
21975,MREID_0021975
21976,MREID_0021976
21977,MREID_0021977
21978,MREID_0021978
21979,MREID_0021979
21980,MREID_0021980
21981,MREID_0021981
21982,MREID_0021982
21983,MREID_0021983
21984,MREID_0021984
21985,MREID_0021985
21986,MREID_0021986
21987,MREID_0021987
21988,MREID_0021988
21989,MREID_0021989
21990,MREID_0021990
21991,MREID_0021991
21992,MREID_0021992
21993,MREID_0021993
21994,MREID_0021994
21995,MREID_0021995
21996,MREID_0021996
21997,MREID_0021997
21998,MREID_0021998
21999,MREID_0021999
22000,MREID_0022000
22001,MREID_0022001
22002,MREID_0022002
22003,MREID_0022003
22004,MREID_0022004
22005,MREID_0022005
22006,MREID_0022006
22007,MREID_0022007
22008,MREID_0022008
22009,MREID_0022009
22010,MREID_0022010
22011,MREID_0022011
22012,MREID_0022012
22013,MREID_0022013
22014,MREID_0022014
22015,MREID_0022016
22016,MREID_0022015
22017,MREID_0022017
22018,MREID_0022018
22019,MREID_0022019
22020,MREID_0022020
22021,MREID_0022021
22022,MREID_0022022
22023,MREID_0022023
22024,MREID_0022024
22025,MREID_0022025
22026,MREID_0022026
22027,MREID_0022027
22028,MREID_0022028
22029,MREID_0022029
22030,MREID_0022030
22031,MREID_0022031
22032,MREID_0022032
22033,MREID_0022033
22034,MREID_0022034
22035,MREID_0022035
22036,MREID_0022036
22037,MREID_0022037
22038,MREID_0022038
22039,MREID_0022039
22040,MREID_0022040
22041,MREID_0022041
22042,MREID_0022042
22043,MREID_0022043
22044,MREID_0022044
22045,MREID_0022045
22046,MREID_0022046
22047,MREID_0022047
22048,MREID_0022049
22049,MREID_0022048
22050,MREID_0022050
22051,MREID_0022051
22052,MREID_0022052
22053,MREID_0022053
22054,MREID_0022054
22055,MREID_0022055
22056,MREID_0022056
22057,MREID_0022057
22058,MREID_0022058
22059,MREID_0022059
22060,MREID_0022060
22061,MREID_0022061
22062,MREID_0022062
22063,MREID_0022063
22064,MREID_0022064
22065,MREID_0022065
22066,MREID_0022066
22067,MREID_0022067
22068,MREID_0022068
22069,MREID_0022069
22070,MREID_0022070
22071,MREID_0022071
22072,MREID_0022072
22073,MREID_0022073
22074,MREID_0022074
22075,MREID_0022075
22076,MREID_0022076
22077,MREID_0022077
22078,MREID_0022078
22079,MREID_0022079
22080,MREID_0022080
22081,MREID_0022081
22082,MREID_0022082
22083,MREID_0022083
22084,MREID_0022084
22085,MREID_0022085
22086,MREID_0022086
22087,MREID_0022087
22088,MREID_0022088
22089,MREID_0022089
22090,MREID_0022090
22091,MREID_0022091
22092,MREID_0022092
22093,MREID_0022093
22094,MREID_0022094
22095,MREID_0022095
22096,MREID_0022096
22097,MREID_0022097
22098,MREID_0022098
22099,MREID_0022099
22100,MREID_0022100
22101,MREID_0022101
22102,MREID_0022102
22103,MREID_0022103
22104,MREID_0022104
22105,MREID_0022105
22106,MREID_0022106
22107,MREID_0022107
22108,MREID_0022108
22109,MREID_0022109
22110,MREID_0022110
22111,MREID_0022111
22112,MREID_0022112
22113,MREID_0022113
22114,MREID_0022114
22115,MREID_0022115
22116,MREID_0022116
22117,MREID_0022117
22118,MREID_0022118
22119,MREID_0022119
22120,MREID_0022120
22121,MREID_0022121
22122,MREID_0022122
22123,MREID_0022123
22124,MREID_0022124
22125,MREID_0022125
22126,MREID_0022126
22127,MREID_0022127
22128,MREID_0022128
22129,MREID_0022129
22130,MREID_0022130
22131,MREID_0022131
22132,MREID_0022132
22133,MREID_0022133
22134,MREID_0022135
22135,MREID_0022134
22136,MREID_0022136
22137,MREID_0022137
22138,MREID_0022138
22139,MREID_0022139
22140,MREID_0022140
22141,MREID_0022141
22142,MREID_0022143
22143,MREID_0022142
22144,MREID_0022144
22145,MREID_0022145
22146,MREID_0022146
22147,MREID_0022147
22148,MREID_0022148
22149,MREID_0022149
22150,MREID_0022150
22151,MREID_0022151
22152,MREID_0022152
22153,MREID_0022153
22154,MREID_0022154
22155,MREID_0022155
22156,MREID_0022156
22157,MREID_0022157
22158,MREID_0022158
22159,MREID_0022159
22160,MREID_0022160
22161,MREID_0022161
22162,MREID_0022162
22163,MREID_0022163
22164,MREID_0022164
22165,MREID_0022165
22166,MREID_0022166
22167,MREID_0022167
22168,MREID_0022168
22169,MREID_0022169
22170,MREID_0022170
22171,MREID_0022171
22172,MREID_0022172
22173,MREID_0022173
22174,MREID_0022174
22175,MREID_0022175
22176,MREID_0022176
22177,MREID_0022177
22178,MREID_0022178
22179,MREID_0022179
22180,MREID_0022180
22181,MREID_0022181
22182,MREID_0022182
22183,MREID_0022183
22184,MREID_0022184
22185,MREID_0022185
22186,MREID_0022186
22187,MREID_0022187
22188,MREID_0022188
22189,MREID_0022189
22190,MREID_0022190
22191,MREID_0022191
22192,MREID_0022192
22193,MREID_0022193
22194,MREID_0022194
22195,MREID_0022195
22196,MREID_0022196
22197,MREID_0022197
22198,MREID_0022198
22199,MREID_0022199
22200,MREID_0022200
22201,MREID_0022201
22202,MREID_0022202
22203,MREID_0022203
22204,MREID_0022204
22205,MREID_0022205
22206,MREID_0022206
22207,MREID_0022207
22208,MREID_0022208
22209,MREID_0022209
22210,MREID_0022210
22211,MREID_0022211
22212,MREID_0022212
22213,MREID_0022213
22214,MREID_0022214
22215,MREID_0022215
22216,MREID_0022216
22217,MREID_0022217
22218,MREID_0022218
22219,MREID_0022219
22220,MREID_0022220
22221,MREID_0022221
22222,MREID_0022222
22223,MREID_0022223
22224,MREID_0022224
22225,MREID_0022225
22226,MREID_0022226
22227,MREID_0022227
22228,MREID_0022228
22229,MREID_0022229
22230,MREID_0022230
22231,MREID_0022231
22232,MREID_0022232
22233,MREID_0022233
22234,MREID_0022234
22235,MREID_0022235
22236,MREID_0022236
22237,MREID_0022237
22238,MREID_0022238
22239,MREID_0022239
22240,MREID_0022240
22241,MREID_0022241
22242,MREID_0022242
22243,MREID_0022243
22244,MREID_0022244
22245,MREID_0022245
22246,MREID_0022247
22247,MREID_0022246
22248,MREID_0022248
22249,MREID_0022249
22250,MREID_0022250
22251,MREID_0022251
22252,MREID_0022252
22253,MREID_0022253
22254,MREID_0022254
22255,MREID_0022255
22256,MREID_0022256
22257,MREID_0022257
22258,MREID_0022258
22259,MREID_0022259
22260,MREID_0022260
22261,MREID_0022261
22262,MREID_0022262
22263,MREID_0022263
22264,MREID_0022264
22265,MREID_0022265
22266,MREID_0022266
22267,MREID_0022267
22268,MREID_0022268
22269,MREID_0022269
22270,MREID_0022270
22271,MREID_0022271
22272,MREID_0022272
22273,MREID_0022273
22274,MREID_0022274
22275,MREID_0022275
22276,MREID_0022276
22277,MREID_0022277
22278,MREID_0022278
22279,MREID_0022279
22280,MREID_0022280
22281,MREID_0022281
22282,MREID_0022282
22283,MREID_0022283
22284,MREID_0022284
22285,MREID_0022285
22286,MREID_0022286
22287,MREID_0022287
22288,MREID_0022288
22289,MREID_0022289
22290,MREID_0022290
22291,MREID_0022291
22292,MREID_0022292
22293,MREID_0022293
22294,MREID_0022294
22295,MREID_0022295
22296,MREID_0022296
22297,MREID_0022297
22298,MREID_0022298
22299,MREID_0022299
22300,MREID_0022300
22301,MREID_0022301
22302,MREID_0022302
22303,MREID_0022303
22304,MREID_0022304
22305,MREID_0022305
22306,MREID_0022306
22307,MREID_0022307
22308,MREID_0022308
22309,MREID_0022309
22310,MREID_0022310
22311,MREID_0022311
22312,MREID_0022312
22313,MREID_0022313
22314,MREID_0022314
22315,MREID_0022315
22316,MREID_0022316
22317,MREID_0022317
22318,MREID_0022318
22319,MREID_0022319
22320,MREID_0022320
22321,MREID_0022321
22322,MREID_0022322
22323,MREID_0022323
22324,MREID_0022324
22325,MREID_0022325
22326,MREID_0022326
22327,MREID_0022327
22328,MREID_0022328
22329,MREID_0022329
22330,MREID_0022330
22331,MREID_0022331
22332,MREID_0022332
22333,MREID_0022333
22334,MREID_0022334
22335,MREID_0022335
22336,MREID_0022336
22337,MREID_0022337
22338,MREID_0022338
22339,MREID_0022339
22340,MREID_0022340
22341,MREID_0022341
22342,MREID_0022342
22343,MREID_0022343
22344,MREID_0022344
22345,MREID_0022345
22346,MREID_0022346
22347,MREID_0022347
22348,MREID_0022348
22349,MREID_0022349
22350,MREID_0022350
22351,MREID_0022351
22352,MREID_0022352
22353,MREID_0022353
22354,MREID_0022354
22355,MREID_0022355
22356,MREID_0022356
22357,MREID_0022357
22358,MREID_0022358
22359,MREID_0022359
22360,MREID_0022360
22361,MREID_0022361
22362,MREID_0022362
22363,MREID_0022363
22364,MREID_0022364
22365,MREID_0022365
22366,MREID_0022366
22367,MREID_0022367
22368,MREID_0022368
22369,MREID_0022369
22370,MREID_0022370
22371,MREID_0022371
22372,MREID_0022372
22373,MREID_0022373
22374,MREID_0022374
22375,MREID_0022375
22376,MREID_0022376
22377,MREID_0022377
22378,MREID_0022378
22379,MREID_0022379
22380,MREID_0022380
22381,MREID_0022381
22382,MREID_0022382
22383,MREID_0022383
22384,MREID_0022384
22385,MREID_0022385
22386,MREID_0022386
22387,MREID_0022387
22388,MREID_0022388
22389,MREID_0022389
22390,MREID_0022390
22391,MREID_0022391
22392,MREID_0022392
22393,MREID_0022393
22394,MREID_0022394
22395,MREID_0022395
22396,MREID_0022396
22397,MREID_0022397
22398,MREID_0022398
22399,MREID_0022399
22400,MREID_0022400
22401,MREID_0022401
22402,MREID_0022402
22403,MREID_0022403
22404,MREID_0022404
22405,MREID_0022405
22406,MREID_0022406
22407,MREID_0022407
22408,MREID_0022408
22409,MREID_0022409
22410,MREID_0022410
22411,MREID_0022411
22412,MREID_0022412
22413,MREID_0022413
22414,MREID_0022414
22415,MREID_0022415
22416,MREID_0022416
22417,MREID_0022417
22418,MREID_0022418
22419,MREID_0022419
22420,MREID_0022420
22421,MREID_0022421
22422,MREID_0022422
22423,MREID_0022423
22424,MREID_0022424
22425,MREID_0022425
22426,MREID_0022426
22427,MREID_0022427
22428,MREID_0022428
22429,MREID_0022429
22430,MREID_0022430
22431,MREID_0022431
22432,MREID_0022432
22433,MREID_0022434
22434,MREID_0022433
22435,MREID_0022435
22436,MREID_0022436
22437,MREID_0022437
22438,MREID_0022438
22439,MREID_0022439
22440,MREID_0022440
22441,MREID_0022441
22442,MREID_0022442
22443,MREID_0022443
22444,MREID_0022444
22445,MREID_0022445
22446,MREID_0022446
22447,MREID_0022447
22448,MREID_0022448
22449,MREID_0022449
22450,MREID_0022450
22451,MREID_0022451
22452,MREID_0022452
22453,MREID_0022453
22454,MREID_0022454
22455,MREID_0022455
22456,MREID_0022456
22457,MREID_0022457
22458,MREID_0022458
22459,MREID_0022459
22460,MREID_0022460
22461,MREID_0022461
22462,MREID_0022462
22463,MREID_0022463
22464,MREID_0022465
22465,MREID_0022464
22466,MREID_0022466
22467,MREID_0022467
22468,MREID_0022468
22469,MREID_0022469
22470,MREID_0022470
22471,MREID_0022471
22472,MREID_0022472
22473,MREID_0022473
22474,MREID_0022474
22475,MREID_0022475
22476,MREID_0022476
22477,MREID_0022477
22478,MREID_0022479
22479,MREID_0022478
22480,MREID_0022480
22481,MREID_0022481
22482,MREID_0022482
22483,MREID_0022483
22484,MREID_0022484
22485,MREID_0022485
22486,MREID_0022486
22487,MREID_0022487
22488,MREID_0022488
22489,MREID_0022489
22490,MREID_0022490
22491,MREID_0022491
22492,MREID_0022492
22493,MREID_0022493
22494,MREID_0022494
22495,MREID_0022495
22496,MREID_0022496
22497,MREID_0022497
22498,MREID_0022498
22499,MREID_0022499
22500,MREID_0022500
22501,MREID_0022501
22502,MREID_0022502
22503,MREID_0022503
22504,MREID_0022504
22505,MREID_0022505
22506,MREID_0022506
22507,MREID_0022507
22508,MREID_0022508
22509,MREID_0022509
22510,MREID_0022510
22511,MREID_0022511
22512,MREID_0022512
22513,MREID_0022513
22514,MREID_0022514
22515,MREID_0022515
22516,MREID_0022516
22517,MREID_0022517
22518,MREID_0022518
22519,MREID_0022519
22520,MREID_0022520
22521,MREID_0022521
22522,MREID_0022522
22523,MREID_0022523
22524,MREID_0022524
22525,MREID_0022525
22526,MREID_0022526
22527,MREID_0022527
22528,MREID_0022528
22529,MREID_0022529
22530,MREID_0022530
22531,MREID_0022531
22532,MREID_0022532
22533,MREID_0022533
22534,MREID_0022534
22535,MREID_0022535
22536,MREID_0022536
22537,MREID_0022537
22538,MREID_0022538
22539,MREID_0022539
22540,MREID_0022540
22541,MREID_0022541
22542,MREID_0022542
22543,MREID_0022543
22544,MREID_0022544
22545,MREID_0022545
22546,MREID_0022546
22547,MREID_0022547
22548,MREID_0022548
22549,MREID_0022549
22550,MREID_0022550
22551,MREID_0022551
22552,MREID_0022552
22553,MREID_0022553
22554,MREID_0022554
22555,MREID_0022555
22556,MREID_0022556
22557,MREID_0022557
22558,MREID_0022558
22559,MREID_0022559
22560,MREID_0022560
22561,MREID_0022561
22562,MREID_0022562
22563,MREID_0022563
22564,MREID_0022564
22565,MREID_0022565
22566,MREID_0022566
22567,MREID_0022567
22568,MREID_0022568
22569,MREID_0022569
22570,MREID_0022570
22571,MREID_0022571
22572,MREID_0022572
22573,MREID_0022573
22574,MREID_0022574
22575,MREID_0022575
22576,MREID_0022576
22577,MREID_0022577
22578,MREID_0022578
22579,MREID_0022579
22580,MREID_0022580
22581,MREID_0022581
22582,MREID_0022582
22583,MREID_0022583
22584,MREID_0022584
22585,MREID_0022585
22586,MREID_0022586
22587,MREID_0022587
22588,MREID_0022588
22589,MREID_0022589
22590,MREID_0022590
22591,MREID_0022591
22592,MREID_0022592
22593,MREID_0022593
22594,MREID_0022594
22595,MREID_0022595
22596,MREID_0022596
22597,MREID_0022597
22598,MREID_0022598
22599,MREID_0022599
22600,MREID_0022600
22601,MREID_0022601
22602,MREID_0022602
22603,MREID_0022603
22604,MREID_0022604
22605,MREID_0022605
22606,MREID_0022606
22607,MREID_0022607
22608,MREID_0022608
22609,MREID_0022609
22610,MREID_0022610
22611,MREID_0022611
22612,MREID_0022612
22613,MREID_0022613
22614,MREID_0022614
22615,MREID_0022615
22616,MREID_0022616
22617,MREID_0022617
22618,MREID_0022618
22619,MREID_0022619
22620,MREID_0022620
22621,MREID_0022621
22622,MREID_0022622
22623,MREID_0022623
22624,MREID_0022624
22625,MREID_0022625
22626,MREID_0022626
22627,MREID_0022627
22628,MREID_0022628
22629,MREID_0022629
22630,MREID_0022630
22631,MREID_0022631
22632,MREID_0022632
22633,MREID_0022633
22634,MREID_0022634
22635,MREID_0022635
22636,MREID_0022636
22637,MREID_0022637
22638,MREID_0022638
22639,MREID_0022639
22640,MREID_0022640
22641,MREID_0022641
22642,MREID_0022642
22643,MREID_0022643
22644,MREID_0022644
22645,MREID_0022645
22646,MREID_0022646
22647,MREID_0022647
22648,MREID_0022648
22649,MREID_0022649
22650,MREID_0022650
22651,MREID_0022651
22652,MREID_0022652
22653,MREID_0022653
22654,MREID_0022654
22655,MREID_0022655
22656,MREID_0022656
22657,MREID_0022657
22658,MREID_0022658
22659,MREID_0022659
22660,MREID_0022660
22661,MREID_0022661
22662,MREID_0022662
22663,MREID_0022663
22664,MREID_0022664
22665,MREID_0022665
22666,MREID_0022666
22667,MREID_0022667
22668,MREID_0022668
22669,MREID_0022669
22670,MREID_0022670
22671,MREID_0022671
22672,MREID_0022672
22673,MREID_0022673
22674,MREID_0022674
22675,MREID_0022675
22676,MREID_0022676
22677,MREID_0022677
22678,MREID_0022678
22679,MREID_0022679
22680,MREID_0022680
22681,MREID_0022681
22682,MREID_0022682
22683,MREID_0022683
22684,MREID_0022684
22685,MREID_0022685
22686,MREID_0022686
22687,MREID_0022687
22688,MREID_0022688
22689,MREID_0022689
22690,MREID_0022690
22691,MREID_0022691
22692,MREID_0022692
22693,MREID_0022693
22694,MREID_0022694
22695,MREID_0022695
22696,MREID_0022696
22697,MREID_0022697
22698,MREID_0022698
22699,MREID_0022699
22700,MREID_0022700
22701,MREID_0022701
22702,MREID_0022702
22703,MREID_0022703
22704,MREID_0022704
22705,MREID_0022705
22706,MREID_0022706
22707,MREID_0022707
22708,MREID_0022708
22709,MREID_0022709
22710,MREID_0022710
22711,MREID_0022711
22712,MREID_0022712
22713,MREID_0022713
22714,MREID_0022714
22715,MREID_0022715
22716,MREID_0022717
22717,MREID_0022716
22718,MREID_0022718
22719,MREID_0022719
22720,MREID_0022720
22721,MREID_0022721
22722,MREID_0022722
22723,MREID_0022723
22724,MREID_0022724
22725,MREID_0022725
22726,MREID_0022726
22727,MREID_0022727
22728,MREID_0022728
22729,MREID_0022729
22730,MREID_0022730
22731,MREID_0022731
22732,MREID_0022732
22733,MREID_0022733
22734,MREID_0022734
22735,MREID_0022735
22736,MREID_0022736
22737,MREID_0022737
22738,MREID_0022738
22739,MREID_0022739
22740,MREID_0022740
22741,MREID_0022741
22742,MREID_0022742
22743,MREID_0022743
22744,MREID_0022744
22745,MREID_0022745
22746,MREID_0022746
22747,MREID_0022747
22748,MREID_0022748
22749,MREID_0022749
22750,MREID_0022750
22751,MREID_0022751
22752,MREID_0022752
22753,MREID_0022753
22754,MREID_0022754
22755,MREID_0022755
22756,MREID_0022756
22757,MREID_0022757
22758,MREID_0022758
22759,MREID_0022759
22760,MREID_0022760
22761,MREID_0022761
22762,MREID_0022762
22763,MREID_0022763
22764,MREID_0022764
22765,MREID_0022765
22766,MREID_0022766
22767,MREID_0022767
22768,MREID_0022768
22769,MREID_0022769
22770,MREID_0022770
22771,MREID_0022771
22772,MREID_0022772
22773,MREID_0022773
22774,MREID_0022774
22775,MREID_0022775
22776,MREID_0022776
22777,MREID_0022777
22778,MREID_0022778
22779,MREID_0022779
22780,MREID_0022780
22781,MREID_0022781
22782,MREID_0022782
22783,MREID_0022783
22784,MREID_0022784
22785,MREID_0022785
22786,MREID_0022786
22787,MREID_0022787
22788,MREID_0022788
22789,MREID_0022789
22790,MREID_0022790
22791,MREID_0022791
22792,MREID_0022792
22793,MREID_0022793
22794,MREID_0022794
22795,MREID_0022795
22796,MREID_0022796
22797,MREID_0022797
22798,MREID_0022798
22799,MREID_0022799
22800,MREID_0022800
22801,MREID_0022801
22802,MREID_0022802
22803,MREID_0022803
22804,MREID_0022804
22805,MREID_0022805
22806,MREID_0022806
22807,MREID_0022807
22808,MREID_0022808
22809,MREID_0022809
22810,MREID_0022810
22811,MREID_0022811
22812,MREID_0022812
22813,MREID_0022813
22814,MREID_0022814
22815,MREID_0022815
22816,MREID_0022816
22817,MREID_0022817
22818,MREID_0022818
22819,MREID_0022819
22820,MREID_0022820
22821,MREID_0022821
22822,MREID_0022822
22823,MREID_0022823
22824,MREID_0022824
22825,MREID_0022825
22826,MREID_0022826
22827,MREID_0022827
22828,MREID_0022828
22829,MREID_0022829
22830,MREID_0022830
22831,MREID_0022831
22832,MREID_0022832
22833,MREID_0022833
22834,MREID_0022834
22835,MREID_0022835
22836,MREID_0022836
22837,MREID_0022837
22838,MREID_0022838
22839,MREID_0022839
22840,MREID_0022840
22841,MREID_0022841
22842,MREID_0022842
22843,MREID_0022843
22844,MREID_0022844
22845,MREID_0022845
22846,MREID_0022846
22847,MREID_0022847
22848,MREID_0022848
22849,MREID_0022849
22850,MREID_0022850
22851,MREID_0022851
22852,MREID_0022852
22853,MREID_0022853
22854,MREID_0022854
22855,MREID_0022855
22856,MREID_0022856
22857,MREID_0022857
22858,MREID_0022858
22859,MREID_0022859
22860,MREID_0022860
22861,MREID_0022861
22862,MREID_0022862
22863,MREID_0022863
22864,MREID_0022864
22865,MREID_0022865
22866,MREID_0022866
22867,MREID_0022867
22868,MREID_0022868
22869,MREID_0022869
22870,MREID_0022870
22871,MREID_0022871
22872,MREID_0022872
22873,MREID_0022873
22874,MREID_0022874
22875,MREID_0022875
22876,MREID_0022876
22877,MREID_0022877
22878,MREID_0022878
22879,MREID_0022879
22880,MREID_0022880
22881,MREID_0022881
22882,MREID_0022882
22883,MREID_0022883
22884,MREID_0022884
22885,MREID_0022885
22886,MREID_0022886
22887,MREID_0022887
22888,MREID_0022888
22889,MREID_0022889
22890,MREID_0022890
22891,MREID_0022891
22892,MREID_0022892
22893,MREID_0022893
22894,MREID_0022894
22895,MREID_0022895
22896,MREID_0022896
22897,MREID_0022897
22898,MREID_0022898
22899,MREID_0022899
22900,MREID_0022900
22901,MREID_0022901
22902,MREID_0022902
22903,MREID_0022903
22904,MREID_0022904
22905,MREID_0022905
22906,MREID_0022906
22907,MREID_0022907
22908,MREID_0022908
22909,MREID_0022909
22910,MREID_0022910
22911,MREID_0022911
22912,MREID_0022912
22913,MREID_0022913
22914,MREID_0022914
22915,MREID_0022915
22916,MREID_0022916
22917,MREID_0022917
22918,MREID_0022918
22919,MREID_0022919
22920,MREID_0022920
22921,MREID_0022921
22922,MREID_0022922
22923,MREID_0022923
22924,MREID_0022924
22925,MREID_0022925
22926,MREID_0022926
22927,MREID_0022927
22928,MREID_0022928
22929,MREID_0022929
22930,MREID_0022930
22931,MREID_0022931
22932,MREID_0022932
22933,MREID_0022933
22934,MREID_0022934
22935,MREID_0022935
22936,MREID_0022936
22937,MREID_0022937
22938,MREID_0022938
22939,MREID_0022939
22940,MREID_0022940
22941,MREID_0022941
22942,MREID_0022942
22943,MREID_0022943
22944,MREID_0022944
22945,MREID_0022945
22946,MREID_0022946
22947,MREID_0022947
22948,MREID_0022948
22949,MREID_0022949
22950,MREID_0022950
22951,MREID_0022951
22952,MREID_0022952
22953,MREID_0022953
22954,MREID_0022954
22955,MREID_0022955
22956,MREID_0022956
22957,MREID_0022957
22958,MREID_0022958
22959,MREID_0022959
22960,MREID_0022960
22961,MREID_0022961
22962,MREID_0022962
22963,MREID_0022963
22964,MREID_0022964
22965,MREID_0022965
22966,MREID_0022966
22967,MREID_0022967
22968,MREID_0022968
22969,MREID_0022969
22970,MREID_0022970
22971,MREID_0022971
22972,MREID_0022972
22973,MREID_0022973
22974,MREID_0022974
22975,MREID_0022975
22976,MREID_0022976
22977,MREID_0022977
22978,MREID_0022978
22979,MREID_0022979
22980,MREID_0022980
22981,MREID_0022981
22982,MREID_0022982
22983,MREID_0022983
22984,MREID_0022984
22985,MREID_0022985
22986,MREID_0022986
22987,MREID_0022987
22988,MREID_0022988
22989,MREID_0022989
22990,MREID_0022990
22991,MREID_0022991
22992,MREID_0022992
22993,MREID_0022993
22994,MREID_0022994
22995,MREID_0022995
22996,MREID_0022996
22997,MREID_0022997
22998,MREID_0022998
22999,MREID_0022999
23000,MREID_0023000
23001,MREID_0023001
23002,MREID_0023002
23003,MREID_0023003
23004,MREID_0023004
23005,MREID_0023005
23006,MREID_0023006
23007,MREID_0023007
23008,MREID_0023008
23009,MREID_0023009
23010,MREID_0023010
23011,MREID_0023011
23012,MREID_0023012
23013,MREID_0023013
23014,MREID_0023014
23015,MREID_0023015
23016,MREID_0023016
23017,MREID_0023017
23018,MREID_0023018
23019,MREID_0023019
23020,MREID_0023022
23021,MREID_0023021
23022,MREID_0023023
23023,MREID_0023020
23024,MREID_0023024
23025,MREID_0023025
23026,MREID_0023026
23027,MREID_0023027
23028,MREID_0023028
23029,MREID_0023029
23030,MREID_0023030
23031,MREID_0023031
23032,MREID_0023032
23033,MREID_0023033
23034,MREID_0023034
23035,MREID_0023035
23036,MREID_0023036
23037,MREID_0023037
23038,MREID_0023038
23039,MREID_0023039
23040,MREID_0023040
23041,MREID_0023041
23042,MREID_0023042
23043,MREID_0023043
23044,MREID_0023044
23045,MREID_0023045
23046,MREID_0023046
23047,MREID_0023047
23048,MREID_0023048
23049,MREID_0023049
23050,MREID_0023050
23051,MREID_0023051
23052,MREID_0023052
23053,MREID_0023053
23054,MREID_0023054
23055,MREID_0023055
23056,MREID_0023056
23057,MREID_0023057
23058,MREID_0023058
23059,MREID_0023059
23060,MREID_0023060
23061,MREID_0023061
23062,MREID_0023062
23063,MREID_0023063
23064,MREID_0023064
23065,MREID_0023065
23066,MREID_0023066
23067,MREID_0023067
23068,MREID_0023068
23069,MREID_0023069
23070,MREID_0023070
23071,MREID_0023071
23072,MREID_0023072
23073,MREID_0023073
23074,MREID_0023074
23075,MREID_0023075
23076,MREID_0023076
23077,MREID_0023077
23078,MREID_0023078
23079,MREID_0023079
23080,MREID_0023080
23081,MREID_0023081
23082,MREID_0023082
23083,MREID_0023083
23084,MREID_0023084
23085,MREID_0023085
23086,MREID_0023086
23087,MREID_0023087
23088,MREID_0023088
23089,MREID_0023089
23090,MREID_0023090
23091,MREID_0023091
23092,MREID_0023092
23093,MREID_0023093
23094,MREID_0023094
23095,MREID_0023095
23096,MREID_0023096
23097,MREID_0023097
23098,MREID_0023098
23099,MREID_0023099
23100,MREID_0023100
23101,MREID_0023101
23102,MREID_0023102
23103,MREID_0023103
23104,MREID_0023104
23105,MREID_0023105
23106,MREID_0023106
23107,MREID_0023107
23108,MREID_0023108
23109,MREID_0023109
23110,MREID_0023110
23111,MREID_0023111
23112,MREID_0023112
23113,MREID_0023113
23114,MREID_0023114
23115,MREID_0023115
23116,MREID_0023116
23117,MREID_0023117
23118,MREID_0023118
23119,MREID_0023119
23120,MREID_0023120
23121,MREID_0023121
23122,MREID_0023122
23123,MREID_0023123
23124,MREID_0023124
23125,MREID_0023125
23126,MREID_0023126
23127,MREID_0023127
23128,MREID_0023128
23129,MREID_0023130
23130,MREID_0023129
23131,MREID_0023131
23132,MREID_0023133
23133,MREID_0023132
23134,MREID_0023134
23135,MREID_0023135
23136,MREID_0023136
23137,MREID_0023137
23138,MREID_0023138
23139,MREID_0023139
23140,MREID_0023140
23141,MREID_0023141
23142,MREID_0023142
23143,MREID_0023143
23144,MREID_0023144
23145,MREID_0023145
23146,MREID_0023146
23147,MREID_0023147
23148,MREID_0023148
23149,MREID_0023149
23150,MREID_0023150
23151,MREID_0023151
23152,MREID_0023152
23153,MREID_0023153
23154,MREID_0023154
23155,MREID_0023155
23156,MREID_0023156
23157,MREID_0023157
23158,MREID_0023158
23159,MREID_0023159
23160,MREID_0023160
23161,MREID_0023161
23162,MREID_0023162
23163,MREID_0023163
23164,MREID_0023164
23165,MREID_0023165
23166,MREID_0023166
23167,MREID_0023167
23168,MREID_0023168
23169,MREID_0023169
23170,MREID_0023170
23171,MREID_0023171
23172,MREID_0023173
23173,MREID_0023172
23174,MREID_0023174
23175,MREID_0023175
23176,MREID_0023177
23177,MREID_0023176
23178,MREID_0023178
23179,MREID_0023179
23180,MREID_0023180
23181,MREID_0023181
23182,MREID_0023182
23183,MREID_0023183
23184,MREID_0023184
23185,MREID_0023185
23186,MREID_0023186
23187,MREID_0023187
23188,MREID_0023188
23189,MREID_0023189
23190,MREID_0023190
23191,MREID_0023191
23192,MREID_0023192
23193,MREID_0023193
23194,MREID_0023194
23195,MREID_0023195
23196,MREID_0023196
23197,MREID_0023197
23198,MREID_0023198
23199,MREID_0023199
23200,MREID_0023200
23201,MREID_0023201
23202,MREID_0023202
23203,MREID_0023203
23204,MREID_0023204
23205,MREID_0023205
23206,MREID_0023206
23207,MREID_0023207
23208,MREID_0023208
23209,MREID_0023209
23210,MREID_0023210
23211,MREID_0023211
23212,MREID_0023212
23213,MREID_0023213
23214,MREID_0023214
23215,MREID_0023215
23216,MREID_0023216
23217,MREID_0023217
23218,MREID_0023218
23219,MREID_0023219
23220,MREID_0023220
23221,MREID_0023221
23222,MREID_0023222
23223,MREID_0023223
23224,MREID_0023224
23225,MREID_0023225
23226,MREID_0023226
23227,MREID_0023227
23228,MREID_0023228
23229,MREID_0023230
23230,MREID_0023229
23231,MREID_0023231
23232,MREID_0023232
23233,MREID_0023233
23234,MREID_0023234
23235,MREID_0023235
23236,MREID_0023236
23237,MREID_0023237
23238,MREID_0023238
23239,MREID_0023239
23240,MREID_0023240
23241,MREID_0023241
23242,MREID_0023242
23243,MREID_0023243
23244,MREID_0023244
23245,MREID_0023245
23246,MREID_0023246
23247,MREID_0023247
23248,MREID_0023248
23249,MREID_0023249
23250,MREID_0023250
23251,MREID_0023251
23252,MREID_0023252
23253,MREID_0023253
23254,MREID_0023254
23255,MREID_0023255
23256,MREID_0023256
23257,MREID_0023257
23258,MREID_0023258
23259,MREID_0023259
23260,MREID_0023260
23261,MREID_0023261
23262,MREID_0023262
23263,MREID_0023263
23264,MREID_0023264
23265,MREID_0023265
23266,MREID_0023266
23267,MREID_0023267
23268,MREID_0023268
23269,MREID_0023269
23270,MREID_0023270
23271,MREID_0023271
23272,MREID_0023272
23273,MREID_0023273
23274,MREID_0023274
23275,MREID_0023275
23276,MREID_0023276
23277,MREID_0023277
23278,MREID_0023278
23279,MREID_0023279
23280,MREID_0023280
23281,MREID_0023281
23282,MREID_0023282
23283,MREID_0023283
23284,MREID_0023284
23285,MREID_0023285
23286,MREID_0023286
23287,MREID_0023287
23288,MREID_0023288
23289,MREID_0023289
23290,MREID_0023290
23291,MREID_0023291
23292,MREID_0023292
23293,MREID_0023293
23294,MREID_0023294
23295,MREID_0023295
23296,MREID_0023296
23297,MREID_0023297
23298,MREID_0023298
23299,MREID_0023299
23300,MREID_0023300
23301,MREID_0023301
23302,MREID_0023302
23303,MREID_0023303
23304,MREID_0023304
23305,MREID_0023305
23306,MREID_0023306
23307,MREID_0023307
23308,MREID_0023308
23309,MREID_0023309
23310,MREID_0023310
23311,MREID_0023311
23312,MREID_0023312
23313,MREID_0023313
23314,MREID_0023314
23315,MREID_0023315
23316,MREID_0023316
23317,MREID_0023317
23318,MREID_0023318
23319,MREID_0023319
23320,MREID_0023320
23321,MREID_0023321
23322,MREID_0023322
23323,MREID_0023323
23324,MREID_0023324
23325,MREID_0023325
23326,MREID_0023326
23327,MREID_0023327
23328,MREID_0023328
23329,MREID_0023329
23330,MREID_0023330
23331,MREID_0023331
23332,MREID_0023332
23333,MREID_0023333
23334,MREID_0023334
23335,MREID_0023335
23336,MREID_0023336
23337,MREID_0023337
23338,MREID_0023338
23339,MREID_0023339
23340,MREID_0023340
23341,MREID_0023341
23342,MREID_0023343
23343,MREID_0023344
23344,MREID_0023342
23345,MREID_0023345
23346,MREID_0023346
23347,MREID_0023347
23348,MREID_0023348
23349,MREID_0023349
23350,MREID_0023350
23351,MREID_0023351
23352,MREID_0023352
23353,MREID_0023353
23354,MREID_0023354
23355,MREID_0023355
23356,MREID_0023356
23357,MREID_0023357
23358,MREID_0023358
23359,MREID_0023359
23360,MREID_0023360
23361,MREID_0023361
23362,MREID_0023362
23363,MREID_0023363
23364,MREID_0023364
23365,MREID_0023365
23366,MREID_0023366
23367,MREID_0023367
23368,MREID_0023368
23369,MREID_0023369
23370,MREID_0023370
23371,MREID_0023371
23372,MREID_0023372
23373,MREID_0023373
23374,MREID_0023374
23375,MREID_0023375
23376,MREID_0023376
23377,MREID_0023377
23378,MREID_0023378
23379,MREID_0023379
23380,MREID_0023380
23381,MREID_0023381
23382,MREID_0023383
23383,MREID_0023382
23384,MREID_0023384
23385,MREID_0023385
23386,MREID_0023386
23387,MREID_0023387
23388,MREID_0023388
23389,MREID_0023389
23390,MREID_0023390
23391,MREID_0023391
23392,MREID_0023392
23393,MREID_0023393
23394,MREID_0023394
23395,MREID_0023395
23396,MREID_0023396
23397,MREID_0023397
23398,MREID_0023398
23399,MREID_0023399
23400,MREID_0023400
23401,MREID_0023401
23402,MREID_0023402
23403,MREID_0023403
23404,MREID_0023404
23405,MREID_0023405
23406,MREID_0023406
23407,MREID_0023407
23408,MREID_0023408
23409,MREID_0023409
23410,MREID_0023410
23411,MREID_0023411
23412,MREID_0023412
23413,MREID_0023413
23414,MREID_0023414
23415,MREID_0023415
23416,MREID_0023416
23417,MREID_0023417
23418,MREID_0023418
23419,MREID_0023419
23420,MREID_0023420
23421,MREID_0023421
23422,MREID_0023422
23423,MREID_0023423
23424,MREID_0023424
23425,MREID_0023425
23426,MREID_0023426
23427,MREID_0023427
23428,MREID_0023428
23429,MREID_0023429
23430,MREID_0023430
23431,MREID_0023431
23432,MREID_0023432
23433,MREID_0023433
23434,MREID_0023434
23435,MREID_0023435
23436,MREID_0023436
23437,MREID_0023437
23438,MREID_0023438
23439,MREID_0023439
23440,MREID_0023440
23441,MREID_0023441
23442,MREID_0023442
23443,MREID_0023443
23444,MREID_0023444
23445,MREID_0023445
23446,MREID_0023446
23447,MREID_0023447
23448,MREID_0023448
23449,MREID_0023449
23450,MREID_0023450
23451,MREID_0023451
23452,MREID_0023452
23453,MREID_0023453
23454,MREID_0023454
23455,MREID_0023455
23456,MREID_0023456
23457,MREID_0023457
23458,MREID_0023458
23459,MREID_0023459
23460,MREID_0023460
23461,MREID_0023461
23462,MREID_0023463
23463,MREID_0023462
23464,MREID_0023464
23465,MREID_0023465
23466,MREID_0023466
23467,MREID_0023467
23468,MREID_0023468
23469,MREID_0023469
23470,MREID_0023470
23471,MREID_0023471
23472,MREID_0023472
23473,MREID_0023473
23474,MREID_0023474
23475,MREID_0023475
23476,MREID_0023476
23477,MREID_0023477
23478,MREID_0023478
23479,MREID_0023479
23480,MREID_0023480
23481,MREID_0023481
23482,MREID_0023482
23483,MREID_0023483
23484,MREID_0023484
23485,MREID_0023485
23486,MREID_0023486
23487,MREID_0023487
23488,MREID_0023488
23489,MREID_0023489
23490,MREID_0023490
23491,MREID_0023491
23492,MREID_0023492
23493,MREID_0023493
23494,MREID_0023494
23495,MREID_0023495
23496,MREID_0023496
23497,MREID_0023497
23498,MREID_0023498
23499,MREID_0023499
23500,MREID_0023500
23501,MREID_0023501
23502,MREID_0023502
23503,MREID_0023503
23504,MREID_0023504
23505,MREID_0023505
23506,MREID_0023506
23507,MREID_0023507
23508,MREID_0023508
23509,MREID_0023509
23510,MREID_0023510
23511,MREID_0023511
23512,MREID_0023512
23513,MREID_0023513
23514,MREID_0023514
23515,MREID_0023515
23516,MREID_0023516
23517,MREID_0023517
23518,MREID_0023518
23519,MREID_0023519
23520,MREID_0023520
23521,MREID_0023521
23522,MREID_0023522
23523,MREID_0023523
23524,MREID_0023524
23525,MREID_0023525
23526,MREID_0023526
23527,MREID_0023527
23528,MREID_0023528
23529,MREID_0023529
23530,MREID_0023530
23531,MREID_0023531
23532,MREID_0023532
23533,MREID_0023533
23534,MREID_0023534
23535,MREID_0023535
23536,MREID_0023536
23537,MREID_0023537
23538,MREID_0023538
23539,MREID_0023539
23540,MREID_0023540
23541,MREID_0023541
23542,MREID_0023542
23543,MREID_0023543
23544,MREID_0023544
23545,MREID_0023545
23546,MREID_0023546
23547,MREID_0023547
23548,MREID_0023548
23549,MREID_0023549
23550,MREID_0023550
23551,MREID_0023551
23552,MREID_0023552
23553,MREID_0023553
23554,MREID_0023554
23555,MREID_0023555
23556,MREID_0023556
23557,MREID_0023557
23558,MREID_0023558
23559,MREID_0023560
23560,MREID_0023559
23561,MREID_0023561
23562,MREID_0023562
23563,MREID_0023563
23564,MREID_0023564
23565,MREID_0023565
23566,MREID_0023566
23567,MREID_0023567
23568,MREID_0023568
23569,MREID_0023569
23570,MREID_0023570
23571,MREID_0023571
23572,MREID_0023572
23573,MREID_0023573
23574,MREID_0023574
23575,MREID_0023575
23576,MREID_0023576
23577,MREID_0023577
23578,MREID_0023578
23579,MREID_0023579
23580,MREID_0023580
23581,MREID_0023581
23582,MREID_0023582
23583,MREID_0023583
23584,MREID_0023584
23585,MREID_0023585
23586,MREID_0023586
23587,MREID_0023587
23588,MREID_0023588
23589,MREID_0023589
23590,MREID_0023590
23591,MREID_0023591
23592,MREID_0023592
23593,MREID_0023593
23594,MREID_0023594
23595,MREID_0023595
23596,MREID_0023596
23597,MREID_0023597
23598,MREID_0023598
23599,MREID_0023599
23600,MREID_0023600
23601,MREID_0023601
23602,MREID_0023602
23603,MREID_0023603
23604,MREID_0023604
23605,MREID_0023605
23606,MREID_0023606
23607,MREID_0023607
23608,MREID_0023608
23609,MREID_0023609
23610,MREID_0023610
23611,MREID_0023611
23612,MREID_0023612
23613,MREID_0023613
23614,MREID_0023614
23615,MREID_0023615
23616,MREID_0023616
23617,MREID_0023617
23618,MREID_0023618
23619,MREID_0023619
23620,MREID_0023620
23621,MREID_0023621
23622,MREID_0023622
23623,MREID_0023623
23624,MREID_0023624
23625,MREID_0023626
23626,MREID_0023625
23627,MREID_0023627
23628,MREID_0023628
23629,MREID_0023629
23630,MREID_0023630
23631,MREID_0023631
23632,MREID_0023632
23633,MREID_0023633
23634,MREID_0023634
23635,MREID_0023635
23636,MREID_0023636
23637,MREID_0023637
23638,MREID_0023638
23639,MREID_0023639
23640,MREID_0023641
23641,MREID_0023640
23642,MREID_0023642
23643,MREID_0023643
23644,MREID_0023644
23645,MREID_0023645
23646,MREID_0023646
23647,MREID_0023647
23648,MREID_0023648
23649,MREID_0023649
23650,MREID_0023650
23651,MREID_0023651
23652,MREID_0023652
23653,MREID_0023653
23654,MREID_0023654
23655,MREID_0023655
23656,MREID_0023656
23657,MREID_0023657
23658,MREID_0023658
23659,MREID_0023659
23660,MREID_0023660
23661,MREID_0023661
23662,MREID_0023662
23663,MREID_0023663
23664,MREID_0023664
23665,MREID_0023665
23666,MREID_0023666
23667,MREID_0023667
23668,MREID_0023668
23669,MREID_0023669
23670,MREID_0023670
23671,MREID_0023671
23672,MREID_0023672
23673,MREID_0023673
23674,MREID_0023674
23675,MREID_0023675
23676,MREID_0023676
23677,MREID_0023677
23678,MREID_0023678
23679,MREID_0023679
23680,MREID_0023680
23681,MREID_0023681
23682,MREID_0023682
23683,MREID_0023683
23684,MREID_0023684
23685,MREID_0023685
23686,MREID_0023686
23687,MREID_0023687
23688,MREID_0023688
23689,MREID_0023689
23690,MREID_0023690
23691,MREID_0023691
23692,MREID_0023692
23693,MREID_0023693
23694,MREID_0023694
23695,MREID_0023695
23696,MREID_0023696
23697,MREID_0023697
23698,MREID_0023698
23699,MREID_0023699
23700,MREID_0023700
23701,MREID_0023701
23702,MREID_0023702
23703,MREID_0023703
23704,MREID_0023704
23705,MREID_0023705
23706,MREID_0023706
23707,MREID_0023707
23708,MREID_0023708
23709,MREID_0023709
23710,MREID_0023710
23711,MREID_0023711
23712,MREID_0023712
23713,MREID_0023713
23714,MREID_0023714
23715,MREID_0023715
23716,MREID_0023716
23717,MREID_0023717
23718,MREID_0023718
23719,MREID_0023719
23720,MREID_0023720
23721,MREID_0023721
23722,MREID_0023722
23723,MREID_0023723
23724,MREID_0023724
23725,MREID_0023725
23726,MREID_0023726
23727,MREID_0023727
23728,MREID_0023728
23729,MREID_0023729
23730,MREID_0023730
23731,MREID_0023731
23732,MREID_0023732
23733,MREID_0023733
23734,MREID_0023734
23735,MREID_0023735
23736,MREID_0023736
23737,MREID_0023737
23738,MREID_0023738
23739,MREID_0023739
23740,MREID_0023740
23741,MREID_0023741
23742,MREID_0023742
23743,MREID_0023743
23744,MREID_0023744
23745,MREID_0023745
23746,MREID_0023746
23747,MREID_0023747
23748,MREID_0023748
23749,MREID_0023749
23750,MREID_0023750
23751,MREID_0023751
23752,MREID_0023752
23753,MREID_0023753
23754,MREID_0023754
23755,MREID_0023755
23756,MREID_0023756
23757,MREID_0023757
23758,MREID_0023758
23759,MREID_0023759
23760,MREID_0023760
23761,MREID_0023761
23762,MREID_0023762
23763,MREID_0023763
23764,MREID_0023764
23765,MREID_0023765
23766,MREID_0023766
23767,MREID_0023767
23768,MREID_0023768
23769,MREID_0023769
23770,MREID_0023770
23771,MREID_0023771
23772,MREID_0023772
23773,MREID_0023773
23774,MREID_0023774
23775,MREID_0023775
23776,MREID_0023776
23777,MREID_0023777
23778,MREID_0023778
23779,MREID_0023779
23780,MREID_0023780
23781,MREID_0023781
23782,MREID_0023782
23783,MREID_0023783
23784,MREID_0023784
23785,MREID_0023785
23786,MREID_0023786
23787,MREID_0023787
23788,MREID_0023788
23789,MREID_0023789
23790,MREID_0023790
23791,MREID_0023791
23792,MREID_0023792
23793,MREID_0023793
23794,MREID_0023794
23795,MREID_0023795
23796,MREID_0023796
23797,MREID_0023797
23798,MREID_0023798
23799,MREID_0023799
23800,MREID_0023800
23801,MREID_0023801
23802,MREID_0023802
23803,MREID_0023803
23804,MREID_0023804
23805,MREID_0023805
23806,MREID_0023806
23807,MREID_0023807
23808,MREID_0023808
23809,MREID_0023809
23810,MREID_0023810
23811,MREID_0023811
23812,MREID_0023812
23813,MREID_0023813
23814,MREID_0023814
23815,MREID_0023815
23816,MREID_0023816
23817,MREID_0023817
23818,MREID_0023818
23819,MREID_0023819
23820,MREID_0023820
23821,MREID_0023821
23822,MREID_0023822
23823,MREID_0023823
23824,MREID_0023824
23825,MREID_0023825
23826,MREID_0023826
23827,MREID_0023827
23828,MREID_0023828
23829,MREID_0023829
23830,MREID_0023830
23831,MREID_0023831
23832,MREID_0023832
23833,MREID_0023833
23834,MREID_0023834
23835,MREID_0023835
23836,MREID_0023836
23837,MREID_0023837
23838,MREID_0023838
23839,MREID_0023839
23840,MREID_0023840
23841,MREID_0023841
23842,MREID_0023842
23843,MREID_0023843
23844,MREID_0023844
23845,MREID_0023845
23846,MREID_0023846
23847,MREID_0023847
23848,MREID_0023848
23849,MREID_0023849
23850,MREID_0023850
23851,MREID_0023851
23852,MREID_0023852
23853,MREID_0023853
23854,MREID_0023854
23855,MREID_0023855
23856,MREID_0023856
23857,MREID_0023857
23858,MREID_0023858
23859,MREID_0023859
23860,MREID_0023860
23861,MREID_0023861
23862,MREID_0023862
23863,MREID_0023863
23864,MREID_0023864
23865,MREID_0023865
23866,MREID_0023866
23867,MREID_0023867
23868,MREID_0023868
23869,MREID_0023869
23870,MREID_0023870
23871,MREID_0023871
23872,MREID_0023872
23873,MREID_0023873
23874,MREID_0023874
23875,MREID_0023875
23876,MREID_0023876
23877,MREID_0023877
23878,MREID_0023878
23879,MREID_0023879
23880,MREID_0023880
23881,MREID_0023881
23882,MREID_0023882
23883,MREID_0023883
23884,MREID_0023884
23885,MREID_0023885
23886,MREID_0023886
23887,MREID_0023887
23888,MREID_0023888
23889,MREID_0023889
23890,MREID_0023890
23891,MREID_0023891
23892,MREID_0023892
23893,MREID_0023893
23894,MREID_0023894
23895,MREID_0023895
23896,MREID_0023896
23897,MREID_0023897
23898,MREID_0023898
23899,MREID_0023899
23900,MREID_0023900
23901,MREID_0023901
23902,MREID_0023902
23903,MREID_0023903
23904,MREID_0023904
23905,MREID_0023905
23906,MREID_0023906
23907,MREID_0023907
23908,MREID_0023908
23909,MREID_0023909
23910,MREID_0023910
23911,MREID_0023911
23912,MREID_0023912
23913,MREID_0023913
23914,MREID_0023914
23915,MREID_0023915
23916,MREID_0023916
23917,MREID_0023917
23918,MREID_0023918
23919,MREID_0023919
23920,MREID_0023920
23921,MREID_0023921
23922,MREID_0023922
23923,MREID_0023923
23924,MREID_0023924
23925,MREID_0023925
23926,MREID_0023926
23927,MREID_0023927
23928,MREID_0023928
23929,MREID_0023929
23930,MREID_0023930
23931,MREID_0023931
23932,MREID_0023932
23933,MREID_0023933
23934,MREID_0023934
23935,MREID_0023935
23936,MREID_0023936
23937,MREID_0023937
23938,MREID_0023938
23939,MREID_0023939
23940,MREID_0023940
23941,MREID_0023941
23942,MREID_0023942
23943,MREID_0023943
23944,MREID_0023944
23945,MREID_0023945
23946,MREID_0023946
23947,MREID_0023947
23948,MREID_0023948
23949,MREID_0023949
23950,MREID_0023950
23951,MREID_0023951
23952,MREID_0023952
23953,MREID_0023953
23954,MREID_0023954
23955,MREID_0023955
23956,MREID_0023956
23957,MREID_0023957
23958,MREID_0023958
23959,MREID_0023959
23960,MREID_0023960
23961,MREID_0023961
23962,MREID_0023962
23963,MREID_0023963
23964,MREID_0023964
23965,MREID_0023965
23966,MREID_0023966
23967,MREID_0023967
23968,MREID_0023968
23969,MREID_0023969
23970,MREID_0023970
23971,MREID_0023971
23972,MREID_0023972
23973,MREID_0023973
23974,MREID_0023974
23975,MREID_0023975
23976,MREID_0023976
23977,MREID_0023977
23978,MREID_0023978
23979,MREID_0023979
23980,MREID_0023980
23981,MREID_0023981
23982,MREID_0023982
23983,MREID_0023983
23984,MREID_0023984
23985,MREID_0023985
23986,MREID_0023986
23987,MREID_0023987
23988,MREID_0023988
23989,MREID_0023989
23990,MREID_0023990
23991,MREID_0023991
23992,MREID_0023992
23993,MREID_0023993
23994,MREID_0023994
23995,MREID_0023995
23996,MREID_0023996
23997,MREID_0023997
23998,MREID_0023998
23999,MREID_0023999
24000,MREID_0024000
24001,MREID_0024001
24002,MREID_0024002
24003,MREID_0024003
24004,MREID_0024004
24005,MREID_0024005
24006,MREID_0024006
24007,MREID_0024007
24008,MREID_0024008
24009,MREID_0024009
24010,MREID_0024010
24011,MREID_0024011
24012,MREID_0024012
24013,MREID_0024013
24014,MREID_0024014
24015,MREID_0024015
24016,MREID_0024016
24017,MREID_0024017
24018,MREID_0024018
24019,MREID_0024019
24020,MREID_0024020
24021,MREID_0024021
24022,MREID_0024022
24023,MREID_0024023
24024,MREID_0024024
24025,MREID_0024025
24026,MREID_0024026
24027,MREID_0024027
24028,MREID_0024028
24029,MREID_0024029
24030,MREID_0024030
24031,MREID_0024031
24032,MREID_0024032
24033,MREID_0024033
24034,MREID_0024034
24035,MREID_0024035
24036,MREID_0024036
24037,MREID_0024037
24038,MREID_0024038
24039,MREID_0024039
24040,MREID_0024040
24041,MREID_0024041
24042,MREID_0024042
24043,MREID_0024043
24044,MREID_0024044
24045,MREID_0024045
24046,MREID_0024046
24047,MREID_0024047
24048,MREID_0024048
24049,MREID_0024049
24050,MREID_0024050
24051,MREID_0024051
24052,MREID_0024052
24053,MREID_0024053
24054,MREID_0024054
24055,MREID_0024055
24056,MREID_0024056
24057,MREID_0024057
24058,MREID_0024058
24059,MREID_0024059
24060,MREID_0024060
24061,MREID_0024061
24062,MREID_0024062
24063,MREID_0024063
24064,MREID_0024064
24065,MREID_0024065
24066,MREID_0024066
24067,MREID_0024067
24068,MREID_0024068
24069,MREID_0024069
24070,MREID_0024070
24071,MREID_0024071
24072,MREID_0024072
24073,MREID_0024073
24074,MREID_0024074
24075,MREID_0024075
24076,MREID_0024076
24077,MREID_0024077
24078,MREID_0024078
24079,MREID_0024079
24080,MREID_0024080
24081,MREID_0024081
24082,MREID_0024082
24083,MREID_0024083
24084,MREID_0024084
24085,MREID_0024085
24086,MREID_0024086
24087,MREID_0024087
24088,MREID_0024088
24089,MREID_0024089
24090,MREID_0024090
24091,MREID_0024091
24092,MREID_0024092
24093,MREID_0024093
24094,MREID_0024094
24095,MREID_0024095
24096,MREID_0024096
24097,MREID_0024097
24098,MREID_0024098
24099,MREID_0024099
24100,MREID_0024100
24101,MREID_0024101
24102,MREID_0024102
24103,MREID_0024103
24104,MREID_0024104
24105,MREID_0024105
24106,MREID_0024106
24107,MREID_0024107
24108,MREID_0024108
24109,MREID_0024109
24110,MREID_0024110
24111,MREID_0024111
24112,MREID_0024112
24113,MREID_0024113
24114,MREID_0024114
24115,MREID_0024115
24116,MREID_0024116
24117,MREID_0024117
24118,MREID_0024118
24119,MREID_0024119
24120,MREID_0024120
24121,MREID_0024121
24122,MREID_0024122
24123,MREID_0024123
24124,MREID_0024124
24125,MREID_0024125
24126,MREID_0024126
24127,MREID_0024127
24128,MREID_0024128
24129,MREID_0024129
24130,MREID_0024130
24131,MREID_0024131
24132,MREID_0024132
24133,MREID_0024133
24134,MREID_0024134
24135,MREID_0024135
24136,MREID_0024136
24137,MREID_0024137
24138,MREID_0024138
24139,MREID_0024139
24140,MREID_0024140
24141,MREID_0024141
24142,MREID_0024142
24143,MREID_0024143
24144,MREID_0024144
24145,MREID_0024145
24146,MREID_0024146
24147,MREID_0024147
24148,MREID_0024148
24149,MREID_0024149
24150,MREID_0024150
24151,MREID_0024151
24152,MREID_0024152
24153,MREID_0024153
24154,MREID_0024154
24155,MREID_0024155
24156,MREID_0024156
24157,MREID_0024157
24158,MREID_0024158
24159,MREID_0024159
24160,MREID_0024160
24161,MREID_0024161
24162,MREID_0024162
24163,MREID_0024163
24164,MREID_0024164
24165,MREID_0024165
24166,MREID_0024166
24167,MREID_0024167
24168,MREID_0024168
24169,MREID_0024169
24170,MREID_0024170
24171,MREID_0024171
24172,MREID_0024172
24173,MREID_0024173
24174,MREID_0024174
24175,MREID_0024175
24176,MREID_0024176
24177,MREID_0024177
24178,MREID_0024178
24179,MREID_0024179
24180,MREID_0024180
24181,MREID_0024181
24182,MREID_0024182
24183,MREID_0024183
24184,MREID_0024184
24185,MREID_0024185
24186,MREID_0024186
24187,MREID_0024187
24188,MREID_0024188
24189,MREID_0024189
24190,MREID_0024190
24191,MREID_0024191
24192,MREID_0024192
24193,MREID_0024193
24194,MREID_0024194
24195,MREID_0024195
24196,MREID_0024196
24197,MREID_0024197
24198,MREID_0024198
24199,MREID_0024199
24200,MREID_0024200
24201,MREID_0024201
24202,MREID_0024202
24203,MREID_0024203
24204,MREID_0024204
24205,MREID_0024205
24206,MREID_0024206
24207,MREID_0024207
24208,MREID_0024208
24209,MREID_0024209
24210,MREID_0024210
24211,MREID_0024211
24212,MREID_0024212
24213,MREID_0024213
24214,MREID_0024214
24215,MREID_0024215
24216,MREID_0024216
24217,MREID_0024217
24218,MREID_0024218
24219,MREID_0024219
24220,MREID_0024220
24221,MREID_0024221
24222,MREID_0024222
24223,MREID_0024223
24224,MREID_0024224
24225,MREID_0024225
24226,MREID_0024226
24227,MREID_0024227
24228,MREID_0024228
24229,MREID_0024229
24230,MREID_0024230
24231,MREID_0024231
24232,MREID_0024232
24233,MREID_0024233
24234,MREID_0024234
24235,MREID_0024235
24236,MREID_0024236
24237,MREID_0024237
24238,MREID_0024238
24239,MREID_0024239
24240,MREID_0024240
24241,MREID_0024241
24242,MREID_0024242
24243,MREID_0024243
24244,MREID_0024244
24245,MREID_0024245
24246,MREID_0024246
24247,MREID_0024247
24248,MREID_0024248
24249,MREID_0024249
24250,MREID_0024250
24251,MREID_0024251
24252,MREID_0024252
24253,MREID_0024253
24254,MREID_0024254
24255,MREID_0024255
24256,MREID_0024256
24257,MREID_0024257
24258,MREID_0024258
24259,MREID_0024259
24260,MREID_0024260
24261,MREID_0024261
24262,MREID_0024262
24263,MREID_0024263
24264,MREID_0024264
24265,MREID_0024265
24266,MREID_0024266
24267,MREID_0024267
24268,MREID_0024268
24269,MREID_0024269
24270,MREID_0024271
24271,MREID_0024270
24272,MREID_0024272
24273,MREID_0024273
24274,MREID_0024274
24275,MREID_0024275
24276,MREID_0024276
24277,MREID_0024277
24278,MREID_0024278
24279,MREID_0024279
24280,MREID_0024280
24281,MREID_0024281
24282,MREID_0024282
24283,MREID_0024283
24284,MREID_0024284
24285,MREID_0024285
24286,MREID_0024286
24287,MREID_0024287
24288,MREID_0024288
24289,MREID_0024289
24290,MREID_0024290
24291,MREID_0024291
24292,MREID_0024292
24293,MREID_0024293
24294,MREID_0024294
24295,MREID_0024295
24296,MREID_0024296
24297,MREID_0024297
24298,MREID_0024298
24299,MREID_0024299
24300,MREID_0024300
24301,MREID_0024301
24302,MREID_0024302
24303,MREID_0024303
24304,MREID_0024304
24305,MREID_0024305
24306,MREID_0024307
24307,MREID_0024306
24308,MREID_0024308
24309,MREID_0024309
24310,MREID_0024310
24311,MREID_0024311
24312,MREID_0024312
24313,MREID_0024313
24314,MREID_0024314
24315,MREID_0024315
24316,MREID_0024316
24317,MREID_0024317
24318,MREID_0024318
24319,MREID_0024319
24320,MREID_0024320
24321,MREID_0024321
24322,MREID_0024322
24323,MREID_0024323
24324,MREID_0024324
24325,MREID_0024325
24326,MREID_0024326
24327,MREID_0024327
24328,MREID_0024328
24329,MREID_0024329
24330,MREID_0024330
24331,MREID_0024331
24332,MREID_0024332
24333,MREID_0024333
24334,MREID_0024334
24335,MREID_0024335
24336,MREID_0024336
24337,MREID_0024337
24338,MREID_0024338
24339,MREID_0024339
24340,MREID_0024340
24341,MREID_0024341
24342,MREID_0024342
24343,MREID_0024343
24344,MREID_0024344
24345,MREID_0024345
24346,MREID_0024346
24347,MREID_0024347
24348,MREID_0024348
24349,MREID_0024349
24350,MREID_0024350
24351,MREID_0024351
24352,MREID_0024352
24353,MREID_0024353
24354,MREID_0024354
24355,MREID_0024355
24356,MREID_0024356
24357,MREID_0024357
24358,MREID_0024358
24359,MREID_0024359
24360,MREID_0024360
24361,MREID_0024361
24362,MREID_0024362
24363,MREID_0024363
24364,MREID_0024364
24365,MREID_0024365
24366,MREID_0024366
24367,MREID_0024367
24368,MREID_0024368
24369,MREID_0024369
24370,MREID_0024370
24371,MREID_0024371
24372,MREID_0024372
24373,MREID_0024373
24374,MREID_0024374
24375,MREID_0024375
24376,MREID_0024376
24377,MREID_0024377
24378,MREID_0024378
24379,MREID_0024379
24380,MREID_0024380
24381,MREID_0024381
24382,MREID_0024382
24383,MREID_0024383
24384,MREID_0024384
24385,MREID_0024385
24386,MREID_0024386
24387,MREID_0024387
24388,MREID_0024388
24389,MREID_0024389
24390,MREID_0024390
24391,MREID_0024391
24392,MREID_0024392
24393,MREID_0024393
24394,MREID_0024394
24395,MREID_0024395
24396,MREID_0024396
24397,MREID_0024397
24398,MREID_0024398
24399,MREID_0024399
24400,MREID_0024400
24401,MREID_0024401
24402,MREID_0024402
24403,MREID_0024403
24404,MREID_0024404
24405,MREID_0024405
24406,MREID_0024406
24407,MREID_0024407
24408,MREID_0024408
24409,MREID_0024409
24410,MREID_0024410
24411,MREID_0024411
24412,MREID_0024412
24413,MREID_0024413
24414,MREID_0024414
24415,MREID_0024415
24416,MREID_0024416
24417,MREID_0024417
24418,MREID_0024418
24419,MREID_0024419
24420,MREID_0024420
24421,MREID_0024421
24422,MREID_0024422
24423,MREID_0024423
24424,MREID_0024424
24425,MREID_0024425
24426,MREID_0024426
24427,MREID_0024427
24428,MREID_0024428
24429,MREID_0024429
24430,MREID_0024430
24431,MREID_0024431
24432,MREID_0024432
24433,MREID_0024433
24434,MREID_0024434
24435,MREID_0024435
24436,MREID_0024436
24437,MREID_0024437
24438,MREID_0024438
24439,MREID_0024439
24440,MREID_0024440
24441,MREID_0024441
24442,MREID_0024442
24443,MREID_0024443
24444,MREID_0024444
24445,MREID_0024445
24446,MREID_0024446
24447,MREID_0024447
24448,MREID_0024448
24449,MREID_0024449
24450,MREID_0024450
24451,MREID_0024451
24452,MREID_0024452
24453,MREID_0024453
24454,MREID_0024454
24455,MREID_0024455
24456,MREID_0024456
24457,MREID_0024457
24458,MREID_0024458
24459,MREID_0024459
24460,MREID_0024460
24461,MREID_0024461
24462,MREID_0024462
24463,MREID_0024463
24464,MREID_0024464
24465,MREID_0024465
24466,MREID_0024466
24467,MREID_0024467
24468,MREID_0024468
24469,MREID_0024469
24470,MREID_0024470
24471,MREID_0024471
24472,MREID_0024472
24473,MREID_0024473
24474,MREID_0024474
24475,MREID_0024475
24476,MREID_0024476
24477,MREID_0024477
24478,MREID_0024478
24479,MREID_0024479
24480,MREID_0024480
24481,MREID_0024481
24482,MREID_0024482
24483,MREID_0024483
24484,MREID_0024484
24485,MREID_0024485
24486,MREID_0024486
24487,MREID_0024487
24488,MREID_0024488
24489,MREID_0024489
24490,MREID_0024490
24491,MREID_0024491
24492,MREID_0024492
24493,MREID_0024493
24494,MREID_0024494
24495,MREID_0024495
24496,MREID_0024496
24497,MREID_0024497
24498,MREID_0024498
24499,MREID_0024499
24500,MREID_0024500
24501,MREID_0024501
24502,MREID_0024502
24503,MREID_0024503
24504,MREID_0024504
24505,MREID_0024505
24506,MREID_0024506
24507,MREID_0024507
24508,MREID_0024508
24509,MREID_0024509
24510,MREID_0024510
24511,MREID_0024511
24512,MREID_0024512
24513,MREID_0024513
24514,MREID_0024514
24515,MREID_0024515
24516,MREID_0024516
24517,MREID_0024517
24518,MREID_0024518
24519,MREID_0024519
24520,MREID_0024520
24521,MREID_0024521
24522,MREID_0024522
24523,MREID_0024523
24524,MREID_0024524
24525,MREID_0024525
24526,MREID_0024526
24527,MREID_0024527
24528,MREID_0024528
24529,MREID_0024529
24530,MREID_0024530
24531,MREID_0024531
24532,MREID_0024532
24533,MREID_0024533
24534,MREID_0024534
24535,MREID_0024535
24536,MREID_0024536
24537,MREID_0024537
24538,MREID_0024538
24539,MREID_0024539
24540,MREID_0024540
24541,MREID_0024541
24542,MREID_0024542
24543,MREID_0024543
24544,MREID_0024544
24545,MREID_0024545
24546,MREID_0024546
24547,MREID_0024547
24548,MREID_0024548
24549,MREID_0024549
24550,MREID_0024550
24551,MREID_0024551
24552,MREID_0024552
24553,MREID_0024553
24554,MREID_0024554
24555,MREID_0024555
24556,MREID_0024556
24557,MREID_0024557
24558,MREID_0024558
24559,MREID_0024559
24560,MREID_0024560
24561,MREID_0024561
24562,MREID_0024562
24563,MREID_0024563
24564,MREID_0024564
24565,MREID_0024565
24566,MREID_0024566
24567,MREID_0024567
24568,MREID_0024568
24569,MREID_0024569
24570,MREID_0024570
24571,MREID_0024571
24572,MREID_0024572
24573,MREID_0024573
24574,MREID_0024574
24575,MREID_0024575
24576,MREID_0024576
24577,MREID_0024577
24578,MREID_0024578
24579,MREID_0024579
24580,MREID_0024580
24581,MREID_0024581
24582,MREID_0024582
24583,MREID_0024583
24584,MREID_0024584
24585,MREID_0024585
24586,MREID_0024586
24587,MREID_0024587
24588,MREID_0024588
24589,MREID_0024589
24590,MREID_0024590
24591,MREID_0024591
24592,MREID_0024592
24593,MREID_0024593
24594,MREID_0024594
24595,MREID_0024595
24596,MREID_0024596
24597,MREID_0024597
24598,MREID_0024598
24599,MREID_0024599
24600,MREID_0024600
24601,MREID_0024601
24602,MREID_0024602
24603,MREID_0024603
24604,MREID_0024604
24605,MREID_0024605
24606,MREID_0024606
24607,MREID_0024607
24608,MREID_0024608
24609,MREID_0024609
24610,MREID_0024610
24611,MREID_0024611
24612,MREID_0024612
24613,MREID_0024613
24614,MREID_0024614
24615,MREID_0024615
24616,MREID_0024616
24617,MREID_0024617
24618,MREID_0024618
24619,MREID_0024619
24620,MREID_0024620
24621,MREID_0024621
24622,MREID_0024622
24623,MREID_0024623
24624,MREID_0024624
24625,MREID_0024625
24626,MREID_0024626
24627,MREID_0024627
24628,MREID_0024628
24629,MREID_0024629
24630,MREID_0024630
24631,MREID_0024631
24632,MREID_0024632
24633,MREID_0024633
24634,MREID_0024634
24635,MREID_0024635
24636,MREID_0024636
24637,MREID_0024637
24638,MREID_0024638
24639,MREID_0024639
24640,MREID_0024640
24641,MREID_0024641
24642,MREID_0024642
24643,MREID_0024643
24644,MREID_0024644
24645,MREID_0024646
24646,MREID_0024645
24647,MREID_0024647
24648,MREID_0024648
24649,MREID_0024649
24650,MREID_0024650
24651,MREID_0024651
24652,MREID_0024652
24653,MREID_0024653
24654,MREID_0024654
24655,MREID_0024655
24656,MREID_0024656
24657,MREID_0024657
24658,MREID_0024658
24659,MREID_0024659
24660,MREID_0024660
24661,MREID_0024661
24662,MREID_0024662
24663,MREID_0024663
24664,MREID_0024664
24665,MREID_0024665
24666,MREID_0024666
24667,MREID_0024667
24668,MREID_0024668
24669,MREID_0024669
24670,MREID_0024670
24671,MREID_0024671
24672,MREID_0024672
24673,MREID_0024673
24674,MREID_0024674
24675,MREID_0024675
24676,MREID_0024676
24677,MREID_0024677
24678,MREID_0024678
24679,MREID_0024679
24680,MREID_0024680
24681,MREID_0024681
24682,MREID_0024682
24683,MREID_0024683
24684,MREID_0024684
24685,MREID_0024685
24686,MREID_0024686
24687,MREID_0024687
24688,MREID_0024688
24689,MREID_0024689
24690,MREID_0024690
24691,MREID_0024691
24692,MREID_0024692
24693,MREID_0024693
24694,MREID_0024694
24695,MREID_0024695
24696,MREID_0024696
24697,MREID_0024697
24698,MREID_0024698
24699,MREID_0024699
24700,MREID_0024700
24701,MREID_0024701
24702,MREID_0024702
24703,MREID_0024703
24704,MREID_0024704
24705,MREID_0024705
24706,MREID_0024706
24707,MREID_0024707
24708,MREID_0024708
24709,MREID_0024709
24710,MREID_0024710
24711,MREID_0024711
24712,MREID_0024712
24713,MREID_0024713
24714,MREID_0024714
24715,MREID_0024715
24716,MREID_0024716
24717,MREID_0024717
24718,MREID_0024718
24719,MREID_0024719
24720,MREID_0024720
24721,MREID_0024721
24722,MREID_0024722
24723,MREID_0024723
24724,MREID_0024724
24725,MREID_0024725
24726,MREID_0024726
24727,MREID_0024727
24728,MREID_0024728
24729,MREID_0024729
24730,MREID_0024730
24731,MREID_0024731
24732,MREID_0024732
24733,MREID_0024733
24734,MREID_0024734
24735,MREID_0024735
24736,MREID_0024736
24737,MREID_0024737
24738,MREID_0024738
24739,MREID_0024739
24740,MREID_0024740
24741,MREID_0024741
24742,MREID_0024742
24743,MREID_0024743
24744,MREID_0024744
24745,MREID_0024745
24746,MREID_0024746
24747,MREID_0024747
24748,MREID_0024748
24749,MREID_0024749
24750,MREID_0024750
24751,MREID_0024751
24752,MREID_0024752
24753,MREID_0024753
24754,MREID_0024754
24755,MREID_0024755
24756,MREID_0024756
24757,MREID_0024757
24758,MREID_0024758
24759,MREID_0024759
24760,MREID_0024760
24761,MREID_0024761
24762,MREID_0024762
24763,MREID_0024763
24764,MREID_0024764
24765,MREID_0024765
24766,MREID_0024767
24767,MREID_0024766
24768,MREID_0024768
24769,MREID_0024769
24770,MREID_0024770
24771,MREID_0024771
24772,MREID_0024772
24773,MREID_0024773
24774,MREID_0024774
24775,MREID_0024775
24776,MREID_0024776
24777,MREID_0024777
24778,MREID_0024778
24779,MREID_0024779
24780,MREID_0024780
24781,MREID_0024781
24782,MREID_0024782
24783,MREID_0024783
24784,MREID_0024784
24785,MREID_0024785
24786,MREID_0024786
24787,MREID_0024787
24788,MREID_0024788
24789,MREID_0024789
24790,MREID_0024790
24791,MREID_0024791
24792,MREID_0024792
24793,MREID_0024793
24794,MREID_0024794
24795,MREID_0024795
24796,MREID_0024796
24797,MREID_0024797
24798,MREID_0024798
24799,MREID_0024799
24800,MREID_0024800
24801,MREID_0024801
24802,MREID_0024802
24803,MREID_0024803
24804,MREID_0024804
24805,MREID_0024805
24806,MREID_0024806
24807,MREID_0024807
24808,MREID_0024808
24809,MREID_0024809
24810,MREID_0024810
24811,MREID_0024811
24812,MREID_0024812
24813,MREID_0024814
24814,MREID_0024813
24815,MREID_0024815
24816,MREID_0024816
24817,MREID_0024817
24818,MREID_0024818
24819,MREID_0024819
24820,MREID_0024820
24821,MREID_0024821
24822,MREID_0024822
24823,MREID_0024823
24824,MREID_0024824
24825,MREID_0024825
24826,MREID_0024826
24827,MREID_0024827
24828,MREID_0024828
24829,MREID_0024829
24830,MREID_0024830
24831,MREID_0024831
24832,MREID_0024832
24833,MREID_0024833
24834,MREID_0024834
24835,MREID_0024835
24836,MREID_0024836
24837,MREID_0024837
24838,MREID_0024838
24839,MREID_0024839
24840,MREID_0024840
24841,MREID_0024841
24842,MREID_0024842
24843,MREID_0024843
24844,MREID_0024844
24845,MREID_0024845
24846,MREID_0024846
24847,MREID_0024847
24848,MREID_0024848
24849,MREID_0024849
24850,MREID_0024850
24851,MREID_0024851
24852,MREID_0024852
24853,MREID_0024853
24854,MREID_0024854
24855,MREID_0024855
24856,MREID_0024856
24857,MREID_0024857
24858,MREID_0024858
24859,MREID_0024859
24860,MREID_0024860
24861,MREID_0024861
24862,MREID_0024862
24863,MREID_0024863
24864,MREID_0024864
24865,MREID_0024865
24866,MREID_0024866
24867,MREID_0024867
24868,MREID_0024868
24869,MREID_0024869
24870,MREID_0024870
24871,MREID_0024871
24872,MREID_0024872
24873,MREID_0024874
24874,MREID_0024873
24875,MREID_0024875
24876,MREID_0024876
24877,MREID_0024877
24878,MREID_0024878
24879,MREID_0024879
24880,MREID_0024880
24881,MREID_0024881
24882,MREID_0024882
24883,MREID_0024883
24884,MREID_0024884
24885,MREID_0024885
24886,MREID_0024886
24887,MREID_0024887
24888,MREID_0024888
24889,MREID_0024889
24890,MREID_0024890
24891,MREID_0024891
24892,MREID_0024892
24893,MREID_0024893
24894,MREID_0024894
24895,MREID_0024895
24896,MREID_0024896
24897,MREID_0024897
24898,MREID_0024898
24899,MREID_0024899
24900,MREID_0024900
24901,MREID_0024901
24902,MREID_0024902
24903,MREID_0024903
24904,MREID_0024904
24905,MREID_0024905
24906,MREID_0024906
24907,MREID_0024907
24908,MREID_0024908
24909,MREID_0024909
24910,MREID_0024910
24911,MREID_0024911
24912,MREID_0024912
24913,MREID_0024913
24914,MREID_0024914
24915,MREID_0024915
24916,MREID_0024916
24917,MREID_0024917
24918,MREID_0024918
24919,MREID_0024919
24920,MREID_0024920
24921,MREID_0024921
24922,MREID_0024922
24923,MREID_0024923
24924,MREID_0024924
24925,MREID_0024925
24926,MREID_0024926
24927,MREID_0024927
24928,MREID_0024928
24929,MREID_0024929
24930,MREID_0024930
24931,MREID_0024931
24932,MREID_0024932
24933,MREID_0024933
24934,MREID_0024934
24935,MREID_0024935
24936,MREID_0024936
24937,MREID_0024937
24938,MREID_0024938
24939,MREID_0024939
24940,MREID_0024940
24941,MREID_0024941
24942,MREID_0024942
24943,MREID_0024943
24944,MREID_0024944
24945,MREID_0024945
24946,MREID_0024946
24947,MREID_0024947
24948,MREID_0024948
24949,MREID_0024949
24950,MREID_0024950
24951,MREID_0024951
24952,MREID_0024952
24953,MREID_0024953
24954,MREID_0024954
24955,MREID_0024955
24956,MREID_0024956
24957,MREID_0024957
24958,MREID_0024958
24959,MREID_0024959
24960,MREID_0024960
24961,MREID_0024961
24962,MREID_0024962
24963,MREID_0024963
24964,MREID_0024964
24965,MREID_0024965
24966,MREID_0024966
24967,MREID_0024967
24968,MREID_0024968
24969,MREID_0024969
24970,MREID_0024970
24971,MREID_0024971
24972,MREID_0024972
24973,MREID_0024973
24974,MREID_0024974
24975,MREID_0024975
24976,MREID_0024976
24977,MREID_0024977
24978,MREID_0024978
24979,MREID_0024979
24980,MREID_0024980
24981,MREID_0024981
24982,MREID_0024982
24983,MREID_0024983
24984,MREID_0024984
24985,MREID_0024985
24986,MREID_0024986
24987,MREID_0024987
24988,MREID_0024988
24989,MREID_0024989
24990,MREID_0024990
24991,MREID_0024991
24992,MREID_0024992
24993,MREID_0024993
24994,MREID_0024994
24995,MREID_0024995
24996,MREID_0024996
24997,MREID_0024997
24998,MREID_0024998
24999,MREID_0024999
25000,MREID_0025000
25001,MREID_0025001
25002,MREID_0025002
25003,MREID_0025003
25004,MREID_0025004
25005,MREID_0025005
25006,MREID_0025006
25007,MREID_0025007
25008,MREID_0025008
25009,MREID_0025009
25010,MREID_0025010
25011,MREID_0025011
25012,MREID_0025012
25013,MREID_0025013
25014,MREID_0025014
25015,MREID_0025015
25016,MREID_0025016
25017,MREID_0025017
25018,MREID_0025018
25019,MREID_0025019
25020,MREID_0025020
25021,MREID_0025021
25022,MREID_0025022
25023,MREID_0025023
25024,MREID_0025024
25025,MREID_0025025
25026,MREID_0025026
25027,MREID_0025027
25028,MREID_0025028
25029,MREID_0025029
25030,MREID_0025030
25031,MREID_0025031
25032,MREID_0025032
25033,MREID_0025033
25034,MREID_0025034
25035,MREID_0025035
25036,MREID_0025036
25037,MREID_0025037
25038,MREID_0025038
25039,MREID_0025039
25040,MREID_0025040
25041,MREID_0025041
25042,MREID_0025042
25043,MREID_0025043
25044,MREID_0025044
25045,MREID_0025045
25046,MREID_0025046
25047,MREID_0025047
25048,MREID_0025048
25049,MREID_0025049
25050,MREID_0025050
25051,MREID_0025051
25052,MREID_0025052
25053,MREID_0025053
25054,MREID_0025054
25055,MREID_0025055
25056,MREID_0025056
25057,MREID_0025057
25058,MREID_0025058
25059,MREID_0025059
25060,MREID_0025060
25061,MREID_0025061
25062,MREID_0025062
25063,MREID_0025063
25064,MREID_0025064
25065,MREID_0025065
25066,MREID_0025066
25067,MREID_0025067
25068,MREID_0025068
25069,MREID_0025069
25070,MREID_0025070
25071,MREID_0025071
25072,MREID_0025072
25073,MREID_0025073
25074,MREID_0025074
25075,MREID_0025075
25076,MREID_0025076
25077,MREID_0025077
25078,MREID_0025078
25079,MREID_0025079
25080,MREID_0025080
25081,MREID_0025081
25082,MREID_0025082
25083,MREID_0025083
25084,MREID_0025084
25085,MREID_0025085
25086,MREID_0025086
25087,MREID_0025087
25088,MREID_0025088
25089,MREID_0025089
25090,MREID_0025090
25091,MREID_0025091
25092,MREID_0025092
25093,MREID_0025093
25094,MREID_0025094
25095,MREID_0025095
25096,MREID_0025096
25097,MREID_0025097
25098,MREID_0025098
25099,MREID_0025099
25100,MREID_0025100
25101,MREID_0025101
25102,MREID_0025102
25103,MREID_0025103
25104,MREID_0025104
25105,MREID_0025105
25106,MREID_0025106
25107,MREID_0025107
25108,MREID_0025108
25109,MREID_0025109
25110,MREID_0025110
25111,MREID_0025111
25112,MREID_0025112
25113,MREID_0025113
25114,MREID_0025114
25115,MREID_0025115
25116,MREID_0025116
25117,MREID_0025117
25118,MREID_0025118
25119,MREID_0025119
25120,MREID_0025120
25121,MREID_0025121
25122,MREID_0025122
25123,MREID_0025123
25124,MREID_0025124
25125,MREID_0025125
25126,MREID_0025126
25127,MREID_0025127
25128,MREID_0025128
25129,MREID_0025129
25130,MREID_0025130
25131,MREID_0025131
25132,MREID_0025132
25133,MREID_0025133
25134,MREID_0025134
25135,MREID_0025135
25136,MREID_0025136
25137,MREID_0025137
25138,MREID_0025138
25139,MREID_0025139
25140,MREID_0025140
25141,MREID_0025141
25142,MREID_0025142
25143,MREID_0025143
25144,MREID_0025144
25145,MREID_0025145
25146,MREID_0025146
25147,MREID_0025147
25148,MREID_0025148
25149,MREID_0025149
25150,MREID_0025150
25151,MREID_0025151
25152,MREID_0025152
25153,MREID_0025153
25154,MREID_0025154
25155,MREID_0025155
25156,MREID_0025156
25157,MREID_0025157
25158,MREID_0025158
25159,MREID_0025159
25160,MREID_0025160
25161,MREID_0025161
25162,MREID_0025162
25163,MREID_0025163
25164,MREID_0025164
25165,MREID_0025165
25166,MREID_0025166
25167,MREID_0025167
25168,MREID_0025168
25169,MREID_0025169
25170,MREID_0025170
25171,MREID_0025171
25172,MREID_0025172
25173,MREID_0025173
25174,MREID_0025174
25175,MREID_0025175
25176,MREID_0025176
25177,MREID_0025177
25178,MREID_0025178
25179,MREID_0025179
25180,MREID_0025180
25181,MREID_0025181
25182,MREID_0025182
25183,MREID_0025183
25184,MREID_0025184
25185,MREID_0025185
25186,MREID_0025186
25187,MREID_0025187
25188,MREID_0025188
25189,MREID_0025189
25190,MREID_0025190
25191,MREID_0025191
25192,MREID_0025192
25193,MREID_0025193
25194,MREID_0025194
25195,MREID_0025195
25196,MREID_0025196
25197,MREID_0025197
25198,MREID_0025198
25199,MREID_0025199
25200,MREID_0025200
25201,MREID_0025201
25202,MREID_0025202
25203,MREID_0025203
25204,MREID_0025204
25205,MREID_0025205
25206,MREID_0025206
25207,MREID_0025207
25208,MREID_0025208
25209,MREID_0025209
25210,MREID_0025210
25211,MREID_0025211
25212,MREID_0025212
25213,MREID_0025213
25214,MREID_0025214
25215,MREID_0025215
25216,MREID_0025216
25217,MREID_0025217
25218,MREID_0025218
25219,MREID_0025219
25220,MREID_0025220
25221,MREID_0025221
25222,MREID_0025222
25223,MREID_0025223
25224,MREID_0025224
25225,MREID_0025225
25226,MREID_0025226
25227,MREID_0025227
25228,MREID_0025228
25229,MREID_0025229
25230,MREID_0025230
25231,MREID_0025231
25232,MREID_0025232
25233,MREID_0025233
25234,MREID_0025234
25235,MREID_0025235
25236,MREID_0025236
25237,MREID_0025237
25238,MREID_0025238
25239,MREID_0025239
25240,MREID_0025240
25241,MREID_0025241
25242,MREID_0025242
25243,MREID_0025243
25244,MREID_0025244
25245,MREID_0025245
25246,MREID_0025246
25247,MREID_0025247
25248,MREID_0025248
25249,MREID_0025249
25250,MREID_0025250
25251,MREID_0025251
25252,MREID_0025252
25253,MREID_0025253
25254,MREID_0025254
25255,MREID_0025255
25256,MREID_0025256
25257,MREID_0025257
25258,MREID_0025258
25259,MREID_0025259
25260,MREID_0025260
25261,MREID_0025261
25262,MREID_0025262
25263,MREID_0025263
25264,MREID_0025264
25265,MREID_0025265
25266,MREID_0025266
25267,MREID_0025267
25268,MREID_0025268
25269,MREID_0025269
25270,MREID_0025270
25271,MREID_0025271
25272,MREID_0025272
25273,MREID_0025273
25274,MREID_0025274
25275,MREID_0025275
25276,MREID_0025276
25277,MREID_0025277
25278,MREID_0025278
25279,MREID_0025279
25280,MREID_0025280
25281,MREID_0025281
25282,MREID_0025282
25283,MREID_0025283
25284,MREID_0025284
25285,MREID_0025285
25286,MREID_0025286
25287,MREID_0025287
25288,MREID_0025288
25289,MREID_0025289
25290,MREID_0025290
25291,MREID_0025291
25292,MREID_0025292
25293,MREID_0025293
25294,MREID_0025294
25295,MREID_0025295
25296,MREID_0025296
25297,MREID_0025297
25298,MREID_0025298
25299,MREID_0025299
25300,MREID_0025300
25301,MREID_0025301
25302,MREID_0025302
25303,MREID_0025303
25304,MREID_0025304
25305,MREID_0025305
25306,MREID_0025306
25307,MREID_0025307
25308,MREID_0025308
25309,MREID_0025309
25310,MREID_0025310
25311,MREID_0025311
25312,MREID_0025312
25313,MREID_0025313
25314,MREID_0025314
25315,MREID_0025315
25316,MREID_0025316
25317,MREID_0025317
25318,MREID_0025318
25319,MREID_0025319
25320,MREID_0025320
25321,MREID_0025321
25322,MREID_0025322
25323,MREID_0025324
25324,MREID_0025323
25325,MREID_0025325
25326,MREID_0025326
25327,MREID_0025327
25328,MREID_0025328
25329,MREID_0025329
25330,MREID_0025330
25331,MREID_0025331
25332,MREID_0025332
25333,MREID_0025333
25334,MREID_0025334
25335,MREID_0025335
25336,MREID_0025336
25337,MREID_0025337
25338,MREID_0025338
25339,MREID_0025339
25340,MREID_0025340
25341,MREID_0025341
25342,MREID_0025342
25343,MREID_0025343
25344,MREID_0025344
25345,MREID_0025345
25346,MREID_0025346
25347,MREID_0025347
25348,MREID_0025348
25349,MREID_0025349
25350,MREID_0025350
25351,MREID_0025351
25352,MREID_0025352
25353,MREID_0025353
25354,MREID_0025354
25355,MREID_0025355
25356,MREID_0025356
25357,MREID_0025357
25358,MREID_0025358
25359,MREID_0025359
25360,MREID_0025360
25361,MREID_0025361
25362,MREID_0025362
25363,MREID_0025363
25364,MREID_0025364
25365,MREID_0025365
25366,MREID_0025366
25367,MREID_0025367
25368,MREID_0025368
25369,MREID_0025369
25370,MREID_0025370
25371,MREID_0025371
25372,MREID_0025372
25373,MREID_0025373
25374,MREID_0025374
25375,MREID_0025375
25376,MREID_0025376
25377,MREID_0025377
25378,MREID_0025378
25379,MREID_0025379
25380,MREID_0025380
25381,MREID_0025381
25382,MREID_0025382
25383,MREID_0025383
25384,MREID_0025384
25385,MREID_0025385
25386,MREID_0025386
25387,MREID_0025387
25388,MREID_0025388
25389,MREID_0025389
25390,MREID_0025390
25391,MREID_0025391
25392,MREID_0025392
25393,MREID_0025393
25394,MREID_0025394
25395,MREID_0025395
25396,MREID_0025396
25397,MREID_0025397
25398,MREID_0025398
25399,MREID_0025399
25400,MREID_0025400
25401,MREID_0025401
25402,MREID_0025402
25403,MREID_0025403
25404,MREID_0025404
25405,MREID_0025405
25406,MREID_0025406
25407,MREID_0025407
25408,MREID_0025408
25409,MREID_0025409
25410,MREID_0025410
25411,MREID_0025411
25412,MREID_0025412
25413,MREID_0025413
25414,MREID_0025414
25415,MREID_0025415
25416,MREID_0025416
25417,MREID_0025417
25418,MREID_0025418
25419,MREID_0025419
25420,MREID_0025420
25421,MREID_0025421
25422,MREID_0025422
25423,MREID_0025423
25424,MREID_0025424
25425,MREID_0025425
25426,MREID_0025426
25427,MREID_0025427
25428,MREID_0025428
25429,MREID_0025429
25430,MREID_0025430
25431,MREID_0025431
25432,MREID_0025432
25433,MREID_0025433
25434,MREID_0025434
25435,MREID_0025435
25436,MREID_0025436
25437,MREID_0025437
25438,MREID_0025438
25439,MREID_0025439
25440,MREID_0025440
25441,MREID_0025441
25442,MREID_0025442
25443,MREID_0025443
25444,MREID_0025444
25445,MREID_0025445
25446,MREID_0025446
25447,MREID_0025447
25448,MREID_0025448
25449,MREID_0025449
25450,MREID_0025451
25451,MREID_0025450
25452,MREID_0025452
25453,MREID_0025453
25454,MREID_0025454
25455,MREID_0025455
25456,MREID_0025456
25457,MREID_0025457
25458,MREID_0025458
25459,MREID_0025459
25460,MREID_0025460
25461,MREID_0025461
25462,MREID_0025462
25463,MREID_0025463
25464,MREID_0025464
25465,MREID_0025465
25466,MREID_0025466
25467,MREID_0025467
25468,MREID_0025468
25469,MREID_0025469
25470,MREID_0025470
25471,MREID_0025471
25472,MREID_0025472
25473,MREID_0025473
25474,MREID_0025474
25475,MREID_0025475
25476,MREID_0025476
25477,MREID_0025478
25478,MREID_0025477
25479,MREID_0025479
25480,MREID_0025480
25481,MREID_0025481
25482,MREID_0025482
25483,MREID_0025483
25484,MREID_0025484
25485,MREID_0025485
25486,MREID_0025486
25487,MREID_0025487
25488,MREID_0025488
25489,MREID_0025489
25490,MREID_0025490
25491,MREID_0025491
25492,MREID_0025492
25493,MREID_0025493
25494,MREID_0025494
25495,MREID_0025495
25496,MREID_0025496
25497,MREID_0025497
25498,MREID_0025498
25499,MREID_0025499
25500,MREID_0025500
25501,MREID_0025501
25502,MREID_0025502
25503,MREID_0025503
25504,MREID_0025504
25505,MREID_0025505
25506,MREID_0025506
25507,MREID_0025507
25508,MREID_0025508
25509,MREID_0025509
25510,MREID_0025510
25511,MREID_0025511
25512,MREID_0025512
25513,MREID_0025513
25514,MREID_0025514
25515,MREID_0025515
25516,MREID_0025516
25517,MREID_0025517
25518,MREID_0025518
25519,MREID_0025519
25520,MREID_0025520
25521,MREID_0025521
25522,MREID_0025522
25523,MREID_0025523
25524,MREID_0025524
25525,MREID_0025525
25526,MREID_0025526
25527,MREID_0025527
25528,MREID_0025528
25529,MREID_0025529
25530,MREID_0025530
25531,MREID_0025531
25532,MREID_0025532
25533,MREID_0025533
25534,MREID_0025534
25535,MREID_0025535
25536,MREID_0025536
25537,MREID_0025537
25538,MREID_0025538
25539,MREID_0025539
25540,MREID_0025540
25541,MREID_0025541
25542,MREID_0025542
25543,MREID_0025543
25544,MREID_0025544
25545,MREID_0025545
25546,MREID_0025546
25547,MREID_0025547
25548,MREID_0025548
25549,MREID_0025550
25550,MREID_0025549
25551,MREID_0025551
25552,MREID_0025552
25553,MREID_0025553
25554,MREID_0025554
25555,MREID_0025555
25556,MREID_0025556
25557,MREID_0025557
25558,MREID_0025558
25559,MREID_0025559
25560,MREID_0025560
25561,MREID_0025561
25562,MREID_0025562
25563,MREID_0025563
25564,MREID_0025564
25565,MREID_0025565
25566,MREID_0025566
25567,MREID_0025567
25568,MREID_0025568
25569,MREID_0025569
25570,MREID_0025570
25571,MREID_0025571
25572,MREID_0025572
25573,MREID_0025573
25574,MREID_0025574
25575,MREID_0025575
25576,MREID_0025576
25577,MREID_0025577
25578,MREID_0025578
25579,MREID_0025579
25580,MREID_0025580
25581,MREID_0025581
25582,MREID_0025582
25583,MREID_0025583
25584,MREID_0025584
25585,MREID_0025585
25586,MREID_0025586
25587,MREID_0025587
25588,MREID_0025588
25589,MREID_0025589
25590,MREID_0025590
25591,MREID_0025591
25592,MREID_0025592
25593,MREID_0025593
25594,MREID_0025594
25595,MREID_0025595
25596,MREID_0025596
25597,MREID_0025597
25598,MREID_0025598
25599,MREID_0025599
25600,MREID_0025600
25601,MREID_0025601
25602,MREID_0025602
25603,MREID_0025603
25604,MREID_0025604
25605,MREID_0025605
25606,MREID_0025606
25607,MREID_0025607
25608,MREID_0025608
25609,MREID_0025609
25610,MREID_0025610
25611,MREID_0025611
25612,MREID_0025612
25613,MREID_0025613
25614,MREID_0025614
25615,MREID_0025615
25616,MREID_0025616
25617,MREID_0025617
25618,MREID_0025618
25619,MREID_0025619
25620,MREID_0025620
25621,MREID_0025621
25622,MREID_0025622
25623,MREID_0025623
25624,MREID_0025624
25625,MREID_0025625
25626,MREID_0025626
25627,MREID_0025627
25628,MREID_0025628
25629,MREID_0025629
25630,MREID_0025630
25631,MREID_0025631
25632,MREID_0025632
25633,MREID_0025633
25634,MREID_0025634
25635,MREID_0025635
25636,MREID_0025636
25637,MREID_0025637
25638,MREID_0025638
25639,MREID_0025639
25640,MREID_0025640
25641,MREID_0025641
25642,MREID_0025642
25643,MREID_0025643
25644,MREID_0025644
25645,MREID_0025645
25646,MREID_0025646
25647,MREID_0025647
25648,MREID_0025648
25649,MREID_0025649
25650,MREID_0025650
25651,MREID_0025651
25652,MREID_0025652
25653,MREID_0025653
25654,MREID_0025654
25655,MREID_0025655
25656,MREID_0025656
25657,MREID_0025657
25658,MREID_0025658
25659,MREID_0025659
25660,MREID_0025660
25661,MREID_0025661
25662,MREID_0025662
25663,MREID_0025663
25664,MREID_0025664
25665,MREID_0025665
25666,MREID_0025666
25667,MREID_0025667
25668,MREID_0025668
25669,MREID_0025669
25670,MREID_0025670
25671,MREID_0025671
25672,MREID_0025672
25673,MREID_0025673
25674,MREID_0025674
25675,MREID_0025675
25676,MREID_0025676
25677,MREID_0025677
25678,MREID_0025678
25679,MREID_0025679
25680,MREID_0025680
25681,MREID_0025681
25682,MREID_0025682
25683,MREID_0025683
25684,MREID_0025684
25685,MREID_0025685
25686,MREID_0025686
25687,MREID_0025687
25688,MREID_0025688
25689,MREID_0025689
25690,MREID_0025690
25691,MREID_0025691
25692,MREID_0025692
25693,MREID_0025693
25694,MREID_0025694
25695,MREID_0025695
25696,MREID_0025696
25697,MREID_0025697
25698,MREID_0025698
25699,MREID_0025699
25700,MREID_0025700
25701,MREID_0025701
25702,MREID_0025702
25703,MREID_0025703
25704,MREID_0025704
25705,MREID_0025705
25706,MREID_0025706
25707,MREID_0025707
25708,MREID_0025708
25709,MREID_0025709
25710,MREID_0025710
25711,MREID_0025711
25712,MREID_0025712
25713,MREID_0025713
25714,MREID_0025714
25715,MREID_0025715
25716,MREID_0025716
25717,MREID_0025717
25718,MREID_0025718
25719,MREID_0025719
25720,MREID_0025720
25721,MREID_0025721
25722,MREID_0025722
25723,MREID_0025723
25724,MREID_0025724
25725,MREID_0025725
25726,MREID_0025726
25727,MREID_0025727
25728,MREID_0025728
25729,MREID_0025729
25730,MREID_0025730
25731,MREID_0025731
25732,MREID_0025732
25733,MREID_0025733
25734,MREID_0025734
25735,MREID_0025735
25736,MREID_0025736
25737,MREID_0025737
25738,MREID_0025738
25739,MREID_0025739
25740,MREID_0025740
25741,MREID_0025741
25742,MREID_0025742
25743,MREID_0025743
25744,MREID_0025744
25745,MREID_0025745
25746,MREID_0025746
25747,MREID_0025747
25748,MREID_0025748
25749,MREID_0025749
25750,MREID_0025750
25751,MREID_0025751
25752,MREID_0025752
25753,MREID_0025753
25754,MREID_0025754
25755,MREID_0025755
25756,MREID_0025756
25757,MREID_0025757
25758,MREID_0025758
25759,MREID_0025759
25760,MREID_0025760
25761,MREID_0025761
25762,MREID_0025762
25763,MREID_0025763
25764,MREID_0025764
25765,MREID_0025765
25766,MREID_0025766
25767,MREID_0025767
25768,MREID_0025768
25769,MREID_0025769
25770,MREID_0025770
25771,MREID_0025771
25772,MREID_0025772
25773,MREID_0025773
25774,MREID_0025774
25775,MREID_0025775
25776,MREID_0025776
25777,MREID_0025777
25778,MREID_0025778
25779,MREID_0025779
25780,MREID_0025780
25781,MREID_0025781
25782,MREID_0025782
25783,MREID_0025783
25784,MREID_0025784
25785,MREID_0025785
25786,MREID_0025786
25787,MREID_0025787
25788,MREID_0025788
25789,MREID_0025789
25790,MREID_0025790
25791,MREID_0025791
25792,MREID_0025792
25793,MREID_0025793
25794,MREID_0025794
25795,MREID_0025795
25796,MREID_0025796
25797,MREID_0025797
25798,MREID_0025798
25799,MREID_0025799
25800,MREID_0025800
25801,MREID_0025801
25802,MREID_0025802
25803,MREID_0025803
25804,MREID_0025804
25805,MREID_0025805
25806,MREID_0025806
25807,MREID_0025807
25808,MREID_0025808
25809,MREID_0025809
25810,MREID_0025810
25811,MREID_0025811
25812,MREID_0025812
25813,MREID_0025813
25814,MREID_0025814
25815,MREID_0025815
25816,MREID_0025816
25817,MREID_0025817
25818,MREID_0025818
25819,MREID_0025819
25820,MREID_0025820
25821,MREID_0025821
25822,MREID_0025822
25823,MREID_0025823
25824,MREID_0025824
25825,MREID_0025825
25826,MREID_0025826
25827,MREID_0025827
25828,MREID_0025828
25829,MREID_0025829
25830,MREID_0025830
25831,MREID_0025831
25832,MREID_0025832
25833,MREID_0025833
25834,MREID_0025834
25835,MREID_0025835
25836,MREID_0025836
25837,MREID_0025837
25838,MREID_0025838
25839,MREID_0025839
25840,MREID_0025840
25841,MREID_0025841
25842,MREID_0025842
25843,MREID_0025843
25844,MREID_0025844
25845,MREID_0025845
25846,MREID_0025846
25847,MREID_0025847
25848,MREID_0025848
25849,MREID_0025849
25850,MREID_0025850
25851,MREID_0025851
25852,MREID_0025852
25853,MREID_0025853
25854,MREID_0025854
25855,MREID_0025855
25856,MREID_0025856
25857,MREID_0025857
25858,MREID_0025858
25859,MREID_0025859
25860,MREID_0025860
25861,MREID_0025861
25862,MREID_0025862
25863,MREID_0025863
25864,MREID_0025864
25865,MREID_0025865
25866,MREID_0025866
25867,MREID_0025868
25868,MREID_0025867
25869,MREID_0025869
25870,MREID_0025870
25871,MREID_0025871
25872,MREID_0025872
25873,MREID_0025873
25874,MREID_0025874
25875,MREID_0025875
25876,MREID_0025876
25877,MREID_0025877
25878,MREID_0025878
25879,MREID_0025879
25880,MREID_0025880
25881,MREID_0025881
25882,MREID_0025882
25883,MREID_0025883
25884,MREID_0025884
25885,MREID_0025885
25886,MREID_0025886
25887,MREID_0025887
25888,MREID_0025888
25889,MREID_0025889
25890,MREID_0025890
25891,MREID_0025891
25892,MREID_0025892
25893,MREID_0025893
25894,MREID_0025894
25895,MREID_0025895
25896,MREID_0025896
25897,MREID_0025897
25898,MREID_0025898
25899,MREID_0025899
25900,MREID_0025900
25901,MREID_0025901
25902,MREID_0025902
25903,MREID_0025903
25904,MREID_0025904
25905,MREID_0025905
25906,MREID_0025906
25907,MREID_0025907
25908,MREID_0025908
25909,MREID_0025909
25910,MREID_0025910
25911,MREID_0025911
25912,MREID_0025912
25913,MREID_0025913
25914,MREID_0025914
25915,MREID_0025915
25916,MREID_0025916
25917,MREID_0025917
25918,MREID_0025918
25919,MREID_0025919
25920,MREID_0025920
25921,MREID_0025921
25922,MREID_0025922
25923,MREID_0025923
25924,MREID_0025924
25925,MREID_0025925
25926,MREID_0025926
25927,MREID_0025927
25928,MREID_0025928
25929,MREID_0025929
25930,MREID_0025930
25931,MREID_0025931
25932,MREID_0025932
25933,MREID_0025933
25934,MREID_0025934
25935,MREID_0025935
25936,MREID_0025936
25937,MREID_0025937
25938,MREID_0025938
25939,MREID_0025939
25940,MREID_0025940
25941,MREID_0025941
25942,MREID_0025942
25943,MREID_0025943
25944,MREID_0025944
25945,MREID_0025945
25946,MREID_0025946
25947,MREID_0025947
25948,MREID_0025948
25949,MREID_0025949
25950,MREID_0025950
25951,MREID_0025951
25952,MREID_0025952
25953,MREID_0025953
25954,MREID_0025954
25955,MREID_0025955
25956,MREID_0025956
25957,MREID_0025957
25958,MREID_0025958
25959,MREID_0025959
25960,MREID_0025960
25961,MREID_0025961
25962,MREID_0025962
25963,MREID_0025963
25964,MREID_0025964
25965,MREID_0025965
25966,MREID_0025966
25967,MREID_0025967
25968,MREID_0025968
25969,MREID_0025969
25970,MREID_0025970
25971,MREID_0025971
25972,MREID_0025972
25973,MREID_0025973
25974,MREID_0025974
25975,MREID_0025975
25976,MREID_0025976
25977,MREID_0025977
25978,MREID_0025978
25979,MREID_0025979
25980,MREID_0025980
25981,MREID_0025981
25982,MREID_0025982
25983,MREID_0025983
25984,MREID_0025984
25985,MREID_0025985
25986,MREID_0025986
25987,MREID_0025987
25988,MREID_0025988
25989,MREID_0025989
25990,MREID_0025990
25991,MREID_0025991
25992,MREID_0025992
25993,MREID_0025993
25994,MREID_0025994
25995,MREID_0025995
25996,MREID_0025996
25997,MREID_0025997
25998,MREID_0025998
25999,MREID_0025999
26000,MREID_0026000
26001,MREID_0026001
26002,MREID_0026002
26003,MREID_0026003
26004,MREID_0026004
26005,MREID_0026005
26006,MREID_0026006
26007,MREID_0026007
26008,MREID_0026008
26009,MREID_0026009
26010,MREID_0026010
26011,MREID_0026011
26012,MREID_0026012
26013,MREID_0026013
26014,MREID_0026014
26015,MREID_0026015
26016,MREID_0026016
26017,MREID_0026017
26018,MREID_0026018
26019,MREID_0026019
26020,MREID_0026020
26021,MREID_0026021
26022,MREID_0026022
26023,MREID_0026023
26024,MREID_0026024
26025,MREID_0026025
26026,MREID_0026026
26027,MREID_0026027
26028,MREID_0026028
26029,MREID_0026029
26030,MREID_0026030
26031,MREID_0026031
26032,MREID_0026032
26033,MREID_0026033
26034,MREID_0026034
26035,MREID_0026035
26036,MREID_0026036
26037,MREID_0026037
26038,MREID_0026038
26039,MREID_0026039
26040,MREID_0026040
26041,MREID_0026041
26042,MREID_0026042
26043,MREID_0026043
26044,MREID_0026044
26045,MREID_0026045
26046,MREID_0026046
26047,MREID_0026047
26048,MREID_0026048
26049,MREID_0026049
26050,MREID_0026050
26051,MREID_0026051
26052,MREID_0026052
26053,MREID_0026053
26054,MREID_0026054
26055,MREID_0026055
26056,MREID_0026056
26057,MREID_0026057
26058,MREID_0026058
26059,MREID_0026059
26060,MREID_0026060
26061,MREID_0026061
26062,MREID_0026062
26063,MREID_0026063
26064,MREID_0026064
26065,MREID_0026065
26066,MREID_0026066
26067,MREID_0026067
26068,MREID_0026068
26069,MREID_0026069
26070,MREID_0026070
26071,MREID_0026071
26072,MREID_0026072
26073,MREID_0026073
26074,MREID_0026074
26075,MREID_0026075
26076,MREID_0026076
26077,MREID_0026077
26078,MREID_0026078
26079,MREID_0026079
26080,MREID_0026080
26081,MREID_0026081
26082,MREID_0026082
26083,MREID_0026083
26084,MREID_0026084
26085,MREID_0026085
26086,MREID_0026086
26087,MREID_0026087
26088,MREID_0026088
26089,MREID_0026089
26090,MREID_0026090
26091,MREID_0026091
26092,MREID_0026092
26093,MREID_0026093
26094,MREID_0026094
26095,MREID_0026095
26096,MREID_0026096
26097,MREID_0026097
26098,MREID_0026098
26099,MREID_0026099
26100,MREID_0026100
26101,MREID_0026101
26102,MREID_0026102
26103,MREID_0026103
26104,MREID_0026104
26105,MREID_0026105
26106,MREID_0026106
26107,MREID_0026107
26108,MREID_0026108
26109,MREID_0026109
26110,MREID_0026110
26111,MREID_0026111
26112,MREID_0026112
26113,MREID_0026113
26114,MREID_0026114
26115,MREID_0026115
26116,MREID_0026116
26117,MREID_0026117
26118,MREID_0026118
26119,MREID_0026119
26120,MREID_0026120
26121,MREID_0026121
26122,MREID_0026122
26123,MREID_0026123
26124,MREID_0026124
26125,MREID_0026125
26126,MREID_0026126
26127,MREID_0026127
26128,MREID_0026128
26129,MREID_0026129
26130,MREID_0026130
26131,MREID_0026131
26132,MREID_0026132
26133,MREID_0026133
26134,MREID_0026134
26135,MREID_0026135
26136,MREID_0026136
26137,MREID_0026137
26138,MREID_0026138
26139,MREID_0026139
26140,MREID_0026140
26141,MREID_0026141
26142,MREID_0026142
26143,MREID_0026143
26144,MREID_0026144
26145,MREID_0026145
26146,MREID_0026146
26147,MREID_0026147
26148,MREID_0026148
26149,MREID_0026149
26150,MREID_0026150
26151,MREID_0026151
26152,MREID_0026152
26153,MREID_0026153
26154,MREID_0026154
26155,MREID_0026155
26156,MREID_0026156
26157,MREID_0026157
26158,MREID_0026158
26159,MREID_0026159
26160,MREID_0026160
26161,MREID_0026161
26162,MREID_0026162
26163,MREID_0026163
26164,MREID_0026164
26165,MREID_0026165
26166,MREID_0026166
26167,MREID_0026167
26168,MREID_0026168
26169,MREID_0026169
26170,MREID_0026170
26171,MREID_0026171
26172,MREID_0026172
26173,MREID_0026173
26174,MREID_0026174
26175,MREID_0026175
26176,MREID_0026176
26177,MREID_0026177
26178,MREID_0026178
26179,MREID_0026179
26180,MREID_0026180
26181,MREID_0026181
26182,MREID_0026182
26183,MREID_0026183
26184,MREID_0026184
26185,MREID_0026185
26186,MREID_0026186
26187,MREID_0026187
26188,MREID_0026188
26189,MREID_0026189
26190,MREID_0026190
26191,MREID_0026191
26192,MREID_0026192
26193,MREID_0026193
26194,MREID_0026194
26195,MREID_0026195
26196,MREID_0026196
26197,MREID_0026197
26198,MREID_0026198
26199,MREID_0026199
26200,MREID_0026200
26201,MREID_0026201
26202,MREID_0026202
26203,MREID_0026203
26204,MREID_0026204
26205,MREID_0026205
26206,MREID_0026206
26207,MREID_0026207
26208,MREID_0026208
26209,MREID_0026209
26210,MREID_0026210
26211,MREID_0026211
26212,MREID_0026212
26213,MREID_0026213
26214,MREID_0026214
26215,MREID_0026215
26216,MREID_0026216
26217,MREID_0026217
26218,MREID_0026218
26219,MREID_0026219
26220,MREID_0026220
26221,MREID_0026221
26222,MREID_0026222
26223,MREID_0026223
26224,MREID_0026224
26225,MREID_0026225
26226,MREID_0026226
26227,MREID_0026227
26228,MREID_0026228
26229,MREID_0026229
26230,MREID_0026230
26231,MREID_0026231
26232,MREID_0026232
26233,MREID_0026233
26234,MREID_0026234
26235,MREID_0026235
26236,MREID_0026236
26237,MREID_0026237
26238,MREID_0026238
26239,MREID_0026239
26240,MREID_0026240
26241,MREID_0026241
26242,MREID_0026242
26243,MREID_0026243
26244,MREID_0026244
26245,MREID_0026245
26246,MREID_0026246
26247,MREID_0026247
26248,MREID_0026248
26249,MREID_0026249
26250,MREID_0026250
26251,MREID_0026251
26252,MREID_0026252
26253,MREID_0026253
26254,MREID_0026254
26255,MREID_0026255
26256,MREID_0026256
26257,MREID_0026257
26258,MREID_0026258
26259,MREID_0026259
26260,MREID_0026260
26261,MREID_0026261
26262,MREID_0026262
26263,MREID_0026263
26264,MREID_0026264
26265,MREID_0026265
26266,MREID_0026266
26267,MREID_0026267
26268,MREID_0026268
26269,MREID_0026269
26270,MREID_0026270
26271,MREID_0026271
26272,MREID_0026272
26273,MREID_0026273
26274,MREID_0026274
26275,MREID_0026275
26276,MREID_0026276
26277,MREID_0026277
26278,MREID_0026278
26279,MREID_0026279
26280,MREID_0026280
26281,MREID_0026281
26282,MREID_0026282
26283,MREID_0026283
26284,MREID_0026284
26285,MREID_0026285
26286,MREID_0026286
26287,MREID_0026287
26288,MREID_0026288
26289,MREID_0026289
26290,MREID_0026290
26291,MREID_0026291
26292,MREID_0026292
26293,MREID_0026293
26294,MREID_0026294
26295,MREID_0026295
26296,MREID_0026296
26297,MREID_0026297
26298,MREID_0026298
26299,MREID_0026299
26300,MREID_0026300
26301,MREID_0026301
26302,MREID_0026302
26303,MREID_0026303
26304,MREID_0026304
26305,MREID_0026305
26306,MREID_0026306
26307,MREID_0026307
26308,MREID_0026308
26309,MREID_0026309
26310,MREID_0026310
26311,MREID_0026311
26312,MREID_0026312
26313,MREID_0026313
26314,MREID_0026314
26315,MREID_0026315
26316,MREID_0026316
26317,MREID_0026317
26318,MREID_0026318
26319,MREID_0026319
26320,MREID_0026320
26321,MREID_0026321
26322,MREID_0026322
26323,MREID_0026323
26324,MREID_0026324
26325,MREID_0026325
26326,MREID_0026326
26327,MREID_0026327
26328,MREID_0026328
26329,MREID_0026329
26330,MREID_0026330
26331,MREID_0026331
26332,MREID_0026332
26333,MREID_0026333
26334,MREID_0026334
26335,MREID_0026335
26336,MREID_0026336
26337,MREID_0026337
26338,MREID_0026338
26339,MREID_0026339
26340,MREID_0026340
26341,MREID_0026341
26342,MREID_0026342
26343,MREID_0026343
26344,MREID_0026344
26345,MREID_0026345
26346,MREID_0026346
26347,MREID_0026347
26348,MREID_0026348
26349,MREID_0026349
26350,MREID_0026350
26351,MREID_0026351
26352,MREID_0026352
26353,MREID_0026353
26354,MREID_0026354
26355,MREID_0026355
26356,MREID_0026356
26357,MREID_0026357
26358,MREID_0026358
26359,MREID_0026359
26360,MREID_0026360
26361,MREID_0026361
26362,MREID_0026362
26363,MREID_0026363
26364,MREID_0026364
26365,MREID_0026365
26366,MREID_0026366
26367,MREID_0026367
26368,MREID_0026368
26369,MREID_0026369
26370,MREID_0026371
26371,MREID_0026370
26372,MREID_0026372
26373,MREID_0026373
26374,MREID_0026374
26375,MREID_0026375
26376,MREID_0026376
26377,MREID_0026377
26378,MREID_0026378
26379,MREID_0026379
26380,MREID_0026380
26381,MREID_0026381
26382,MREID_0026382
26383,MREID_0026383
26384,MREID_0026384
26385,MREID_0026385
26386,MREID_0026386
26387,MREID_0026387
26388,MREID_0026388
26389,MREID_0026389
26390,MREID_0026390
26391,MREID_0026391
26392,MREID_0026392
26393,MREID_0026393
26394,MREID_0026394
26395,MREID_0026395
26396,MREID_0026396
26397,MREID_0026397
26398,MREID_0026398
26399,MREID_0026399
26400,MREID_0026400
26401,MREID_0026401
26402,MREID_0026402
26403,MREID_0026403
26404,MREID_0026404
26405,MREID_0026405
26406,MREID_0026406
26407,MREID_0026407
26408,MREID_0026408
26409,MREID_0026409
26410,MREID_0026410
26411,MREID_0026411
26412,MREID_0026412
26413,MREID_0026413
26414,MREID_0026414
26415,MREID_0026415
26416,MREID_0026416
26417,MREID_0026417
26418,MREID_0026419
26419,MREID_0026418
26420,MREID_0026420
26421,MREID_0026421
26422,MREID_0026422
26423,MREID_0026423
26424,MREID_0026424
26425,MREID_0026425
26426,MREID_0026426
26427,MREID_0026427
26428,MREID_0026428
26429,MREID_0026429
26430,MREID_0026430
26431,MREID_0026431
26432,MREID_0026432
26433,MREID_0026433
26434,MREID_0026434
26435,MREID_0026435
26436,MREID_0026436
26437,MREID_0026437
26438,MREID_0026438
26439,MREID_0026439
26440,MREID_0026440
26441,MREID_0026441
26442,MREID_0026442
26443,MREID_0026443
26444,MREID_0026444
26445,MREID_0026445
26446,MREID_0026446
26447,MREID_0026447
26448,MREID_0026448
26449,MREID_0026449
26450,MREID_0026450
26451,MREID_0026451
26452,MREID_0026452
26453,MREID_0026453
26454,MREID_0026454
26455,MREID_0026455
26456,MREID_0026456
26457,MREID_0026457
26458,MREID_0026458
26459,MREID_0026459
26460,MREID_0026460
26461,MREID_0026461
26462,MREID_0026462
26463,MREID_0026463
26464,MREID_0026464
26465,MREID_0026465
26466,MREID_0026466
26467,MREID_0026467
26468,MREID_0026469
26469,MREID_0026468
26470,MREID_0026470
26471,MREID_0026471
26472,MREID_0026472
26473,MREID_0026473
26474,MREID_0026474
26475,MREID_0026475
26476,MREID_0026476
26477,MREID_0026477
26478,MREID_0026478
26479,MREID_0026479
26480,MREID_0026480
26481,MREID_0026481
26482,MREID_0026482
26483,MREID_0026483
26484,MREID_0026484
26485,MREID_0026485
26486,MREID_0026486
26487,MREID_0026487
26488,MREID_0026488
26489,MREID_0026489
26490,MREID_0026490
26491,MREID_0026491
26492,MREID_0026492
26493,MREID_0026493
26494,MREID_0026494
26495,MREID_0026495
26496,MREID_0026496
26497,MREID_0026497
26498,MREID_0026498
26499,MREID_0026499
26500,MREID_0026500
26501,MREID_0026501
26502,MREID_0026502
26503,MREID_0026503
26504,MREID_0026504
26505,MREID_0026505
26506,MREID_0026506
26507,MREID_0026507
26508,MREID_0026508
26509,MREID_0026509
26510,MREID_0026510
26511,MREID_0026511
26512,MREID_0026512
26513,MREID_0026513
26514,MREID_0026514
26515,MREID_0026515
26516,MREID_0026516
26517,MREID_0026517
26518,MREID_0026518
26519,MREID_0026519
26520,MREID_0026520
26521,MREID_0026521
26522,MREID_0026522
26523,MREID_0026523
26524,MREID_0026524
26525,MREID_0026525
26526,MREID_0026526
26527,MREID_0026527
26528,MREID_0026528
26529,MREID_0026529
26530,MREID_0026530
26531,MREID_0026531
26532,MREID_0026532
26533,MREID_0026533
26534,MREID_0026534
26535,MREID_0026535
26536,MREID_0026536
26537,MREID_0026537
26538,MREID_0026538
26539,MREID_0026539
26540,MREID_0026540
26541,MREID_0026541
26542,MREID_0026542
26543,MREID_0026543
26544,MREID_0026544
26545,MREID_0026545
26546,MREID_0026546
26547,MREID_0026547
26548,MREID_0026548
26549,MREID_0026549
26550,MREID_0026550
26551,MREID_0026551
26552,MREID_0026552
26553,MREID_0026553
26554,MREID_0026554
26555,MREID_0026555
26556,MREID_0026556
26557,MREID_0026557
26558,MREID_0026558
26559,MREID_0026559
26560,MREID_0026560
26561,MREID_0026561
26562,MREID_0026562
26563,MREID_0026563
26564,MREID_0026564
26565,MREID_0026565
26566,MREID_0026566
26567,MREID_0026567
26568,MREID_0026568
26569,MREID_0026569
26570,MREID_0026570
26571,MREID_0026571
26572,MREID_0026573
26573,MREID_0026572
26574,MREID_0026574
26575,MREID_0026575
26576,MREID_0026576
26577,MREID_0026577
26578,MREID_0026578
26579,MREID_0026579
26580,MREID_0026580
26581,MREID_0026581
26582,MREID_0026582
26583,MREID_0026583
26584,MREID_0026584
26585,MREID_0026585
26586,MREID_0026586
26587,MREID_0026587
26588,MREID_0026588
26589,MREID_0026589
26590,MREID_0026590
26591,MREID_0026591
26592,MREID_0026592
26593,MREID_0026593
26594,MREID_0026594
26595,MREID_0026595
26596,MREID_0026596
26597,MREID_0026597
26598,MREID_0026598
26599,MREID_0026599
26600,MREID_0026600
26601,MREID_0026601
26602,MREID_0026602
26603,MREID_0026603
26604,MREID_0026604
26605,MREID_0026605
26606,MREID_0026606
26607,MREID_0026607
26608,MREID_0026608
26609,MREID_0026609
26610,MREID_0026610
26611,MREID_0026611
26612,MREID_0026612
26613,MREID_0026613
26614,MREID_0026614
26615,MREID_0026615
26616,MREID_0026616
26617,MREID_0026617
26618,MREID_0026618
26619,MREID_0026619
26620,MREID_0026620
26621,MREID_0026621
26622,MREID_0026622
26623,MREID_0026623
26624,MREID_0026624
26625,MREID_0026625
26626,MREID_0026626
26627,MREID_0026627
26628,MREID_0026628
26629,MREID_0026629
26630,MREID_0026630
26631,MREID_0026631
26632,MREID_0026632
26633,MREID_0026633
26634,MREID_0026634
26635,MREID_0026636
26636,MREID_0026635
26637,MREID_0026637
26638,MREID_0026638
26639,MREID_0026639
26640,MREID_0026640
26641,MREID_0026641
26642,MREID_0026642
26643,MREID_0026643
26644,MREID_0026644
26645,MREID_0026645
26646,MREID_0026646
26647,MREID_0026647
26648,MREID_0026648
26649,MREID_0026649
26650,MREID_0026650
26651,MREID_0026651
26652,MREID_0026652
26653,MREID_0026653
26654,MREID_0026654
26655,MREID_0026655
26656,MREID_0026656
26657,MREID_0026657
26658,MREID_0026658
26659,MREID_0026659
26660,MREID_0026660
26661,MREID_0026661
26662,MREID_0026662
26663,MREID_0026663
26664,MREID_0026664
26665,MREID_0026665
26666,MREID_0026666
26667,MREID_0026667
26668,MREID_0026668
26669,MREID_0026669
26670,MREID_0026670
26671,MREID_0026671
26672,MREID_0026672
26673,MREID_0026673
26674,MREID_0026674
26675,MREID_0026675
26676,MREID_0026676
26677,MREID_0026677
26678,MREID_0026678
26679,MREID_0026679
26680,MREID_0026680
26681,MREID_0026681
26682,MREID_0026682
26683,MREID_0026683
26684,MREID_0026684
26685,MREID_0026685
26686,MREID_0026686
26687,MREID_0026688
26688,MREID_0026687
26689,MREID_0026689
26690,MREID_0026690
26691,MREID_0026691
26692,MREID_0026692
26693,MREID_0026693
26694,MREID_0026694
26695,MREID_0026695
26696,MREID_0026696
26697,MREID_0026697
26698,MREID_0026698
26699,MREID_0026699
26700,MREID_0026700
26701,MREID_0026701
26702,MREID_0026702
26703,MREID_0026703
26704,MREID_0026704
26705,MREID_0026705
26706,MREID_0026706
26707,MREID_0026707
26708,MREID_0026708
26709,MREID_0026709
26710,MREID_0026710
26711,MREID_0026711
26712,MREID_0026712
26713,MREID_0026713
26714,MREID_0026714
26715,MREID_0026715
26716,MREID_0026716
26717,MREID_0026717
26718,MREID_0026718
26719,MREID_0026719
26720,MREID_0026720
26721,MREID_0026721
26722,MREID_0026722
26723,MREID_0026723
26724,MREID_0026724
26725,MREID_0026725
26726,MREID_0026726
26727,MREID_0026727
26728,MREID_0026728
26729,MREID_0026729
26730,MREID_0026730
26731,MREID_0026733
26732,MREID_0026731
26733,MREID_0026732
26734,MREID_0026734
26735,MREID_0026735
26736,MREID_0026736
26737,MREID_0026737
26738,MREID_0026738
26739,MREID_0026739
26740,MREID_0026740
26741,MREID_0026741
26742,MREID_0026742
26743,MREID_0026743
26744,MREID_0026744
26745,MREID_0026745
26746,MREID_0026746
26747,MREID_0026747
26748,MREID_0026748
26749,MREID_0026749
26750,MREID_0026750
26751,MREID_0026751
26752,MREID_0026752
26753,MREID_0026753
26754,MREID_0026754
26755,MREID_0026755
26756,MREID_0026756
26757,MREID_0026757
26758,MREID_0026758
26759,MREID_0026759
26760,MREID_0026760
26761,MREID_0026761
26762,MREID_0026762
26763,MREID_0026763
26764,MREID_0026764
26765,MREID_0026765
26766,MREID_0026766
26767,MREID_0026767
26768,MREID_0026768
26769,MREID_0026769
26770,MREID_0026770
26771,MREID_0026771
26772,MREID_0026772
26773,MREID_0026773
26774,MREID_0026774
26775,MREID_0026775
26776,MREID_0026776
26777,MREID_0026777
26778,MREID_0026778
26779,MREID_0026779
26780,MREID_0026780
26781,MREID_0026781
26782,MREID_0026782
26783,MREID_0026783
26784,MREID_0026784
26785,MREID_0026785
26786,MREID_0026786
26787,MREID_0026787
26788,MREID_0026788
26789,MREID_0026789
26790,MREID_0026790
26791,MREID_0026791
26792,MREID_0026792
26793,MREID_0026793
26794,MREID_0026794
26795,MREID_0026795
26796,MREID_0026796
26797,MREID_0026797
26798,MREID_0026798
26799,MREID_0026799
26800,MREID_0026800
26801,MREID_0026801
26802,MREID_0026802
26803,MREID_0026803
26804,MREID_0026804
26805,MREID_0026805
26806,MREID_0026806
26807,MREID_0026807
26808,MREID_0026808
26809,MREID_0026809
26810,MREID_0026810
26811,MREID_0026811
26812,MREID_0026812
26813,MREID_0026813
26814,MREID_0026814
26815,MREID_0026815
26816,MREID_0026816
26817,MREID_0026817
26818,MREID_0026818
26819,MREID_0026819
26820,MREID_0026820
26821,MREID_0026821
26822,MREID_0026822
26823,MREID_0026823
26824,MREID_0026824
26825,MREID_0026825
26826,MREID_0026826
26827,MREID_0026827
26828,MREID_0026828
26829,MREID_0026829
26830,MREID_0026830
26831,MREID_0026831
26832,MREID_0026832
26833,MREID_0026833
26834,MREID_0026834
26835,MREID_0026835
26836,MREID_0026836
26837,MREID_0026837
26838,MREID_0026838
26839,MREID_0026839
26840,MREID_0026840
26841,MREID_0026841
26842,MREID_0026842
26843,MREID_0026843
26844,MREID_0026844
26845,MREID_0026845
26846,MREID_0026846
26847,MREID_0026847
26848,MREID_0026848
26849,MREID_0026849
26850,MREID_0026850
26851,MREID_0026851
26852,MREID_0026852
26853,MREID_0026853
26854,MREID_0026854
26855,MREID_0026855
26856,MREID_0026856
26857,MREID_0026857
26858,MREID_0026858
26859,MREID_0026859
26860,MREID_0026860
26861,MREID_0026861
26862,MREID_0026862
26863,MREID_0026863
26864,MREID_0026864
26865,MREID_0026865
26866,MREID_0026866
26867,MREID_0026867
26868,MREID_0026868
26869,MREID_0026869
26870,MREID_0026870
26871,MREID_0026871
26872,MREID_0026872
26873,MREID_0026873
26874,MREID_0026874
26875,MREID_0026875
26876,MREID_0026876
26877,MREID_0026877
26878,MREID_0026878
26879,MREID_0026879
26880,MREID_0026880
26881,MREID_0026881
26882,MREID_0026882
26883,MREID_0026883
26884,MREID_0026884
26885,MREID_0026885
26886,MREID_0026886
26887,MREID_0026887
26888,MREID_0026888
26889,MREID_0026889
26890,MREID_0026890
26891,MREID_0026891
26892,MREID_0026892
26893,MREID_0026893
26894,MREID_0026894
26895,MREID_0026895
26896,MREID_0026896
26897,MREID_0026897
26898,MREID_0026898
26899,MREID_0026899
26900,MREID_0026900
26901,MREID_0026901
26902,MREID_0026902
26903,MREID_0026903
26904,MREID_0026904
26905,MREID_0026905
26906,MREID_0026906
26907,MREID_0026907
26908,MREID_0026908
26909,MREID_0026909
26910,MREID_0026910
26911,MREID_0026911
26912,MREID_0026912
26913,MREID_0026913
26914,MREID_0026914
26915,MREID_0026915
26916,MREID_0026916
26917,MREID_0026917
26918,MREID_0026918
26919,MREID_0026919
26920,MREID_0026920
26921,MREID_0026921
26922,MREID_0026923
26923,MREID_0026922
26924,MREID_0026924
26925,MREID_0026925
26926,MREID_0026926
26927,MREID_0026927
26928,MREID_0026928
26929,MREID_0026929
26930,MREID_0026930
26931,MREID_0026931
26932,MREID_0026932
26933,MREID_0026933
26934,MREID_0026934
26935,MREID_0026935
26936,MREID_0026936
26937,MREID_0026937
26938,MREID_0026938
26939,MREID_0026939
26940,MREID_0026940
26941,MREID_0026941
26942,MREID_0026942
26943,MREID_0026943
26944,MREID_0026944
26945,MREID_0026945
26946,MREID_0026946
26947,MREID_0026947
26948,MREID_0026948
26949,MREID_0026949
26950,MREID_0026950
26951,MREID_0026951
26952,MREID_0026952
26953,MREID_0026953
26954,MREID_0026954
26955,MREID_0026955
26956,MREID_0026956
26957,MREID_0026957
26958,MREID_0026958
26959,MREID_0026959
26960,MREID_0026961
26961,MREID_0026960
26962,MREID_0026962
26963,MREID_0026963
26964,MREID_0026964
26965,MREID_0026965
26966,MREID_0026966
26967,MREID_0026967
26968,MREID_0026968
26969,MREID_0026969
26970,MREID_0026970
26971,MREID_0026971
26972,MREID_0026972
26973,MREID_0026973
26974,MREID_0026974
26975,MREID_0026975
26976,MREID_0026976
26977,MREID_0026977
26978,MREID_0026978
26979,MREID_0026979
26980,MREID_0026980
26981,MREID_0026981
26982,MREID_0026982
26983,MREID_0026983
26984,MREID_0026984
26985,MREID_0026985
26986,MREID_0026986
26987,MREID_0026987
26988,MREID_0026988
26989,MREID_0026989
26990,MREID_0026990
26991,MREID_0026991
26992,MREID_0026992
26993,MREID_0026993
26994,MREID_0026994
26995,MREID_0026995
26996,MREID_0026996
26997,MREID_0026997
26998,MREID_0026998
26999,MREID_0026999
27000,MREID_0027000
27001,MREID_0027001
27002,MREID_0027002
27003,MREID_0027003
27004,MREID_0027004
27005,MREID_0027005
27006,MREID_0027006
27007,MREID_0027007
27008,MREID_0027008
27009,MREID_0027009
27010,MREID_0027010
27011,MREID_0027011
27012,MREID_0027012
27013,MREID_0027013
27014,MREID_0027014
27015,MREID_0027015
27016,MREID_0027016
27017,MREID_0027017
27018,MREID_0027018
27019,MREID_0027019
27020,MREID_0027020
27021,MREID_0027021
27022,MREID_0027022
27023,MREID_0027023
27024,MREID_0027024
27025,MREID_0027025
27026,MREID_0027026
27027,MREID_0027027
27028,MREID_0027028
27029,MREID_0027029
27030,MREID_0027030
27031,MREID_0027031
27032,MREID_0027032
27033,MREID_0027033
27034,MREID_0027034
27035,MREID_0027035
27036,MREID_0027036
27037,MREID_0027037
27038,MREID_0027038
27039,MREID_0027039
27040,MREID_0027040
27041,MREID_0027041
27042,MREID_0027042
27043,MREID_0027043
27044,MREID_0027044
27045,MREID_0027045
27046,MREID_0027046
27047,MREID_0027047
27048,MREID_0027048
27049,MREID_0027049
27050,MREID_0027050
27051,MREID_0027051
27052,MREID_0027052
27053,MREID_0027053
27054,MREID_0027054
27055,MREID_0027055
27056,MREID_0027056
27057,MREID_0027057
27058,MREID_0027058
27059,MREID_0027059
27060,MREID_0027060
27061,MREID_0027061
27062,MREID_0027062
27063,MREID_0027063
27064,MREID_0027064
27065,MREID_0027065
27066,MREID_0027066
27067,MREID_0027067
27068,MREID_0027068
27069,MREID_0027069
27070,MREID_0027070
27071,MREID_0027071
27072,MREID_0027072
27073,MREID_0027073
27074,MREID_0027074
27075,MREID_0027075
27076,MREID_0027076
27077,MREID_0027077
27078,MREID_0027078
27079,MREID_0027079
27080,MREID_0027080
27081,MREID_0027081
27082,MREID_0027082
27083,MREID_0027083
27084,MREID_0027084
27085,MREID_0027085
27086,MREID_0027086
27087,MREID_0027087
27088,MREID_0027088
27089,MREID_0027089
27090,MREID_0027090
27091,MREID_0027091
27092,MREID_0027092
27093,MREID_0027093
27094,MREID_0027094
27095,MREID_0027095
27096,MREID_0027096
27097,MREID_0027097
27098,MREID_0027098
27099,MREID_0027099
27100,MREID_0027100
27101,MREID_0027101
27102,MREID_0027102
27103,MREID_0027103
27104,MREID_0027104
27105,MREID_0027105
27106,MREID_0027106
27107,MREID_0027107
27108,MREID_0027108
27109,MREID_0027109
27110,MREID_0027110
27111,MREID_0027111
27112,MREID_0027112
27113,MREID_0027113
27114,MREID_0027114
27115,MREID_0027115
27116,MREID_0027116
27117,MREID_0027117
27118,MREID_0027118
27119,MREID_0027119
27120,MREID_0027120
27121,MREID_0027121
27122,MREID_0027122
27123,MREID_0027123
27124,MREID_0027124
27125,MREID_0027125
27126,MREID_0027126
27127,MREID_0027127
27128,MREID_0027128
27129,MREID_0027129
27130,MREID_0027130
27131,MREID_0027131
27132,MREID_0027132
27133,MREID_0027133
27134,MREID_0027134
27135,MREID_0027135
27136,MREID_0027136
27137,MREID_0027137
27138,MREID_0027138
27139,MREID_0027139
27140,MREID_0027140
27141,MREID_0027141
27142,MREID_0027142
27143,MREID_0027143
27144,MREID_0027144
27145,MREID_0027145
27146,MREID_0027146
27147,MREID_0027147
27148,MREID_0027148
27149,MREID_0027149
27150,MREID_0027150
27151,MREID_0027151
27152,MREID_0027152
27153,MREID_0027153
27154,MREID_0027154
27155,MREID_0027155
27156,MREID_0027156
27157,MREID_0027157
27158,MREID_0027158
27159,MREID_0027159
27160,MREID_0027160
27161,MREID_0027161
27162,MREID_0027162
27163,MREID_0027163
27164,MREID_0027164
27165,MREID_0027165
27166,MREID_0027166
27167,MREID_0027167
27168,MREID_0027168
27169,MREID_0027169
27170,MREID_0027170
27171,MREID_0027171
27172,MREID_0027172
27173,MREID_0027173
27174,MREID_0027174
27175,MREID_0027175
27176,MREID_0027176
27177,MREID_0027177
27178,MREID_0027178
27179,MREID_0027179
27180,MREID_0027180
27181,MREID_0027181
27182,MREID_0027182
27183,MREID_0027183
27184,MREID_0027184
27185,MREID_0027185
27186,MREID_0027186
27187,MREID_0027187
27188,MREID_0027188
27189,MREID_0027189
27190,MREID_0027190
27191,MREID_0027191
27192,MREID_0027192
27193,MREID_0027194
27194,MREID_0027193
27195,MREID_0027195
27196,MREID_0027196
27197,MREID_0027197
27198,MREID_0027198
27199,MREID_0027199
27200,MREID_0027200
27201,MREID_0027201
27202,MREID_0027202
27203,MREID_0027203
27204,MREID_0027205
27205,MREID_0027204
27206,MREID_0027206
27207,MREID_0027207
27208,MREID_0027208
27209,MREID_0027209
27210,MREID_0027210
27211,MREID_0027211
27212,MREID_0027212
27213,MREID_0027213
27214,MREID_0027214
27215,MREID_0027215
27216,MREID_0027216
27217,MREID_0027217
27218,MREID_0027218
27219,MREID_0027219
27220,MREID_0027220
27221,MREID_0027221
27222,MREID_0027222
27223,MREID_0027223
27224,MREID_0027224
27225,MREID_0027225
27226,MREID_0027226
27227,MREID_0027227
27228,MREID_0027228
27229,MREID_0027229
27230,MREID_0027230
27231,MREID_0027231
27232,MREID_0027232
27233,MREID_0027233
27234,MREID_0027234
27235,MREID_0027235
27236,MREID_0027236
27237,MREID_0027237
27238,MREID_0027238
27239,MREID_0027239
27240,MREID_0027240
27241,MREID_0027241
27242,MREID_0027242
27243,MREID_0027243
27244,MREID_0027244
27245,MREID_0027245
27246,MREID_0027246
27247,MREID_0027247
27248,MREID_0027248
27249,MREID_0027249
27250,MREID_0027250
27251,MREID_0027251
27252,MREID_0027252
27253,MREID_0027253
27254,MREID_0027254
27255,MREID_0027255
27256,MREID_0027256
27257,MREID_0027257
27258,MREID_0027258
27259,MREID_0027259
27260,MREID_0027260
27261,MREID_0027261
27262,MREID_0027262
27263,MREID_0027263
27264,MREID_0027264
27265,MREID_0027265
27266,MREID_0027266
27267,MREID_0027267
27268,MREID_0027268
27269,MREID_0027269
27270,MREID_0027270
27271,MREID_0027271
27272,MREID_0027272
27273,MREID_0027273
27274,MREID_0027274
27275,MREID_0027275
27276,MREID_0027276
27277,MREID_0027277
27278,MREID_0027278
27279,MREID_0027279
27280,MREID_0027280
27281,MREID_0027281
27282,MREID_0027282
27283,MREID_0027283
27284,MREID_0027284
27285,MREID_0027285
27286,MREID_0027286
27287,MREID_0027287
27288,MREID_0027288
27289,MREID_0027289
27290,MREID_0027290
27291,MREID_0027291
27292,MREID_0027292
27293,MREID_0027293
27294,MREID_0027294
27295,MREID_0027295
27296,MREID_0027296
27297,MREID_0027297
27298,MREID_0027298
27299,MREID_0027299
27300,MREID_0027300
27301,MREID_0027301
27302,MREID_0027302
27303,MREID_0027303
27304,MREID_0027304
27305,MREID_0027305
27306,MREID_0027306
27307,MREID_0027307
27308,MREID_0027308
27309,MREID_0027309
27310,MREID_0027310
27311,MREID_0027311
27312,MREID_0027312
27313,MREID_0027313
27314,MREID_0027314
27315,MREID_0027315
27316,MREID_0027316
27317,MREID_0027317
27318,MREID_0027318
27319,MREID_0027319
27320,MREID_0027320
27321,MREID_0027321
27322,MREID_0027322
27323,MREID_0027323
27324,MREID_0027324
27325,MREID_0027325
27326,MREID_0027326
27327,MREID_0027327
27328,MREID_0027328
27329,MREID_0027329
27330,MREID_0027330
27331,MREID_0027331
27332,MREID_0027333
27333,MREID_0027332
27334,MREID_0027334
27335,MREID_0027335
27336,MREID_0027336
27337,MREID_0027337
27338,MREID_0027338
27339,MREID_0027340
27340,MREID_0027339
27341,MREID_0027341
27342,MREID_0027342
27343,MREID_0027343
27344,MREID_0027344
27345,MREID_0027345
27346,MREID_0027346
27347,MREID_0027347
27348,MREID_0027348
27349,MREID_0027349
27350,MREID_0027350
27351,MREID_0027351
27352,MREID_0027352
27353,MREID_0027353
27354,MREID_0027354
27355,MREID_0027355
27356,MREID_0027356
27357,MREID_0027357
27358,MREID_0027358
27359,MREID_0027359
27360,MREID_0027360
27361,MREID_0027361
27362,MREID_0027362
27363,MREID_0027363
27364,MREID_0027364
27365,MREID_0027365
27366,MREID_0027366
27367,MREID_0027367
27368,MREID_0027368
27369,MREID_0027369
27370,MREID_0027370
27371,MREID_0027372
27372,MREID_0027371
27373,MREID_0027373
27374,MREID_0027374
27375,MREID_0027375
27376,MREID_0027376
27377,MREID_0027377
27378,MREID_0027379
27379,MREID_0027378
27380,MREID_0027380
27381,MREID_0027381
27382,MREID_0027382
27383,MREID_0027383
27384,MREID_0027384
27385,MREID_0027385
27386,MREID_0027386
27387,MREID_0027387
27388,MREID_0027388
27389,MREID_0027389
27390,MREID_0027390
27391,MREID_0027391
27392,MREID_0027392
27393,MREID_0027393
27394,MREID_0027394
27395,MREID_0027395
27396,MREID_0027396
27397,MREID_0027397
27398,MREID_0027398
27399,MREID_0027399
27400,MREID_0027400
27401,MREID_0027401
27402,MREID_0027402
27403,MREID_0027403
27404,MREID_0027404
27405,MREID_0027405
27406,MREID_0027406
27407,MREID_0027407
27408,MREID_0027408
27409,MREID_0027409
27410,MREID_0027410
27411,MREID_0027411
27412,MREID_0027412
27413,MREID_0027413
27414,MREID_0027414
27415,MREID_0027415
27416,MREID_0027416
27417,MREID_0027417
27418,MREID_0027418
27419,MREID_0027419
27420,MREID_0027420
27421,MREID_0027421
27422,MREID_0027422
27423,MREID_0027423
27424,MREID_0027424
27425,MREID_0027426
27426,MREID_0027425
27427,MREID_0027427
27428,MREID_0027428
27429,MREID_0027429
27430,MREID_0027430
27431,MREID_0027431
27432,MREID_0027432
27433,MREID_0027433
27434,MREID_0027434
27435,MREID_0027435
27436,MREID_0027436
27437,MREID_0027437
27438,MREID_0027438
27439,MREID_0027439
27440,MREID_0027440
27441,MREID_0027441
27442,MREID_0027442
27443,MREID_0027443
27444,MREID_0027444
27445,MREID_0027445
27446,MREID_0027446
27447,MREID_0027447
27448,MREID_0027448
27449,MREID_0027449
27450,MREID_0027450
27451,MREID_0027451
27452,MREID_0027452
27453,MREID_0027453
27454,MREID_0027454
27455,MREID_0027455
27456,MREID_0027456
27457,MREID_0027457
27458,MREID_0027458
27459,MREID_0027459
27460,MREID_0027460
27461,MREID_0027461
27462,MREID_0027462
27463,MREID_0027463
27464,MREID_0027464
27465,MREID_0027465
27466,MREID_0027466
27467,MREID_0027467
27468,MREID_0027468
27469,MREID_0027469
27470,MREID_0027470
27471,MREID_0027471
27472,MREID_0027472
27473,MREID_0027473
27474,MREID_0027474
27475,MREID_0027475
27476,MREID_0027476
27477,MREID_0027477
27478,MREID_0027478
27479,MREID_0027479
27480,MREID_0027480
27481,MREID_0027481
27482,MREID_0027482
27483,MREID_0027483
27484,MREID_0027484
27485,MREID_0027485
27486,MREID_0027486
27487,MREID_0027487
27488,MREID_0027488
27489,MREID_0027489
27490,MREID_0027490
27491,MREID_0027491
27492,MREID_0027492
27493,MREID_0027493
27494,MREID_0027494
27495,MREID_0027495
27496,MREID_0027496
27497,MREID_0027497
27498,MREID_0027498
27499,MREID_0027499
27500,MREID_0027500
27501,MREID_0027501
27502,MREID_0027502
27503,MREID_0027503
27504,MREID_0027504
27505,MREID_0027505
27506,MREID_0027506
27507,MREID_0027507
27508,MREID_0027508
27509,MREID_0027509
27510,MREID_0027510
27511,MREID_0027511
27512,MREID_0027512
27513,MREID_0027513
27514,MREID_0027514
27515,MREID_0027515
27516,MREID_0027516
27517,MREID_0027517
27518,MREID_0027518
27519,MREID_0027519
27520,MREID_0027520
27521,MREID_0027521
27522,MREID_0027522
27523,MREID_0027523
27524,MREID_0027524
27525,MREID_0027525
27526,MREID_0027526
27527,MREID_0027527
27528,MREID_0027528
27529,MREID_0027529
27530,MREID_0027530
27531,MREID_0027531
27532,MREID_0027532
27533,MREID_0027533
27534,MREID_0027534
27535,MREID_0027535
27536,MREID_0027536
27537,MREID_0027537
27538,MREID_0027538
27539,MREID_0027539
27540,MREID_0027540
27541,MREID_0027541
27542,MREID_0027542
27543,MREID_0027543
27544,MREID_0027544
27545,MREID_0027545
27546,MREID_0027546
27547,MREID_0027547
27548,MREID_0027548
27549,MREID_0027549
27550,MREID_0027550
27551,MREID_0027551
27552,MREID_0027552
27553,MREID_0027553
27554,MREID_0027554
27555,MREID_0027555
27556,MREID_0027556
27557,MREID_0027557
27558,MREID_0027558
27559,MREID_0027559
27560,MREID_0027560
27561,MREID_0027561
27562,MREID_0027562
27563,MREID_0027563
27564,MREID_0027564
27565,MREID_0027565
27566,MREID_0027566
27567,MREID_0027567
27568,MREID_0027568
27569,MREID_0027569
27570,MREID_0027570
27571,MREID_0027571
27572,MREID_0027572
27573,MREID_0027573
27574,MREID_0027574
27575,MREID_0027575
27576,MREID_0027576
27577,MREID_0027577
27578,MREID_0027578
27579,MREID_0027579
27580,MREID_0027580
27581,MREID_0027581
27582,MREID_0027582
27583,MREID_0027583
27584,MREID_0027584
27585,MREID_0027585
27586,MREID_0027586
27587,MREID_0027587
27588,MREID_0027588
27589,MREID_0027589
27590,MREID_0027590
27591,MREID_0027591
27592,MREID_0027592
27593,MREID_0027593
27594,MREID_0027594
27595,MREID_0027595
27596,MREID_0027596
27597,MREID_0027597
27598,MREID_0027598
27599,MREID_0027599
27600,MREID_0027600
27601,MREID_0027601
27602,MREID_0027602
27603,MREID_0027603
27604,MREID_0027604
27605,MREID_0027605
27606,MREID_0027606
27607,MREID_0027607
27608,MREID_0027608
27609,MREID_0027609
27610,MREID_0027610
27611,MREID_0027611
27612,MREID_0027612
27613,MREID_0027613
27614,MREID_0027614
27615,MREID_0027615
27616,MREID_0027616
27617,MREID_0027617
27618,MREID_0027618
27619,MREID_0027619
27620,MREID_0027620
27621,MREID_0027621
27622,MREID_0027622
27623,MREID_0027623
27624,MREID_0027624
27625,MREID_0027625
27626,MREID_0027626
27627,MREID_0027627
27628,MREID_0027628
27629,MREID_0027629
27630,MREID_0027630
27631,MREID_0027631
27632,MREID_0027632
27633,MREID_0027633
27634,MREID_0027634
27635,MREID_0027635
27636,MREID_0027636
27637,MREID_0027637
27638,MREID_0027638
27639,MREID_0027639
27640,MREID_0027640
27641,MREID_0027641
27642,MREID_0027642
27643,MREID_0027643
27644,MREID_0027644
27645,MREID_0027645
27646,MREID_0027646
27647,MREID_0027647
27648,MREID_0027648
27649,MREID_0027649
27650,MREID_0027650
27651,MREID_0027651
27652,MREID_0027652
27653,MREID_0027653
27654,MREID_0027654
27655,MREID_0027655
27656,MREID_0027656
27657,MREID_0027657
27658,MREID_0027658
27659,MREID_0027659
27660,MREID_0027660
27661,MREID_0027661
27662,MREID_0027662
27663,MREID_0027664
27664,MREID_0027663
27665,MREID_0027665
27666,MREID_0027666
27667,MREID_0027667
27668,MREID_0027668
27669,MREID_0027669
27670,MREID_0027670
27671,MREID_0027671
27672,MREID_0027672
27673,MREID_0027673
27674,MREID_0027674
27675,MREID_0027675
27676,MREID_0027676
27677,MREID_0027677
27678,MREID_0027678
27679,MREID_0027679
27680,MREID_0027680
27681,MREID_0027681
27682,MREID_0027682
27683,MREID_0027683
27684,MREID_0027684
27685,MREID_0027685
27686,MREID_0027686
27687,MREID_0027687
27688,MREID_0027689
27689,MREID_0027688
27690,MREID_0027690
27691,MREID_0027691
27692,MREID_0027692
27693,MREID_0027693
27694,MREID_0027694
27695,MREID_0027695
27696,MREID_0027696
27697,MREID_0027697
27698,MREID_0027698
27699,MREID_0027699
27700,MREID_0027700
27701,MREID_0027701
27702,MREID_0027702
27703,MREID_0027703
27704,MREID_0027704
27705,MREID_0027705
27706,MREID_0027706
27707,MREID_0027707
27708,MREID_0027708
27709,MREID_0027709
27710,MREID_0027710
27711,MREID_0027711
27712,MREID_0027712
27713,MREID_0027713
27714,MREID_0027714
27715,MREID_0027715
27716,MREID_0027716
27717,MREID_0027717
27718,MREID_0027718
27719,MREID_0027719
27720,MREID_0027720
27721,MREID_0027721
27722,MREID_0027722
27723,MREID_0027723
27724,MREID_0027724
27725,MREID_0027725
27726,MREID_0027726
27727,MREID_0027727
27728,MREID_0027728
27729,MREID_0027729
27730,MREID_0027730
27731,MREID_0027731
27732,MREID_0027732
27733,MREID_0027733
27734,MREID_0027734
27735,MREID_0027735
27736,MREID_0027736
27737,MREID_0027737
27738,MREID_0027738
27739,MREID_0027739
27740,MREID_0027740
27741,MREID_0027741
27742,MREID_0027742
27743,MREID_0027743
27744,MREID_0027744
27745,MREID_0027745
27746,MREID_0027746
27747,MREID_0027747
27748,MREID_0027748
27749,MREID_0027749
27750,MREID_0027750
27751,MREID_0027751
27752,MREID_0027752
27753,MREID_0027753
27754,MREID_0027754
27755,MREID_0027755
27756,MREID_0027756
27757,MREID_0027757
27758,MREID_0027758
27759,MREID_0027759
27760,MREID_0027760
27761,MREID_0027761
27762,MREID_0027762
27763,MREID_0027763
27764,MREID_0027764
27765,MREID_0027765
27766,MREID_0027766
27767,MREID_0027767
27768,MREID_0027768
27769,MREID_0027769
27770,MREID_0027770
27771,MREID_0027771
27772,MREID_0027772
27773,MREID_0027773
27774,MREID_0027774
27775,MREID_0027775
27776,MREID_0027776
27777,MREID_0027777
27778,MREID_0027778
27779,MREID_0027779
27780,MREID_0027780
27781,MREID_0027781
27782,MREID_0027782
27783,MREID_0027783
27784,MREID_0027784
27785,MREID_0027785
27786,MREID_0027786
27787,MREID_0027787
27788,MREID_0027788
27789,MREID_0027789
27790,MREID_0027790
27791,MREID_0027791
27792,MREID_0027792
27793,MREID_0027793
27794,MREID_0027794
27795,MREID_0027795
27796,MREID_0027796
27797,MREID_0027797
27798,MREID_0027798
27799,MREID_0027799
27800,MREID_0027800
27801,MREID_0027801
27802,MREID_0027802
27803,MREID_0027803
27804,MREID_0027804
27805,MREID_0027805
27806,MREID_0027806
27807,MREID_0027807
27808,MREID_0027808
27809,MREID_0027809
27810,MREID_0027810
27811,MREID_0027811
27812,MREID_0027812
27813,MREID_0027813
27814,MREID_0027814
27815,MREID_0027815
27816,MREID_0027816
27817,MREID_0027817
27818,MREID_0027818
27819,MREID_0027819
27820,MREID_0027820
27821,MREID_0027821
27822,MREID_0027822
27823,MREID_0027823
27824,MREID_0027824
27825,MREID_0027825
27826,MREID_0027826
27827,MREID_0027827
27828,MREID_0027828
27829,MREID_0027829
27830,MREID_0027830
27831,MREID_0027831
27832,MREID_0027833
27833,MREID_0027832
27834,MREID_0027834
27835,MREID_0027835
27836,MREID_0027836
27837,MREID_0027837
27838,MREID_0027838
27839,MREID_0027839
27840,MREID_0027840
27841,MREID_0027841
27842,MREID_0027842
27843,MREID_0027843
27844,MREID_0027844
27845,MREID_0027845
27846,MREID_0027846
27847,MREID_0027847
27848,MREID_0027848
27849,MREID_0027849
27850,MREID_0027850
27851,MREID_0027851
27852,MREID_0027852
27853,MREID_0027853
27854,MREID_0027854
27855,MREID_0027855
27856,MREID_0027856
27857,MREID_0027857
27858,MREID_0027858
27859,MREID_0027859
27860,MREID_0027860
27861,MREID_0027861
27862,MREID_0027862
27863,MREID_0027863
27864,MREID_0027864
27865,MREID_0027865
27866,MREID_0027866
27867,MREID_0027867
27868,MREID_0027868
27869,MREID_0027869
27870,MREID_0027870
27871,MREID_0027871
27872,MREID_0027872
27873,MREID_0027873
27874,MREID_0027874
27875,MREID_0027875
27876,MREID_0027876
27877,MREID_0027877
27878,MREID_0027878
27879,MREID_0027879
27880,MREID_0027880
27881,MREID_0027881
27882,MREID_0027882
27883,MREID_0027883
27884,MREID_0027884
27885,MREID_0027885
27886,MREID_0027886
27887,MREID_0027887
27888,MREID_0027888
27889,MREID_0027889
27890,MREID_0027890
27891,MREID_0027891
27892,MREID_0027892
27893,MREID_0027893
27894,MREID_0027894
27895,MREID_0027895
27896,MREID_0027896
27897,MREID_0027897
27898,MREID_0027898
27899,MREID_0027899
27900,MREID_0027900
27901,MREID_0027901
27902,MREID_0027902
27903,MREID_0027903
27904,MREID_0027904
27905,MREID_0027905
27906,MREID_0027906
27907,MREID_0027907
27908,MREID_0027908
27909,MREID_0027909
27910,MREID_0027910
27911,MREID_0027911
27912,MREID_0027912
27913,MREID_0027913
27914,MREID_0027914
27915,MREID_0027915
27916,MREID_0027916
27917,MREID_0027917
27918,MREID_0027918
27919,MREID_0027919
27920,MREID_0027920
27921,MREID_0027921
27922,MREID_0027922
27923,MREID_0027923
27924,MREID_0027924
27925,MREID_0027925
27926,MREID_0027926
27927,MREID_0027927
27928,MREID_0027928
27929,MREID_0027929
27930,MREID_0027930
27931,MREID_0027931
27932,MREID_0027932
27933,MREID_0027933
27934,MREID_0027934
27935,MREID_0027935
27936,MREID_0027936
27937,MREID_0027937
27938,MREID_0027938
27939,MREID_0027939
27940,MREID_0027940
27941,MREID_0027941
27942,MREID_0027942
27943,MREID_0027943
27944,MREID_0027944
27945,MREID_0027945
27946,MREID_0027946
27947,MREID_0027947
27948,MREID_0027948
27949,MREID_0027949
27950,MREID_0027950
27951,MREID_0027951
27952,MREID_0027952
27953,MREID_0027953
27954,MREID_0027954
27955,MREID_0027955
27956,MREID_0027956
27957,MREID_0027957
27958,MREID_0027958
27959,MREID_0027959
27960,MREID_0027960
27961,MREID_0027961
27962,MREID_0027962
27963,MREID_0027963
27964,MREID_0027964
27965,MREID_0027965
27966,MREID_0027966
27967,MREID_0027967
27968,MREID_0027968
27969,MREID_0027969
27970,MREID_0027970
27971,MREID_0027971
27972,MREID_0027972
27973,MREID_0027973
27974,MREID_0027974
27975,MREID_0027975
27976,MREID_0027976
27977,MREID_0027977
27978,MREID_0027978
27979,MREID_0027979
27980,MREID_0027980
27981,MREID_0027981
27982,MREID_0027982
27983,MREID_0027983
27984,MREID_0027984
27985,MREID_0027985
27986,MREID_0027986
27987,MREID_0027987
27988,MREID_0027988
27989,MREID_0027989
27990,MREID_0027990
27991,MREID_0027991
27992,MREID_0027992
27993,MREID_0027993
27994,MREID_0027994
27995,MREID_0027995
27996,MREID_0027996
27997,MREID_0027997
27998,MREID_0027998
27999,MREID_0027999
28000,MREID_0028000
28001,MREID_0028001
28002,MREID_0028002
28003,MREID_0028003
28004,MREID_0028004
28005,MREID_0028005
28006,MREID_0028006
28007,MREID_0028007
28008,MREID_0028008
28009,MREID_0028009
28010,MREID_0028010
28011,MREID_0028011
28012,MREID_0028012
28013,MREID_0028013
28014,MREID_0028014
28015,MREID_0028015
28016,MREID_0028016
28017,MREID_0028017
28018,MREID_0028018
28019,MREID_0028019
28020,MREID_0028020
28021,MREID_0028021
28022,MREID_0028022
28023,MREID_0028023
28024,MREID_0028024
28025,MREID_0028025
28026,MREID_0028026
28027,MREID_0028027
28028,MREID_0028028
28029,MREID_0028029
28030,MREID_0028030
28031,MREID_0028031
28032,MREID_0028032
28033,MREID_0028033
28034,MREID_0028034
28035,MREID_0028035
28036,MREID_0028036
28037,MREID_0028037
28038,MREID_0028038
28039,MREID_0028039
28040,MREID_0028040
28041,MREID_0028041
28042,MREID_0028042
28043,MREID_0028043
28044,MREID_0028044
28045,MREID_0028045
28046,MREID_0028046
28047,MREID_0028047
28048,MREID_0028048
28049,MREID_0028049
28050,MREID_0028050
28051,MREID_0028051
28052,MREID_0028052
28053,MREID_0028053
28054,MREID_0028054
28055,MREID_0028055
28056,MREID_0028056
28057,MREID_0028057
28058,MREID_0028058
28059,MREID_0028059
28060,MREID_0028060
28061,MREID_0028061
28062,MREID_0028062
28063,MREID_0028063
28064,MREID_0028064
28065,MREID_0028065
28066,MREID_0028066
28067,MREID_0028067
28068,MREID_0028068
28069,MREID_0028069
28070,MREID_0028070
28071,MREID_0028071
28072,MREID_0028072
28073,MREID_0028073
28074,MREID_0028074
28075,MREID_0028075
28076,MREID_0028076
28077,MREID_0028077
28078,MREID_0028078
28079,MREID_0028079
28080,MREID_0028080
28081,MREID_0028081
28082,MREID_0028082
28083,MREID_0028083
28084,MREID_0028084
28085,MREID_0028085
28086,MREID_0028086
28087,MREID_0028087
28088,MREID_0028088
28089,MREID_0028089
28090,MREID_0028090
28091,MREID_0028091
28092,MREID_0028092
28093,MREID_0028093
28094,MREID_0028094
28095,MREID_0028095
28096,MREID_0028096
28097,MREID_0028097
28098,MREID_0028098
28099,MREID_0028099
28100,MREID_0028100
28101,MREID_0028101
28102,MREID_0028102
28103,MREID_0028103
28104,MREID_0028104
28105,MREID_0028105
28106,MREID_0028106
28107,MREID_0028107
28108,MREID_0028108
28109,MREID_0028109
28110,MREID_0028110
28111,MREID_0028111
28112,MREID_0028112
28113,MREID_0028113
28114,MREID_0028114
28115,MREID_0028115
28116,MREID_0028116
28117,MREID_0028117
28118,MREID_0028118
28119,MREID_0028119
28120,MREID_0028120
28121,MREID_0028121
28122,MREID_0028122
28123,MREID_0028123
28124,MREID_0028124
28125,MREID_0028125
28126,MREID_0028126
28127,MREID_0028127
28128,MREID_0028128
28129,MREID_0028129
28130,MREID_0028130
28131,MREID_0028131
28132,MREID_0028132
28133,MREID_0028133
28134,MREID_0028134
28135,MREID_0028135
28136,MREID_0028136
28137,MREID_0028137
28138,MREID_0028138
28139,MREID_0028139
28140,MREID_0028140
28141,MREID_0028141
28142,MREID_0028142
28143,MREID_0028143
28144,MREID_0028144
28145,MREID_0028145
28146,MREID_0028146
28147,MREID_0028147
28148,MREID_0028149
28149,MREID_0028150
28150,MREID_0028148
28151,MREID_0028151
28152,MREID_0028152
28153,MREID_0028153
28154,MREID_0028154
28155,MREID_0028155
28156,MREID_0028156
28157,MREID_0028157
28158,MREID_0028158
28159,MREID_0028159
28160,MREID_0028160
28161,MREID_0028161
28162,MREID_0028162
28163,MREID_0028163
28164,MREID_0028164
28165,MREID_0028165
28166,MREID_0028166
28167,MREID_0028167
28168,MREID_0028168
28169,MREID_0028169
28170,MREID_0028170
28171,MREID_0028171
28172,MREID_0028172
28173,MREID_0028173
28174,MREID_0028174
28175,MREID_0028175
28176,MREID_0028176
28177,MREID_0028177
28178,MREID_0028178
28179,MREID_0028179
28180,MREID_0028180
28181,MREID_0028181
28182,MREID_0028182
28183,MREID_0028183
28184,MREID_0028184
28185,MREID_0028185
28186,MREID_0028186
28187,MREID_0028187
28188,MREID_0028188
28189,MREID_0028189
28190,MREID_0028190
28191,MREID_0028191
28192,MREID_0028192
28193,MREID_0028193
28194,MREID_0028194
28195,MREID_0028195
28196,MREID_0028196
28197,MREID_0028197
28198,MREID_0028198
28199,MREID_0028199
28200,MREID_0028200
28201,MREID_0028201
28202,MREID_0028202
28203,MREID_0028203
28204,MREID_0028204
28205,MREID_0028205
28206,MREID_0028206
28207,MREID_0028207
28208,MREID_0028208
28209,MREID_0028209
28210,MREID_0028210
28211,MREID_0028211
28212,MREID_0028212
28213,MREID_0028213
28214,MREID_0028214
28215,MREID_0028215
28216,MREID_0028216
28217,MREID_0028217
28218,MREID_0028218
28219,MREID_0028219
28220,MREID_0028220
28221,MREID_0028221
28222,MREID_0028222
28223,MREID_0028223
28224,MREID_0028224
28225,MREID_0028225
28226,MREID_0028226
28227,MREID_0028227
28228,MREID_0028228
28229,MREID_0028229
28230,MREID_0028230
28231,MREID_0028231
28232,MREID_0028232
28233,MREID_0028233
28234,MREID_0028234
28235,MREID_0028235
28236,MREID_0028236
28237,MREID_0028237
28238,MREID_0028239
28239,MREID_0028238
28240,MREID_0028240
28241,MREID_0028241
28242,MREID_0028242
28243,MREID_0028243
28244,MREID_0028244
28245,MREID_0028245
28246,MREID_0028246
28247,MREID_0028247
28248,MREID_0028248
28249,MREID_0028249
28250,MREID_0028250
28251,MREID_0028251
28252,MREID_0028252
28253,MREID_0028253
28254,MREID_0028254
28255,MREID_0028255
28256,MREID_0028256
28257,MREID_0028257
28258,MREID_0028258
28259,MREID_0028259
28260,MREID_0028260
28261,MREID_0028261
28262,MREID_0028262
28263,MREID_0028263
28264,MREID_0028264
28265,MREID_0028265
28266,MREID_0028266
28267,MREID_0028267
28268,MREID_0028268
28269,MREID_0028269
28270,MREID_0028270
28271,MREID_0028271
28272,MREID_0028272
28273,MREID_0028273
28274,MREID_0028274
28275,MREID_0028275
28276,MREID_0028276
28277,MREID_0028277
28278,MREID_0028278
28279,MREID_0028279
28280,MREID_0028280
28281,MREID_0028281
28282,MREID_0028282
28283,MREID_0028283
28284,MREID_0028284
28285,MREID_0028285
28286,MREID_0028286
28287,MREID_0028287
28288,MREID_0028288
28289,MREID_0028289
28290,MREID_0028290
28291,MREID_0028291
28292,MREID_0028292
28293,MREID_0028293
28294,MREID_0028294
28295,MREID_0028295
28296,MREID_0028296
28297,MREID_0028297
28298,MREID_0028298
28299,MREID_0028299
28300,MREID_0028300
28301,MREID_0028301
28302,MREID_0028302
28303,MREID_0028303
28304,MREID_0028304
28305,MREID_0028305
28306,MREID_0028306
28307,MREID_0028307
28308,MREID_0028308
28309,MREID_0028309
28310,MREID_0028310
28311,MREID_0028311
28312,MREID_0028312
28313,MREID_0028313
28314,MREID_0028314
28315,MREID_0028315
28316,MREID_0028316
28317,MREID_0028317
28318,MREID_0028318
28319,MREID_0028319
28320,MREID_0028320
28321,MREID_0028321
28322,MREID_0028322
28323,MREID_0028323
28324,MREID_0028324
28325,MREID_0028325
28326,MREID_0028326
28327,MREID_0028327
28328,MREID_0028328
28329,MREID_0028329
28330,MREID_0028330
28331,MREID_0028331
28332,MREID_0028332
28333,MREID_0028333
28334,MREID_0028334
28335,MREID_0028335
28336,MREID_0028336
28337,MREID_0028337
28338,MREID_0028338
28339,MREID_0028339
28340,MREID_0028340
28341,MREID_0028341
28342,MREID_0028342
28343,MREID_0028343
28344,MREID_0028344
28345,MREID_0028345
28346,MREID_0028346
28347,MREID_0028347
28348,MREID_0028348
28349,MREID_0028349
28350,MREID_0028350
28351,MREID_0028351
28352,MREID_0028352
28353,MREID_0028353
28354,MREID_0028354
28355,MREID_0028355
28356,MREID_0028356
28357,MREID_0028357
28358,MREID_0028358
28359,MREID_0028359
28360,MREID_0028360
28361,MREID_0028361
28362,MREID_0028362
28363,MREID_0028363
28364,MREID_0028364
28365,MREID_0028365
28366,MREID_0028366
28367,MREID_0028367
28368,MREID_0028368
28369,MREID_0028369
28370,MREID_0028370
28371,MREID_0028372
28372,MREID_0028371
28373,MREID_0028373
28374,MREID_0028374
28375,MREID_0028375
28376,MREID_0028376
28377,MREID_0028377
28378,MREID_0028378
28379,MREID_0028379
28380,MREID_0028380
28381,MREID_0028381
28382,MREID_0028382
28383,MREID_0028383
28384,MREID_0028384
28385,MREID_0028385
28386,MREID_0028386
28387,MREID_0028387
28388,MREID_0028388
28389,MREID_0028389
28390,MREID_0028390
28391,MREID_0028392
28392,MREID_0028391
28393,MREID_0028393
28394,MREID_0028394
28395,MREID_0028395
28396,MREID_0028396
28397,MREID_0028397
28398,MREID_0028398
28399,MREID_0028399
28400,MREID_0028400
28401,MREID_0028401
28402,MREID_0028402
28403,MREID_0028403
28404,MREID_0028404
28405,MREID_0028405
28406,MREID_0028406
28407,MREID_0028408
28408,MREID_0028407
28409,MREID_0028409
28410,MREID_0028410
28411,MREID_0028411
28412,MREID_0028412
28413,MREID_0028413
28414,MREID_0028414
28415,MREID_0028415
28416,MREID_0028416
28417,MREID_0028418
28418,MREID_0028417
28419,MREID_0028419
28420,MREID_0028420
28421,MREID_0028421
28422,MREID_0028422
28423,MREID_0028423
28424,MREID_0028424
28425,MREID_0028425
28426,MREID_0028426
28427,MREID_0028427
28428,MREID_0028428
28429,MREID_0028429
28430,MREID_0028430
28431,MREID_0028431
28432,MREID_0028432
28433,MREID_0028433
28434,MREID_0028434
28435,MREID_0028435
28436,MREID_0028436
28437,MREID_0028437
28438,MREID_0028438
28439,MREID_0028439
28440,MREID_0028440
28441,MREID_0028441
28442,MREID_0028442
28443,MREID_0028443
28444,MREID_0028444
28445,MREID_0028445
28446,MREID_0028446
28447,MREID_0028447
28448,MREID_0028448
28449,MREID_0028449
28450,MREID_0028450
28451,MREID_0028451
28452,MREID_0028452
28453,MREID_0028453
28454,MREID_0028454
28455,MREID_0028455
28456,MREID_0028456
28457,MREID_0028457
28458,MREID_0028458
28459,MREID_0028459
28460,MREID_0028460
28461,MREID_0028461
28462,MREID_0028462
28463,MREID_0028463
28464,MREID_0028464
28465,MREID_0028465
28466,MREID_0028466
28467,MREID_0028467
28468,MREID_0028468
28469,MREID_0028469
28470,MREID_0028470
28471,MREID_0028471
28472,MREID_0028472
28473,MREID_0028473
28474,MREID_0028474
28475,MREID_0028475
28476,MREID_0028476
28477,MREID_0028477
28478,MREID_0028478
28479,MREID_0028479
28480,MREID_0028480
28481,MREID_0028481
28482,MREID_0028482
28483,MREID_0028483
28484,MREID_0028484
28485,MREID_0028485
28486,MREID_0028486
28487,MREID_0028487
28488,MREID_0028488
28489,MREID_0028489
28490,MREID_0028490
28491,MREID_0028491
28492,MREID_0028492
28493,MREID_0028493
28494,MREID_0028494
28495,MREID_0028495
28496,MREID_0028496
28497,MREID_0028497
28498,MREID_0028498
28499,MREID_0028499
28500,MREID_0028500
28501,MREID_0028501
28502,MREID_0028502
28503,MREID_0028503
28504,MREID_0028504
28505,MREID_0028505
28506,MREID_0028506
28507,MREID_0028507
28508,MREID_0028508
28509,MREID_0028509
28510,MREID_0028510
28511,MREID_0028511
28512,MREID_0028512
28513,MREID_0028513
28514,MREID_0028514
28515,MREID_0028515
28516,MREID_0028516
28517,MREID_0028517
28518,MREID_0028518
28519,MREID_0028519
28520,MREID_0028520
28521,MREID_0028521
28522,MREID_0028522
28523,MREID_0028523
28524,MREID_0028524
28525,MREID_0028525
28526,MREID_0028526
28527,MREID_0028527
28528,MREID_0028528
28529,MREID_0028529
28530,MREID_0028530
28531,MREID_0028531
28532,MREID_0028532
28533,MREID_0028533
28534,MREID_0028534
28535,MREID_0028535
28536,MREID_0028536
28537,MREID_0028537
28538,MREID_0028538
28539,MREID_0028539
28540,MREID_0028540
28541,MREID_0028541
28542,MREID_0028542
28543,MREID_0028543
28544,MREID_0028544
28545,MREID_0028545
28546,MREID_0028546
28547,MREID_0028547
28548,MREID_0028548
28549,MREID_0028549
28550,MREID_0028550
28551,MREID_0028551
28552,MREID_0028552
28553,MREID_0028553
28554,MREID_0028554
28555,MREID_0028555
28556,MREID_0028556
28557,MREID_0028557
28558,MREID_0028558
28559,MREID_0028559
28560,MREID_0028560
28561,MREID_0028561
28562,MREID_0028562
28563,MREID_0028563
28564,MREID_0028564
28565,MREID_0028565
28566,MREID_0028566
28567,MREID_0028567
28568,MREID_0028568
28569,MREID_0028569
28570,MREID_0028570
28571,MREID_0028571
28572,MREID_0028572
28573,MREID_0028573
28574,MREID_0028574
28575,MREID_0028576
28576,MREID_0028575
28577,MREID_0028577
28578,MREID_0028578
28579,MREID_0028579
28580,MREID_0028580
28581,MREID_0028581
28582,MREID_0028582
28583,MREID_0028583
28584,MREID_0028584
28585,MREID_0028585
28586,MREID_0028586
28587,MREID_0028587
28588,MREID_0028588
28589,MREID_0028589
28590,MREID_0028590
28591,MREID_0028591
28592,MREID_0028592
28593,MREID_0028593
28594,MREID_0028594
28595,MREID_0028595
28596,MREID_0028596
28597,MREID_0028597
28598,MREID_0028598
28599,MREID_0028599
28600,MREID_0028600
28601,MREID_0028601
28602,MREID_0028602
28603,MREID_0028603
28604,MREID_0028604
28605,MREID_0028605
28606,MREID_0028606
28607,MREID_0028607
28608,MREID_0028608
28609,MREID_0028609
28610,MREID_0028610
28611,MREID_0028611
28612,MREID_0028612
28613,MREID_0028613
28614,MREID_0028614
28615,MREID_0028615
28616,MREID_0028616
28617,MREID_0028617
28618,MREID_0028618
28619,MREID_0028619
28620,MREID_0028620
28621,MREID_0028621
28622,MREID_0028622
28623,MREID_0028623
28624,MREID_0028624
28625,MREID_0028625
28626,MREID_0028626
28627,MREID_0028627
28628,MREID_0028628
28629,MREID_0028629
28630,MREID_0028630
28631,MREID_0028631
28632,MREID_0028632
28633,MREID_0028633
28634,MREID_0028634
28635,MREID_0028635
28636,MREID_0028636
28637,MREID_0028637
28638,MREID_0028638
28639,MREID_0028639
28640,MREID_0028640
28641,MREID_0028641
28642,MREID_0028642
28643,MREID_0028643
28644,MREID_0028644
28645,MREID_0028645
28646,MREID_0028646
28647,MREID_0028647
28648,MREID_0028648
28649,MREID_0028649
28650,MREID_0028650
28651,MREID_0028651
28652,MREID_0028652
28653,MREID_0028653
28654,MREID_0028654
28655,MREID_0028655
28656,MREID_0028656
28657,MREID_0028657
28658,MREID_0028658
28659,MREID_0028659
28660,MREID_0028660
28661,MREID_0028661
28662,MREID_0028662
28663,MREID_0028663
28664,MREID_0028664
28665,MREID_0028665
28666,MREID_0028666
28667,MREID_0028667
28668,MREID_0028668
28669,MREID_0028669
28670,MREID_0028670
28671,MREID_0028671
28672,MREID_0028672
28673,MREID_0028673
28674,MREID_0028674
28675,MREID_0028675
28676,MREID_0028676
28677,MREID_0028677
28678,MREID_0028678
28679,MREID_0028679
28680,MREID_0028680
28681,MREID_0028681
28682,MREID_0028682
28683,MREID_0028683
28684,MREID_0028684
28685,MREID_0028685
28686,MREID_0028686
28687,MREID_0028687
28688,MREID_0028688
28689,MREID_0028689
28690,MREID_0028690
28691,MREID_0028691
28692,MREID_0028692
28693,MREID_0028693
28694,MREID_0028694
28695,MREID_0028695
28696,MREID_0028696
28697,MREID_0028697
28698,MREID_0028698
28699,MREID_0028699
28700,MREID_0028700
28701,MREID_0028701
28702,MREID_0028702
28703,MREID_0028703
28704,MREID_0028704
28705,MREID_0028705
28706,MREID_0028706
28707,MREID_0028707
28708,MREID_0028708
28709,MREID_0028709
28710,MREID_0028710
28711,MREID_0028711
28712,MREID_0028712
28713,MREID_0028713
28714,MREID_0028714
28715,MREID_0028715
28716,MREID_0028716
28717,MREID_0028717
28718,MREID_0028718
28719,MREID_0028719
28720,MREID_0028720
28721,MREID_0028721
28722,MREID_0028722
28723,MREID_0028723
28724,MREID_0028724
28725,MREID_0028725
28726,MREID_0028726
28727,MREID_0028727
28728,MREID_0028728
28729,MREID_0028729
28730,MREID_0028730
28731,MREID_0028731
28732,MREID_0028732
28733,MREID_0028733
28734,MREID_0028734
28735,MREID_0028735
28736,MREID_0028736
28737,MREID_0028737
28738,MREID_0028738
28739,MREID_0028739
28740,MREID_0028740
28741,MREID_0028741
28742,MREID_0028742
28743,MREID_0028743
28744,MREID_0028744
28745,MREID_0028745
28746,MREID_0028746
28747,MREID_0028747
28748,MREID_0028748
28749,MREID_0028749
28750,MREID_0028750
28751,MREID_0028751
28752,MREID_0028752
28753,MREID_0028753
28754,MREID_0028754
28755,MREID_0028755
28756,MREID_0028756
28757,MREID_0028757
28758,MREID_0028758
28759,MREID_0028759
28760,MREID_0028760
28761,MREID_0028761
28762,MREID_0028762
28763,MREID_0028763
28764,MREID_0028764
28765,MREID_0028765
28766,MREID_0028766
28767,MREID_0028767
28768,MREID_0028768
28769,MREID_0028769
28770,MREID_0028770
28771,MREID_0028771
28772,MREID_0028772
28773,MREID_0028773
28774,MREID_0028774
28775,MREID_0028775
28776,MREID_0028776
28777,MREID_0028777
28778,MREID_0028778
28779,MREID_0028779
28780,MREID_0028780
28781,MREID_0028781
28782,MREID_0028782
28783,MREID_0028783
28784,MREID_0028784
28785,MREID_0028785
28786,MREID_0028786
28787,MREID_0028787
28788,MREID_0028788
28789,MREID_0028789
28790,MREID_0028790
28791,MREID_0028791
28792,MREID_0028792
28793,MREID_0028793
28794,MREID_0028794
28795,MREID_0028795
28796,MREID_0028796
28797,MREID_0028798
28798,MREID_0028797
28799,MREID_0028799
28800,MREID_0028800
28801,MREID_0028801
28802,MREID_0028802
28803,MREID_0028803
28804,MREID_0028804
28805,MREID_0028805
28806,MREID_0028806
28807,MREID_0028807
28808,MREID_0028808
28809,MREID_0028809
28810,MREID_0028810
28811,MREID_0028811
28812,MREID_0028812
28813,MREID_0028813
28814,MREID_0028814
28815,MREID_0028815
28816,MREID_0028816
28817,MREID_0028817
28818,MREID_0028818
28819,MREID_0028819
28820,MREID_0028820
28821,MREID_0028821
28822,MREID_0028822
28823,MREID_0028823
28824,MREID_0028824
28825,MREID_0028825
28826,MREID_0028826
28827,MREID_0028827
28828,MREID_0028828
28829,MREID_0028829
28830,MREID_0028830
28831,MREID_0028831
28832,MREID_0028832
28833,MREID_0028833
28834,MREID_0028834
28835,MREID_0028835
28836,MREID_0028836
28837,MREID_0028837
28838,MREID_0028838
28839,MREID_0028839
28840,MREID_0028840
28841,MREID_0028841
28842,MREID_0028842
28843,MREID_0028843
28844,MREID_0028844
28845,MREID_0028845
28846,MREID_0028846
28847,MREID_0028847
28848,MREID_0028848
28849,MREID_0028849
28850,MREID_0028850
28851,MREID_0028851
28852,MREID_0028852
28853,MREID_0028853
28854,MREID_0028854
28855,MREID_0028855
28856,MREID_0028856
28857,MREID_0028857
28858,MREID_0028858
28859,MREID_0028859
28860,MREID_0028860
28861,MREID_0028861
28862,MREID_0028862
28863,MREID_0028863
28864,MREID_0028864
28865,MREID_0028865
28866,MREID_0028866
28867,MREID_0028867
28868,MREID_0028868
28869,MREID_0028869
28870,MREID_0028870
28871,MREID_0028871
28872,MREID_0028872
28873,MREID_0028873
28874,MREID_0028874
28875,MREID_0028875
28876,MREID_0028876
28877,MREID_0028877
28878,MREID_0028878
28879,MREID_0028879
28880,MREID_0028880
28881,MREID_0028881
28882,MREID_0028882
28883,MREID_0028883
28884,MREID_0028884
28885,MREID_0028885
28886,MREID_0028886
28887,MREID_0028887
28888,MREID_0028888
28889,MREID_0028889
28890,MREID_0028890
28891,MREID_0028892
28892,MREID_0028891
28893,MREID_0028893
28894,MREID_0028894
28895,MREID_0028895
28896,MREID_0028896
28897,MREID_0028897
28898,MREID_0028898
28899,MREID_0028899
28900,MREID_0028900
28901,MREID_0028901
28902,MREID_0028902
28903,MREID_0028903
28904,MREID_0028904
28905,MREID_0028905
28906,MREID_0028906
28907,MREID_0028907
28908,MREID_0028908
28909,MREID_0028909
28910,MREID_0028910
28911,MREID_0028911
28912,MREID_0028912
28913,MREID_0028913
28914,MREID_0028915
28915,MREID_0028917
28916,MREID_0028914
28917,MREID_0028918
28918,MREID_0028916
28919,MREID_0028919
28920,MREID_0028920
28921,MREID_0028921
28922,MREID_0028922
28923,MREID_0028923
28924,MREID_0028924
28925,MREID_0028925
28926,MREID_0028926
28927,MREID_0028927
28928,MREID_0028928
28929,MREID_0028929
28930,MREID_0028930
28931,MREID_0028931
28932,MREID_0028932
28933,MREID_0028933
28934,MREID_0028934
28935,MREID_0028935
28936,MREID_0028936
28937,MREID_0028937
28938,MREID_0028938
28939,MREID_0028939
28940,MREID_0028940
28941,MREID_0028941
28942,MREID_0028942
28943,MREID_0028943
28944,MREID_0028944
28945,MREID_0028945
28946,MREID_0028946
28947,MREID_0028947
28948,MREID_0028948
28949,MREID_0028949
28950,MREID_0028950
28951,MREID_0028951
28952,MREID_0028952
28953,MREID_0028953
28954,MREID_0028954
28955,MREID_0028955
28956,MREID_0028956
28957,MREID_0028957
28958,MREID_0028958
28959,MREID_0028959
28960,MREID_0028960
28961,MREID_0028961
28962,MREID_0028962
28963,MREID_0028963
28964,MREID_0028964
28965,MREID_0028965
28966,MREID_0028966
28967,MREID_0028967
28968,MREID_0028968
28969,MREID_0028969
28970,MREID_0028970
28971,MREID_0028971
28972,MREID_0028972
28973,MREID_0028973
28974,MREID_0028974
28975,MREID_0028975
28976,MREID_0028976
28977,MREID_0028977
28978,MREID_0028978
28979,MREID_0028979
28980,MREID_0028980
28981,MREID_0028981
28982,MREID_0028982
28983,MREID_0028983
28984,MREID_0028984
28985,MREID_0028985
28986,MREID_0028986
28987,MREID_0028987
28988,MREID_0028988
28989,MREID_0028989
28990,MREID_0028990
28991,MREID_0028991
28992,MREID_0028992
28993,MREID_0028993
28994,MREID_0028994
28995,MREID_0028995
28996,MREID_0028996
28997,MREID_0028997
28998,MREID_0028998
28999,MREID_0028999
29000,MREID_0029000
29001,MREID_0029001
29002,MREID_0029002
29003,MREID_0029003
29004,MREID_0029004
29005,MREID_0029005
29006,MREID_0029006
29007,MREID_0029007
29008,MREID_0029008
29009,MREID_0029009
29010,MREID_0029010
29011,MREID_0029011
29012,MREID_0029012
29013,MREID_0029013
29014,MREID_0029014
29015,MREID_0029015
29016,MREID_0029016
29017,MREID_0029017
29018,MREID_0029018
29019,MREID_0029019
29020,MREID_0029020
29021,MREID_0029021
29022,MREID_0029022
29023,MREID_0029023
29024,MREID_0029024
29025,MREID_0029025
29026,MREID_0029026
29027,MREID_0029027
29028,MREID_0029028
29029,MREID_0029029
29030,MREID_0029030
29031,MREID_0029031
29032,MREID_0029032
29033,MREID_0029033
29034,MREID_0029034
29035,MREID_0029035
29036,MREID_0029036
29037,MREID_0029037
29038,MREID_0029038
29039,MREID_0029039
29040,MREID_0029040
29041,MREID_0029041
29042,MREID_0029042
29043,MREID_0029043
29044,MREID_0029044
29045,MREID_0029045
29046,MREID_0029046
29047,MREID_0029047
29048,MREID_0029048
29049,MREID_0029049
29050,MREID_0029050
29051,MREID_0029051
29052,MREID_0029052
29053,MREID_0029053
29054,MREID_0029054
29055,MREID_0029055
29056,MREID_0029056
29057,MREID_0029057
29058,MREID_0029058
29059,MREID_0029059
29060,MREID_0029060
29061,MREID_0029061
29062,MREID_0029062
29063,MREID_0029063
29064,MREID_0029064
29065,MREID_0029065
29066,MREID_0029066
29067,MREID_0029067
29068,MREID_0029068
29069,MREID_0029069
29070,MREID_0029070
29071,MREID_0029071
29072,MREID_0029072
29073,MREID_0029073
29074,MREID_0029074
29075,MREID_0029075
29076,MREID_0029076
29077,MREID_0029077
29078,MREID_0029078
29079,MREID_0029079
29080,MREID_0029081
29081,MREID_0029080
29082,MREID_0029082
29083,MREID_0029083
29084,MREID_0029084
29085,MREID_0029085
29086,MREID_0029086
29087,MREID_0029087
29088,MREID_0029088
29089,MREID_0029089
29090,MREID_0029090
29091,MREID_0029091
29092,MREID_0029092
29093,MREID_0029093
29094,MREID_0029094
29095,MREID_0029095
29096,MREID_0029096
29097,MREID_0029097
29098,MREID_0029098
29099,MREID_0029099
29100,MREID_0029100
29101,MREID_0029101
29102,MREID_0029102
29103,MREID_0029103
29104,MREID_0029106
29105,MREID_0029107
29106,MREID_0029104
29107,MREID_0029105
29108,MREID_0029108
29109,MREID_0029109
29110,MREID_0029110
29111,MREID_0029111
29112,MREID_0029112
29113,MREID_0029113
29114,MREID_0029114
29115,MREID_0029115
29116,MREID_0029116
29117,MREID_0029117
29118,MREID_0029118
29119,MREID_0029119
29120,MREID_0029120
29121,MREID_0029121
29122,MREID_0029122
29123,MREID_0029123
29124,MREID_0029124
29125,MREID_0029125
29126,MREID_0029126
29127,MREID_0029127
29128,MREID_0029128
29129,MREID_0029129
29130,MREID_0029130
29131,MREID_0029131
29132,MREID_0029132
29133,MREID_0029133
29134,MREID_0029134
29135,MREID_0029135
