City_ID,City_Name,State_Name,Tier,Population,Area_sq_km,Population_Density,Latitude,Longitude,Average_Property_Price_sqft,Average_Rent_sqft,Rental_Yield,GDP_USD_Billion,IT_Hub,Financial_Hub,Manufacturing_Hub,Tourist_City,Metro_Available,Airport_Available,Smart_City,AQI_Index,Crime_Index,Livability_Score,Infrastructure_Score,Investment_Score,Price_Growth_5Y,Annual_Rainfall_mm,Avg_Temperature_C,Major_Industry,Hospitals_Count,Schools_Count,Shopping_Malls_Count,Universities_Count,Metro_Stations,EV_Charging_Stations,Internet_Coverage_Percent,Green_Cover_Percent,Last_Updated
C0001,Visakhapatnam,Andhra Pradesh,Tier 2,939221,640.66,16549,14.473111,89.357665,24674,104,6.91,27.86,No,Yes,Yes,Yes,Yes,Yes,Yes,307,35,96,99,89,4.65,3779,24.7,IT,408,376,91,55,87,289,74.65,62.43,2025-12-31
C0002,Vijayawada,Andhra Pradesh,Tier 3,3529607,115.12,6838,18.410402,77.974716,11167,113,2.24,142.96,Yes,No,Yes,No,No,Yes,Yes,43,39,73,60,69,14.93,3213,16.9,Textile,103,808,47,27,171,278,90.98,46.01,2025-12-31
C0003,Guntur,Andhra Pradesh,Tier 2,20539044,554.33,16543,12.738672,79.004208,34924,91,5.78,68.86,No,Yes,Yes,Yes,No,No,No,53,37,91,75,68,10.08,3341,32.1,Healthcare,93,592,19,32,143,556,77.86,40.08,2025-12-31
C0004,Tirupati,Andhra Pradesh,Tier 3,12246585,217.65,9565,22.776263,70.636373,4043,120,2.6,194.88,No,Yes,No,No,No,No,Yes,78,78,72,96,76,-2.43,3661,14.0,IT,389,589,66,23,129,113,96.03,22.91,2025-12-31
C0005,Kakinada,Andhra Pradesh,Tier 2,5228434,342.87,11087,23.641992,90.580168,19878,10,5.29,151.98,Yes,No,No,Yes,Yes,Yes,Yes,63,72,59,89,63,-2.05,3993,33.7,Manufacturing,155,1130,113,78,108,221,97.77,50.32,2025-12-31
C0006,Itanagar,Arunachal Pradesh,Tier 2,10559463,363.18,24972,20.704902,83.009699,6465,41,3.24,105.47,Yes,Yes,Yes,Yes,Yes,Yes,Yes,36,52,59,87,70,1.4,4076,15.4,Manufacturing,390,1018,33,61,104,199,72.82,44.54,2025-12-31
C0007,Naharlagun,Arunachal Pradesh,Tier 3,14312940,372.99,4050,27.527572,96.540791,5724,17,4.21,105.84,Yes,Yes,Yes,Yes,No,Yes,No,113,45,84,70,59,5.19,902,11.3,Education,448,80,13,31,42,421,84.52,17.82,2025-12-31
C0008,Pasighat,Arunachal Pradesh,Tier 3,2067477,173.36,641,36.573956,75.690889,28192,110,4.5,131.71,No,Yes,Yes,No,Yes,Yes,Yes,180,17,58,92,85,6.57,4450,13.9,Education,61,430,10,77,17,696,95.77,29.23,2025-12-31
C0009,Guwahati,Assam,Tier 2,19525300,521.56,5872,20.157523,84.926496,19630,50,7.14,64.12,No,Yes,No,No,Yes,No,No,181,19,55,84,94,17.96,919,11.8,Agriculture,279,593,18,45,17,255,81.05,14.46,2025-12-31
C0010,Silchar,Assam,Tier 3,20624499,836.92,1012,27.368033,84.083466,33031,94,2.57,272.34,No,Yes,Yes,Yes,No,No,Yes,195,36,98,95,71,6.62,2157,32.6,IT,67,917,108,36,11,8,79.97,12.85,2025-12-31
C0011,Dibrugarh,Assam,Tier 3,5521791,640.4,28528,24.266299,71.244343,33467,98,6.97,169.59,No,Yes,No,Yes,Yes,No,No,40,55,68,98,70,10.34,2997,29.5,Mining,337,366,120,31,41,186,96.35,6.49,2025-12-31
C0012,Jorhat,Assam,Tier 3,13914801,689.81,16763,15.737366,90.833861,6042,58,6.8,266.31,Yes,Yes,No,No,No,Yes,Yes,32,34,80,76,72,14.88,2386,18.8,Education,224,1148,44,4,29,272,75.34,62.75,2025-12-31
C0013,Patna,Bihar,Tier 3,1383698,127.81,28979,18.024926,90.806417,16799,87,7.41,36.73,Yes,No,Yes,No,Yes,Yes,No,240,18,97,76,94,2.22,1120,28.0,Tourism,279,683,87,53,83,417,90.85,38.26,2025-12-31
C0014,Gaya,Bihar,Tier 2,14207837,578.59,25347,27.64222,94.181361,22669,82,3.66,170.31,Yes,No,No,Yes,No,No,No,246,66,98,68,87,5.88,1490,26.5,Tourism,283,736,13,31,172,322,76.72,16.95,2025-12-31
C0015,Muzaffarpur,Bihar,Tier 2,1650675,238.32,31638,25.726945,90.286191,17423,63,6.87,178.88,No,No,No,Yes,Yes,Yes,Yes,237,38,66,99,88,5.68,2141,32.9,Finance,253,323,104,60,170,548,99.54,40.73,2025-12-31
C0016,Bhagalpur,Bihar,Tier 3,20657200,700.16,33581,20.375482,94.298787,17111,30,6.09,147.67,No,Yes,No,No,Yes,No,No,59,46,70,72,76,2.35,760,13.5,Agriculture,216,362,92,28,16,429,82.19,37.56,2025-12-31
C0017,Raipur,Chhattisgarh,Tier 3,2189290,207.54,28034,19.294828,90.324077,33500,99,2.11,273.12,No,No,Yes,No,No,No,No,295,79,93,69,86,0.05,3670,22.1,Mining,192,878,94,22,119,135,99.32,37.05,2025-12-31
C0018,Bilaspur,Chhattisgarh,Tier 3,19960625,497.16,2276,10.434476,80.42977,30904,69,3.0,81.39,No,Yes,No,No,No,No,No,235,42,60,85,56,12.23,526,35.0,Textile,134,190,101,6,7,258,75.96,6.22,2025-12-31
C0019,Durg,Chhattisgarh,Tier 2,8104240,142.24,7996,24.355118,74.320972,25420,42,6.22,52.85,Yes,Yes,No,Yes,Yes,No,No,223,35,59,92,99,14.1,2089,12.5,Tourism,455,297,103,73,10,360,85.93,44.69,2025-12-31
C0020,Korba,Chhattisgarh,Tier 2,17077226,564.51,1329,32.637693,91.847597,5958,65,7.28,197.4,No,Yes,No,Yes,No,No,No,243,85,72,75,70,14.11,809,17.0,Healthcare,144,1001,74,79,171,393,80.06,34.66,2025-12-31
C0021,Panaji,Goa,Tier 3,6201533,434.92,23753,31.137138,77.869826,31346,86,5.86,86.37,Yes,Yes,Yes,Yes,No,No,Yes,263,72,83,56,60,1.77,3412,27.3,Tourism,359,805,62,71,135,357,82.72,49.76,2025-12-31
C0022,Margao,Goa,Tier 3,11904802,609.31,18254,16.892067,74.685603,26135,34,3.74,230.55,Yes,Yes,Yes,No,No,No,Yes,119,47,69,78,66,1.95,4475,13.2,IT,47,1183,39,17,163,775,84.68,57.36,2025-12-31
C0023,Mapusa,Goa,Tier 3,15850347,427.76,22828,13.346546,69.489925,33336,120,4.63,255.03,No,No,Yes,Yes,Yes,Yes,No,63,41,62,90,81,8.95,1948,29.4,Mining,250,956,40,76,109,317,87.0,8.61,2025-12-31
C0024,Ahmedabad,Gujarat,Tier 1,3429726,807.55,14117,26.139936,75.674738,5160,30,3.32,171.57,Yes,Yes,No,No,No,No,Yes,138,46,73,99,84,-3.36,2012,33.1,Logistics,358,455,56,15,139,235,89.36,59.5,2025-12-31
C0025,Surat,Gujarat,Tier 2,2496116,88.31,20659,25.256277,91.902969,32685,46,4.42,145.83,No,No,No,No,No,Yes,Yes,241,51,93,71,56,-2.9,269,35.0,Tourism,315,132,99,23,120,536,89.48,59.96,2025-12-31
C0026,Vadodara,Gujarat,Tier 2,19740403,393.07,32725,36.102602,81.630301,15880,52,3.77,33.32,Yes,No,No,No,No,No,Yes,252,21,75,71,75,-2.33,3411,31.6,IT,356,1161,61,53,13,197,85.5,42.36,2025-12-31
C0027,Rajkot,Gujarat,Tier 3,21085235,398.05,3882,13.903189,83.92737,32897,46,4.41,216.76,Yes,Yes,Yes,Yes,No,Yes,No,67,38,62,84,62,9.9,1361,22.5,Tourism,280,609,55,62,120,254,83.66,13.68,2025-12-31
C0028,Bhavnagar,Gujarat,Tier 2,20211774,451.68,9446,33.056781,76.011175,28386,119,4.28,289.68,No,Yes,No,No,No,Yes,No,295,71,77,76,90,12.55,3190,21.4,Textile,465,436,91,31,146,397,76.98,51.53,2025-12-31
C0029,Gurugram,Haryana,Tier 1,1564560,297.72,31496,28.451609,91.530858,15151,94,6.36,202.47,Yes,No,Yes,Yes,No,Yes,No,71,77,84,55,64,4.43,1364,11.9,Tourism,193,864,85,11,84,695,95.69,27.8,2025-12-31
C0030,Faridabad,Haryana,Tier 3,21131890,622.16,32478,33.299108,69.041074,4742,40,5.47,285.57,Yes,Yes,No,Yes,Yes,No,Yes,173,13,57,75,58,1.75,3170,20.8,Agriculture,291,893,74,24,43,184,72.36,57.25,2025-12-31
C0031,Panipat,Haryana,Tier 2,16798941,779.39,9879,14.733465,86.499234,17559,42,5.67,278.76,No,No,Yes,Yes,No,No,No,347,64,71,84,74,-0.42,3251,31.3,Finance,141,831,75,46,147,307,99.68,22.71,2025-12-31
C0032,Hisar,Haryana,Tier 3,9310033,46.56,3714,34.407892,89.609992,29790,46,6.27,72.11,No,Yes,Yes,No,Yes,Yes,Yes,178,66,57,92,78,11.84,838,32.7,Textile,402,900,24,26,33,557,96.21,26.95,2025-12-31
C0033,Karnal,Haryana,Tier 3,5621194,248.15,32078,36.054138,76.559102,31021,53,6.42,145.71,Yes,Yes,Yes,No,No,Yes,No,27,43,89,62,84,3.48,2247,24.6,Textile,75,528,62,4,158,579,79.81,41.6,2025-12-31
C0034,Shimla,Himachal Pradesh,Tier 2,21420617,707.32,20304,26.827944,71.383602,3985,14,3.67,153.22,Yes,Yes,Yes,No,No,No,No,320,29,81,96,61,14.17,3443,33.5,Tourism,36,808,29,57,113,246,95.58,10.96,2025-12-31
C0035,Solan,Himachal Pradesh,Tier 3,18369242,770.37,24006,9.755953,76.000562,34226,25,7.22,255.68,Yes,Yes,Yes,Yes,No,Yes,Yes,309,36,59,90,68,8.49,2008,18.2,Manufacturing,423,55,37,19,33,558,77.49,15.47,2025-12-31
C0036,Mandi,Himachal Pradesh,Tier 2,4522582,52.04,16093,25.076735,68.457651,11195,16,2.7,131.08,Yes,Yes,No,No,No,Yes,No,277,38,94,57,97,6.99,3852,26.1,IT,51,1030,110,52,109,707,73.23,47.74,2025-12-31
C0037,Dharamshala,Himachal Pradesh,Tier 3,2565939,768.41,21609,25.640625,69.904785,11511,89,5.48,170.44,No,No,No,No,No,Yes,Yes,302,37,82,83,69,4.52,3815,20.0,Finance,180,924,42,33,95,161,90.54,33.46,2025-12-31
C0038,Ranchi,Jharkhand,Tier 2,2964352,115.52,6828,29.59308,78.806759,6763,81,2.33,296.6,No,Yes,No,No,No,Yes,No,327,49,77,61,91,6.67,1367,26.4,Agriculture,453,271,46,72,94,122,92.8,39.45,2025-12-31
C0039,Jamshedpur,Jharkhand,Tier 3,18922885,829.38,2220,25.660853,87.077106,25223,44,2.16,85.44,No,No,No,Yes,Yes,Yes,No,55,28,95,56,60,12.16,1862,19.4,Healthcare,194,372,49,40,83,800,98.15,40.77,2025-12-31
C0040,Dhanbad,Jharkhand,Tier 2,5320395,167.5,3761,27.545093,75.890982,24190,64,4.67,137.59,No,Yes,Yes,No,No,Yes,No,323,72,88,97,74,-3.96,3337,34.6,IT,23,468,40,28,35,787,77.64,24.69,2025-12-31
C0041,Bokaro,Jharkhand,Tier 2,16789482,645.08,12014,11.746385,83.444888,10040,74,5.07,207.43,No,Yes,No,Yes,No,Yes,No,59,50,91,82,91,4.3,3521,17.2,Mining,30,715,23,80,117,711,97.5,10.29,2025-12-31
C0042,Bengaluru,Karnataka,Tier 1,3652177,237.09,26743,23.194914,79.477234,12667,105,3.87,103.92,Yes,Yes,Yes,Yes,No,No,Yes,140,23,64,71,67,-1.01,1352,29.0,Finance,110,1061,61,73,148,464,90.37,57.92,2025-12-31
C0043,Mysuru,Karnataka,Tier 3,21145923,296.07,29320,9.980301,80.824034,12422,111,3.51,18.36,Yes,No,No,No,Yes,Yes,No,166,19,96,60,94,8.66,3249,21.6,Education,425,134,59,74,166,197,79.61,33.54,2025-12-31
C0044,Hubballi,Karnataka,Tier 2,2176136,404.92,23007,36.489182,70.445545,23672,32,2.22,219.66,No,Yes,No,No,No,No,No,193,86,58,95,96,2.7,2800,12.4,Mining,165,566,94,78,38,346,72.44,44.82,2025-12-31
C0045,Mangaluru,Karnataka,Tier 3,10509649,823.83,26187,11.739598,88.556186,5276,49,5.07,199.84,No,Yes,Yes,No,No,Yes,No,178,33,68,76,86,-0.58,1226,13.9,Tourism,452,257,66,70,134,43,89.79,57.58,2025-12-31
C0046,Belagavi,Karnataka,Tier 2,20140265,345.14,11133,13.244533,88.092524,22971,113,6.96,223.85,Yes,No,No,Yes,No,No,No,139,78,70,74,85,15.79,1689,19.2,Logistics,245,995,100,37,97,519,85.77,62.98,2025-12-31
C0047,Kochi,Kerala,Tier 2,20389138,152.1,16884,9.513214,81.937129,14663,80,7.14,220.82,Yes,No,Yes,Yes,No,No,Yes,243,21,69,83,77,16.4,3498,11.3,Education,211,532,51,11,95,234,70.84,60.85,2025-12-31
C0048,Thiruvananthapuram,Kerala,Tier 3,5000601,151.46,19300,34.604489,81.701193,29733,27,6.17,145.96,Yes,Yes,Yes,No,Yes,Yes,No,76,46,70,74,62,-3.9,3539,26.0,Logistics,254,178,16,64,152,553,70.49,35.92,2025-12-31
C0049,Kozhikode,Kerala,Tier 2,4917639,275.93,602,25.829478,74.976363,16150,33,5.65,27.45,No,Yes,Yes,No,No,Yes,No,211,42,56,77,59,2.93,949,29.3,Textile,88,140,47,70,86,663,75.24,51.75,2025-12-31
C0050,Thrissur,Kerala,Tier 3,16156841,551.71,9337,9.829916,90.509522,17497,14,3.61,14.54,Yes,Yes,No,No,No,No,No,38,34,73,77,58,14.91,2819,16.8,Textile,243,869,97,57,98,352,99.11,34.77,2025-12-31
C0051,Bhopal,Madhya Pradesh,Tier 3,12426117,788.69,34531,15.7349,70.395734,16410,20,4.37,308.49,Yes,No,No,Yes,Yes,No,No,176,67,93,82,65,10.86,2979,21.2,Textile,334,940,37,8,19,692,89.06,26.8,2025-12-31
C0052,Indore,Madhya Pradesh,Tier 2,1144905,155.65,29216,9.00917,69.949768,28010,92,4.01,119.3,Yes,Yes,No,No,No,No,Yes,313,27,88,78,80,2.23,2383,16.2,Finance,33,431,65,67,99,580,73.52,51.5,2025-12-31
C0053,Jabalpur,Madhya Pradesh,Tier 3,7299788,847.06,19215,28.125439,96.960236,9059,25,2.75,23.88,Yes,No,Yes,No,No,Yes,No,173,30,95,66,78,6.7,1094,34.6,Manufacturing,141,1061,5,47,141,591,81.03,53.22,2025-12-31
C0054,Gwalior,Madhya Pradesh,Tier 2,20633579,756.24,4808,16.969431,96.988256,26055,71,4.89,238.67,Yes,Yes,No,Yes,No,No,No,85,80,95,92,66,12.66,1157,20.8,IT,445,304,68,20,77,173,74.84,61.08,2025-12-31
C0055,Mumbai,Maharashtra,Tier 1,7665527,320.28,34506,33.952852,92.532077,10711,35,5.49,171.21,Yes,No,Yes,Yes,Yes,Yes,No,308,15,56,60,57,16.82,2268,26.3,Logistics,233,112,65,70,74,662,98.6,33.98,2025-12-31
C0056,Pune,Maharashtra,Tier 1,13726204,280.92,5282,27.969794,72.584333,16119,71,4.55,106.12,Yes,No,No,No,No,Yes,No,283,81,61,75,70,5.73,2291,21.2,Manufacturing,69,153,39,50,157,433,77.42,56.92,2025-12-31
C0057,Nagpur,Maharashtra,Tier 2,11086922,796.34,20994,13.505189,72.62093,19366,69,4.74,96.34,Yes,Yes,No,No,Yes,Yes,No,44,16,73,86,93,15.29,3955,17.1,IT,453,270,57,18,67,749,80.94,29.2,2025-12-31
C0058,Nashik,Maharashtra,Tier 2,13541288,81.44,13256,18.51319,76.369449,15159,74,4.48,170.91,Yes,Yes,Yes,No,No,No,No,93,35,93,87,80,6.5,471,11.0,Textile,431,1020,68,59,38,625,96.7,13.39,2025-12-31
C0059,Thane,Maharashtra,Tier 3,5552663,358.29,20110,25.218015,82.712135,19202,78,4.69,174.94,No,Yes,No,No,Yes,No,No,342,13,93,85,71,17.24,1964,28.0,Logistics,265,399,69,80,97,156,94.57,19.53,2025-12-31
C0060,Aurangabad,Maharashtra,Tier 2,6501659,55.34,21058,20.144629,79.975843,9181,62,4.76,189.95,No,Yes,Yes,Yes,No,No,No,180,32,84,89,76,7.56,2265,25.3,Agriculture,146,621,73,39,57,309,93.06,47.29,2025-12-31
C0061,Imphal,Manipur,Tier 3,10738122,428.64,18421,16.345892,84.630827,20299,58,6.93,122.91,No,Yes,No,Yes,No,Yes,No,246,42,85,68,67,14.04,2321,33.3,Tourism,90,273,80,76,61,253,71.52,59.31,2025-12-31
C0062,Shillong,Meghalaya,Tier 2,21505867,228.6,7066,19.98574,88.803384,5794,97,6.24,2.6,Yes,No,No,No,Yes,No,No,166,17,60,96,91,0.34,405,32.8,Manufacturing,233,410,119,5,101,512,75.57,49.94,2025-12-31
C0063,Aizawl,Mizoram,Tier 3,1357156,47.51,7532,34.925191,77.716221,17388,92,4.99,153.62,Yes,No,No,Yes,Yes,No,Yes,254,42,66,55,76,13.19,1682,14.4,Mining,443,925,67,42,22,415,90.01,16.09,2025-12-31
C0064,Kohima,Nagaland,Tier 2,16120701,302.12,16756,8.198073,79.123657,17138,106,3.47,102.85,Yes,No,No,Yes,Yes,Yes,No,177,30,80,98,87,16.23,2647,27.3,Tourism,208,502,30,18,122,161,83.6,64.33,2025-12-31
C0065,Dimapur,Nagaland,Tier 3,14053463,608.57,31356,29.963165,91.257855,29553,37,6.19,211.23,Yes,No,No,Yes,Yes,Yes,Yes,313,78,64,65,75,14.65,3719,12.9,Agriculture,387,1051,13,66,114,61,83.56,35.79,2025-12-31
C0066,Bhubaneswar,Odisha,Tier 3,19021719,86.77,30802,27.510264,76.936917,3213,60,3.4,1.93,Yes,Yes,Yes,No,No,Yes,Yes,55,70,57,73,81,-0.86,1209,29.1,Mining,211,833,59,49,96,87,90.41,44.71,2025-12-31
C0067,Cuttack,Odisha,Tier 2,11769221,136.09,26259,23.336434,89.107886,9797,116,2.02,8.03,No,No,No,No,Yes,Yes,No,197,29,72,67,62,-4.26,3534,25.4,IT,143,472,10,13,152,39,83.35,45.32,2025-12-31
C0068,Rourkela,Odisha,Tier 2,8311915,639.84,26862,20.729922,83.653034,27219,120,6.27,44.3,No,Yes,No,No,Yes,No,Yes,286,38,81,74,72,-3.6,1534,25.6,Mining,304,1065,8,45,164,692,81.4,36.47,2025-12-31
C0069,Sambalpur,Odisha,Tier 3,13798904,160.87,25171,13.33249,83.59992,10396,118,3.24,265.98,Yes,No,Yes,No,No,Yes,No,144,42,68,76,96,-3.18,3784,31.2,Finance,294,440,8,35,96,694,88.09,7.37,2025-12-31
C0070,Ludhiana,Punjab,Tier 2,6413712,691.77,14722,21.902432,93.214742,13410,48,7.26,5.74,Yes,Yes,No,Yes,Yes,No,Yes,302,51,73,79,84,7.27,3043,17.7,Textile,282,1068,61,13,120,784,95.11,59.86,2025-12-31
C0071,Amritsar,Punjab,Tier 3,10599920,375.28,15001,29.496319,68.470377,20630,84,5.19,130.03,Yes,Yes,No,Yes,No,Yes,No,301,53,71,86,96,12.01,3875,14.2,Textile,106,336,94,70,125,193,97.42,37.53,2025-12-31
C0072,Jalandhar,Punjab,Tier 2,17680657,67.4,5371,35.410455,87.378251,27545,10,4.27,261.35,Yes,Yes,Yes,Yes,Yes,No,No,50,89,95,97,94,15.99,4096,10.4,Education,302,892,3,3,135,744,78.21,63.65,2025-12-31
C0073,Patiala,Punjab,Tier 2,16951573,698.66,28718,31.378863,94.383428,6006,22,4.88,75.46,No,No,No,No,Yes,No,No,255,82,70,99,69,1.9,760,26.3,IT,67,880,50,49,141,492,71.68,5.57,2025-12-31
C0074,Jaipur,Rajasthan,Tier 2,2874485,444.89,28936,26.70231,77.606848,34525,119,7.36,277.49,Yes,Yes,Yes,No,No,Yes,Yes,163,79,91,97,57,-0.87,2676,10.4,Agriculture,320,345,98,51,19,311,74.86,19.43,2025-12-31
C0075,Jodhpur,Rajasthan,Tier 3,18238265,308.7,9671,30.924444,87.990006,5069,74,6.1,107.87,Yes,No,Yes,Yes,No,No,No,35,44,83,86,69,3.18,3175,20.8,Logistics,358,828,12,80,75,257,91.32,9.92,2025-12-31
C0076,Udaipur,Rajasthan,Tier 2,12850683,616.46,10610,29.450003,77.183669,5991,21,2.03,96.25,No,No,Yes,Yes,Yes,Yes,No,249,81,90,87,81,-2.62,834,18.8,Finance,325,714,112,50,3,303,82.37,51.75,2025-12-31
C0077,Ajmer,Rajasthan,Tier 2,19291807,462.09,25451,12.915551,75.79865,11295,73,2.8,52.67,No,No,No,No,Yes,No,No,146,90,86,93,94,-0.5,976,13.4,IT,222,730,109,80,97,342,83.16,30.84,2025-12-31
C0078,Kota,Rajasthan,Tier 2,10180935,299.74,13663,21.891283,73.151481,15549,50,3.6,215.74,No,Yes,No,No,No,No,No,78,82,67,92,89,-0.86,320,33.8,Healthcare,382,479,58,38,177,75,94.49,52.74,2025-12-31
C0079,Gangtok,Sikkim,Tier 3,16853835,152.74,20346,15.018614,87.101226,25936,64,6.34,23.86,No,No,No,Yes,No,Yes,Yes,147,55,65,96,94,-3.98,3373,34.2,Textile,427,931,15,2,25,269,76.64,49.81,2025-12-31
C0080,Chennai,Tamil Nadu,Tier 1,18823152,510.22,14985,20.927578,79.342891,27808,96,5.24,155.64,No,Yes,No,Yes,No,No,Yes,79,28,77,74,76,5.47,1794,23.0,Textile,263,249,58,58,81,73,78.98,53.61,2025-12-31
C0081,Coimbatore,Tamil Nadu,Tier 2,857830,727.84,7667,27.637041,72.766269,34740,104,3.34,54.91,Yes,No,No,No,Yes,No,Yes,115,65,80,56,94,15.31,3782,24.8,Mining,22,489,28,36,180,69,87.26,52.97,2025-12-31
C0082,Madurai,Tamil Nadu,Tier 2,12373977,304.05,30486,11.304694,87.450341,18539,77,7.31,97.84,No,No,Yes,No,No,No,Yes,172,88,92,60,98,-1.92,1065,16.0,Finance,113,814,90,19,130,402,82.51,13.27,2025-12-31
C0083,Salem,Tamil Nadu,Tier 3,14294826,190.46,11853,24.092465,82.199619,7097,33,3.73,140.36,Yes,No,Yes,No,Yes,Yes,No,307,74,96,86,81,10.75,3504,27.8,Healthcare,270,392,12,73,7,784,76.59,6.96,2025-12-31
C0084,Tiruchirappalli,Tamil Nadu,Tier 2,18139151,273.82,30471,24.403863,90.403882,18730,80,4.81,177.97,No,No,Yes,No,Yes,No,Yes,146,48,57,83,71,3.02,812,21.0,Finance,417,535,28,76,176,364,95.75,41.62,2025-12-31
C0085,Hyderabad,Telangana,Tier 1,14466902,174.45,9624,30.76063,91.592366,28892,17,5.14,165.47,Yes,No,No,No,No,Yes,Yes,230,17,72,96,63,11.13,1187,16.2,Textile,444,556,99,51,125,150,87.27,21.12,2025-12-31
C0086,Warangal,Telangana,Tier 3,12688694,406.11,6601,19.682672,89.744269,25264,57,4.5,151.81,Yes,Yes,No,No,Yes,No,Yes,239,37,86,72,75,14.05,2866,23.7,Manufacturing,309,1043,102,44,174,785,71.45,10.97,2025-12-31
C0087,Karimnagar,Telangana,Tier 3,646311,140.63,10853,20.797293,68.019602,33892,64,3.11,213.77,Yes,No,Yes,No,Yes,No,No,62,57,97,96,65,-3.81,2602,28.1,Agriculture,239,236,92,13,0,223,84.26,12.96,2025-12-31
C0088,Nizamabad,Telangana,Tier 2,17529656,590.79,1108,8.233815,77.96365,6451,120,4.32,41.84,Yes,Yes,No,Yes,Yes,Yes,No,208,48,63,79,63,9.76,1270,11.7,Logistics,24,386,58,45,54,648,92.37,60.19,2025-12-31
C0089,Agartala,Tripura,Tier 3,7389521,110.22,7084,12.060381,71.571559,26420,59,3.93,133.68,Yes,Yes,No,Yes,Yes,No,Yes,174,36,88,93,87,-0.66,3309,17.4,IT,421,540,65,50,28,251,84.94,40.64,2025-12-31
C0090,Lucknow,Uttar Pradesh,Tier 2,12216445,796.48,9149,19.218309,92.330226,16290,56,5.0,54.39,No,Yes,Yes,Yes,Yes,No,Yes,40,17,80,87,73,9.46,4204,29.2,Mining,379,873,12,69,137,635,74.57,10.02,2025-12-31
C0091,Kanpur,Uttar Pradesh,Tier 2,17256538,785.95,10682,23.555315,79.331214,23284,107,6.59,211.45,Yes,No,No,Yes,Yes,Yes,Yes,242,24,84,94,93,-3.73,1538,13.0,Manufacturing,379,73,22,64,88,540,85.46,54.35,2025-12-31
C0092,Noida,Uttar Pradesh,Tier 1,8798884,175.24,8818,29.743515,93.330342,26516,25,6.24,10.07,No,No,Yes,No,Yes,No,No,281,56,58,86,91,-1.16,1388,16.4,Finance,477,286,31,66,0,50,95.67,5.74,2025-12-31
C0093,Ghaziabad,Uttar Pradesh,Tier 2,15929792,334.82,10335,13.189867,95.849922,3658,80,6.42,221.63,No,Yes,No,Yes,No,No,No,59,83,78,62,87,10.49,531,14.5,Education,43,871,10,60,72,797,95.26,24.64,2025-12-31
C0094,Varanasi,Uttar Pradesh,Tier 3,367401,338.82,19609,24.350395,76.81337,22905,41,4.55,183.83,No,Yes,Yes,Yes,Yes,No,Yes,139,79,77,95,99,15.18,2844,10.0,Mining,454,679,15,27,135,248,82.55,62.67,2025-12-31
C0095,Agra,Uttar Pradesh,Tier 2,9489378,115.35,15669,34.021337,83.073017,25465,57,4.52,232.1,Yes,Yes,No,Yes,Yes,No,Yes,141,47,71,75,80,11.12,2772,18.0,Tourism,139,202,27,18,149,116,74.65,14.86,2025-12-31
C0096,Prayagraj,Uttar Pradesh,Tier 3,10637208,369.28,23980,35.974407,74.021451,12602,69,3.46,38.05,Yes,No,Yes,Yes,No,Yes,Yes,147,55,80,87,58,10.58,2231,30.5,Manufacturing,35,878,111,58,142,771,86.45,10.68,2025-12-31
C0097,Dehradun,Uttarakhand,Tier 2,4790676,138.38,4541,32.080798,96.49445,6783,35,6.53,116.02,Yes,No,Yes,Yes,Yes,Yes,No,85,21,76,62,57,16.67,514,14.2,Logistics,241,858,65,4,97,704,82.76,26.24,2025-12-31
C0098,Haridwar,Uttarakhand,Tier 2,9326857,266.68,10240,9.004834,85.95612,10553,92,3.62,128.31,No,Yes,Yes,No,No,Yes,No,122,77,70,95,89,13.28,3233,29.5,Textile,265,1165,102,63,88,584,85.02,28.3,2025-12-31
C0099,Haldwani,Uttarakhand,Tier 2,974528,298.29,14853,8.8498,91.509992,11705,17,6.45,146.75,No,Yes,Yes,Yes,Yes,Yes,No,293,17,69,91,79,3.16,1523,14.4,Logistics,182,784,118,76,7,725,90.95,61.85,2025-12-31
C0100,Kolkata,West Bengal,Tier 1,19011495,155.1,12836,32.264208,91.501634,34297,73,4.98,55.25,Yes,Yes,Yes,Yes,Yes,Yes,No,20,52,94,67,63,2.84,1553,33.0,Textile,50,94,20,76,180,150,93.15,55.79,2025-12-31
C0101,Howrah,West Bengal,Tier 3,2533756,342.61,26425,24.994483,77.760271,13071,27,7.37,227.3,No,No,No,Yes,No,Yes,Yes,213,49,73,63,66,11.76,3307,31.3,Logistics,36,422,79,41,156,231,89.13,11.25,2025-12-31
C0102,Siliguri,West Bengal,Tier 3,4819208,308.25,5599,14.901882,96.48901,8001,91,6.87,28.42,No,No,Yes,No,Yes,Yes,Yes,199,42,61,55,58,3.88,3537,34.2,Mining,272,825,46,70,96,108,94.78,52.32,2025-12-31
C0103,Durgapur,West Bengal,Tier 2,5557846,405.54,2689,16.55235,77.24279,33684,23,2.41,53.56,No,Yes,Yes,Yes,No,No,Yes,240,31,93,82,65,-3.77,2812,15.1,Agriculture,229,1184,94,70,67,681,78.42,19.25,2025-12-31
C0104,Asansol,West Bengal,Tier 2,13283610,503.13,32674,12.454108,78.464039,16511,21,3.62,205.56,No,Yes,Yes,Yes,Yes,Yes,No,61,70,62,74,80,5.83,2270,12.3,Education,218,428,49,49,94,196,83.33,20.8,2025-12-31
C0105,New Delhi,Delhi,Tier 1,15704755,253.35,18100,24.363151,72.38279,25321,95,2.53,207.46,No,Yes,Yes,No,No,No,Yes,263,48,60,80,57,6.55,4333,30.0,Logistics,95,296,98,58,44,176,99.07,53.51,2025-12-31
C0106,Srinagar,Jammu and Kashmir,Tier 2,1531965,382.93,29033,13.855659,91.854357,7345,116,5.27,99.8,Yes,Yes,No,No,No,No,No,26,89,92,88,81,-2.41,1325,13.7,Logistics,318,255,120,14,144,108,93.49,57.05,2025-12-31
C0107,Jammu,Jammu and Kashmir,Tier 3,13887181,253.95,32323,24.588674,81.718352,8142,45,4.22,192.04,No,Yes,No,No,Yes,Yes,No,157,57,56,76,74,2.15,4127,31.5,Finance,464,516,19,39,113,797,94.69,21.17,2025-12-31
C0108,Leh,Ladakh,Tier 3,20399731,562.9,12816,20.809781,94.489551,15842,104,4.66,160.6,No,Yes,Yes,Yes,No,No,Yes,288,82,56,66,67,15.13,1744,30.9,Agriculture,36,984,8,47,180,208,78.19,54.41,2025-12-31
C0109,Puducherry,Puducherry,Tier 3,21420815,787.69,2502,15.016205,82.174815,17117,32,7.28,147.65,No,No,Yes,No,Yes,No,Yes,217,16,65,91,68,14.71,1944,26.9,Tourism,353,888,67,3,174,14,84.18,12.94,2025-12-31
C0110,Chandigarh,Chandigarh,Tier 2,20270976,688.7,15164,15.319323,91.347482,12509,101,7.32,199.61,No,No,No,No,No,Yes,No,174,76,94,80,92,-2.65,4290,35.0,Textile,307,628,40,14,123,70,80.05,21.59,2025-12-31
C0111,Port Blair,Andaman and Nicobar Islands,Tier 3,9390716,251.53,20081,13.462442,83.001514,10374,17,6.43,248.93,No,No,Yes,Yes,No,No,No,234,61,79,57,92,11.29,1655,18.6,Agriculture,371,1144,83,61,171,372,85.17,55.73,2025-12-31
C0112,Kavaratti,Lakshadweep,Tier 2,9957757,119.06,8884,29.486648,89.030412,20818,107,7.02,293.6,No,Yes,Yes,No,Yes,No,No,189,57,71,92,73,5.67,1064,21.8,Logistics,317,195,62,25,128,127,95.94,27.9,2025-12-31
C0113,Daman,Dadra and Nagar Haveli and Daman and Diu,Tier 3,13961579,83.79,10381,11.983593,73.808601,15908,82,6.91,305.87,Yes,No,Yes,Yes,No,No,Yes,180,17,55,83,72,-0.18,1481,24.4,Manufacturing,270,230,18,79,111,653,82.84,30.74,2025-12-31
C0114,Ladakh City 114,Ladakh,Tier 3,89167,47.73,3567,29.189113,95.55199,7079,56,5.33,5.88,No,No,Yes,Yes,No,Yes,No,109,18,56,74,82,5.83,784,11.6,Agriculture,43,158,14,10,0,55,93.74,69.73,2025-12-31
C0115,Sikkim City 115,Sikkim,Tier 3,3063614,382.55,3001,35.494446,94.627957,8409,9,2.91,21.87,No,No,Yes,Yes,No,Yes,Yes,61,33,52,74,90,0.84,2290,25.6,Agriculture,89,65,20,0,0,6,86.21,35.01,2025-12-31
C0116,Tripura City 116,Tripura,Tier 2,4640937,148.79,11799,12.440686,88.160569,12127,8,3.2,19.92,No,No,No,Yes,No,No,Yes,160,56,89,57,68,-1.29,535,22.4,Manufacturing,38,277,6,11,0,52,71.22,12.36,2025-12-31
C0117,Puducherry City 117,Puducherry,Tier 2,4082101,185.38,344,8.369733,70.581082,3609,61,4.3,14.92,No,No,Yes,Yes,No,Yes,No,194,24,79,68,66,3.96,508,30.3,Agriculture,42,194,10,13,0,14,63.61,55.49,2025-12-31
C0118,Assam City 118,Assam,Tier 2,1210936,341.78,3093,17.531164,93.941301,11987,25,5.51,2.97,No,No,No,Yes,No,Yes,No,132,39,67,74,80,9.0,2757,32.2,Manufacturing,19,77,1,5,0,13,75.81,45.45,2025-12-31
C0119,Delhi City 119,Delhi,Tier 2,3235580,396.21,10316,8.835671,87.84946,13715,70,5.57,14.6,No,No,No,Yes,No,No,No,41,14,66,70,50,7.57,2876,23.1,Manufacturing,90,183,16,3,0,55,85.15,24.91,2025-12-31
C0120,Tamil City 120,Tamil Nadu,Tier 3,1297003,424.35,9447,33.869795,85.774506,1990,49,5.74,15.27,No,No,No,No,No,Yes,Yes,222,41,70,65,71,11.55,306,22.7,Services,56,130,2,14,0,56,90.45,36.89,2025-12-31
C0121,Puducherry City 121,Puducherry,Tier 3,2701316,85.79,8448,29.61193,68.515305,8409,34,2.14,16.56,No,No,Yes,No,No,Yes,No,117,33,53,64,79,1.98,3243,25.5,Services,96,196,14,3,0,12,88.85,23.3,2025-12-31
C0122,Sikkim City 122,Sikkim,Tier 3,2499335,287.41,6425,28.360786,69.327565,4489,39,2.56,21.56,No,No,No,Yes,No,No,Yes,78,17,75,63,79,9.37,880,27.9,Agriculture,58,33,20,3,0,57,77.38,45.36,2025-12-31
C0123,Chandigarh City 123,Chandigarh,Tier 2,4234477,32.04,12362,9.408577,95.12394,11386,38,5.7,23.48,No,No,Yes,Yes,No,Yes,Yes,129,52,88,88,70,4.56,1675,20.5,Manufacturing,40,213,10,9,0,57,90.58,18.29,2025-12-31
C0124,Chandigarh City 124,Chandigarh,Tier 3,4645329,434.53,11963,29.367741,84.053865,5360,20,2.84,21.49,No,No,No,Yes,No,Yes,No,211,17,72,85,80,5.74,2832,27.8,Tourism,59,16,16,3,0,3,74.47,13.18,2025-12-31
C0125,Bihar City 125,Bihar,Tier 2,2289576,382.59,2936,36.522439,87.81832,4199,61,2.25,23.57,No,No,Yes,Yes,No,No,No,56,49,85,64,85,2.83,2192,29.6,Tourism,93,34,12,12,0,53,96.35,68.55,2025-12-31
C0126,Rajasthan City 126,Rajasthan,Tier 2,158760,379.52,3627,25.996289,90.646822,9059,61,2.9,19.09,No,No,No,Yes,No,Yes,No,144,21,54,61,61,8.03,588,19.4,Services,40,294,8,4,0,20,82.19,25.3,2025-12-31
C0127,Sikkim City 127,Sikkim,Tier 3,1348604,48.77,5585,25.30953,90.436168,12046,47,5.37,9.17,No,No,No,Yes,No,No,Yes,77,43,54,82,60,3.24,2299,20.1,Tourism,33,119,10,10,0,46,71.16,67.02,2025-12-31
C0128,Andaman City 128,Andaman and Nicobar Islands,Tier 3,4758816,417.13,10938,8.255307,87.399216,9101,23,5.62,18.49,No,No,Yes,Yes,No,No,No,233,70,57,74,66,5.1,1258,10.6,Tourism,70,270,14,15,0,5,71.26,49.09,2025-12-31
C0129,Rajasthan City 129,Rajasthan,Tier 2,854940,108.68,12970,23.60127,68.212587,2872,21,4.68,23.25,No,No,No,Yes,No,Yes,No,195,62,54,59,51,3.89,1458,10.9,Agriculture,11,101,8,2,0,73,91.22,64.66,2025-12-31
C0130,Uttarakhand City 130,Uttarakhand,Tier 3,3834316,326.2,7394,17.175723,79.295554,3738,42,2.02,21.66,No,No,Yes,Yes,No,Yes,No,158,16,68,69,88,-1.7,3234,33.2,Services,55,25,15,5,0,68,68.35,54.81,2025-12-31
C0131,Lakshadweep City 131,Lakshadweep,Tier 3,1258593,170.09,14832,34.510899,91.055497,13749,49,3.49,28.49,No,No,Yes,Yes,No,Yes,Yes,176,48,75,84,85,11.2,1348,15.3,Tourism,32,221,20,4,0,20,66.99,47.01,2025-12-31
C0132,Mizoram City 132,Mizoram,Tier 2,1011523,115.24,13401,24.451487,69.577261,14105,67,5.96,16.56,No,No,Yes,No,No,Yes,No,55,22,87,81,71,2.36,2849,26.4,Agriculture,41,45,6,10,0,62,77.12,46.98,2025-12-31
C0133,Punjab City 133,Punjab,Tier 2,4794194,296.43,13533,17.173662,80.420914,1879,28,2.98,6.8,No,No,No,No,No,No,Yes,203,56,71,80,79,3.68,3273,17.6,Agriculture,27,51,8,4,0,68,67.46,54.01,2025-12-31
C0134,Chhattisgarh City 134,Chhattisgarh,Tier 2,206282,429.31,10648,8.904633,84.874824,8437,57,4.36,27.21,No,No,No,No,No,Yes,No,130,24,87,68,58,3.97,2190,12.3,Tourism,69,15,7,5,0,65,65.33,19.55,2025-12-31
C0135,Jharkhand City 135,Jharkhand,Tier 3,3059795,49.0,12775,22.141622,69.822974,7852,22,2.17,6.36,No,No,No,No,No,No,No,41,12,70,56,83,6.5,1220,30.9,Tourism,79,288,18,5,0,48,84.84,31.92,2025-12-31
C0136,Chhattisgarh City 136,Chhattisgarh,Tier 3,3206874,487.16,3951,22.974782,78.234042,7453,39,5.17,26.64,No,No,Yes,Yes,No,No,Yes,88,14,82,67,63,-0.75,744,19.1,Agriculture,89,127,13,10,0,14,78.3,38.73,2025-12-31
C0137,Maharashtra City 137,Maharashtra,Tier 2,3496872,40.55,1006,11.708668,85.178082,4007,48,4.05,26.75,No,No,Yes,Yes,No,Yes,No,76,43,75,88,86,6.56,3047,28.2,Tourism,15,120,14,15,0,61,66.48,59.82,2025-12-31
C0138,Jharkhand City 138,Jharkhand,Tier 2,4334942,154.32,12165,27.882144,94.748206,11573,45,2.28,11.47,No,No,Yes,Yes,No,Yes,Yes,163,65,82,76,59,6.08,826,21.9,Agriculture,73,267,3,2,0,61,85.06,64.12,2025-12-31
C0139,Lakshadweep City 139,Lakshadweep,Tier 2,3669657,275.36,6368,33.369905,88.231641,8828,22,5.75,14.57,No,No,No,No,No,Yes,No,64,26,80,64,55,1.25,2327,20.2,Manufacturing,5,13,18,3,0,66,60.27,49.27,2025-12-31
C0140,Rajasthan City 140,Rajasthan,Tier 3,3088939,80.09,7280,26.895702,75.355349,10583,35,4.26,18.43,No,No,No,Yes,No,No,No,75,33,85,85,80,0.81,1356,24.4,Services,99,80,3,7,0,57,89.76,66.95,2025-12-31
C0141,Gujarat City 141,Gujarat,Tier 2,4314294,218.26,5844,31.224758,85.806736,13015,53,2.21,11.8,No,No,Yes,Yes,No,Yes,No,183,37,55,54,66,0.33,427,25.2,Services,56,276,9,1,0,22,84.33,36.34,2025-12-31
C0142,Madhya City 142,Madhya Pradesh,Tier 3,1683652,45.8,10122,22.805888,88.255042,11879,18,4.7,10.92,No,No,Yes,Yes,No,Yes,No,229,35,72,75,75,5.79,2220,10.4,Agriculture,16,291,9,11,0,44,96.6,26.59,2025-12-31
C0143,Madhya City 143,Madhya Pradesh,Tier 3,3438632,300.21,4577,13.076009,82.680905,10952,12,4.01,10.33,No,No,Yes,No,No,No,No,126,46,80,65,71,11.42,1979,27.0,Agriculture,66,69,8,2,0,48,84.08,69.65,2025-12-31
C0144,Manipur City 144,Manipur,Tier 3,3509679,479.06,8762,23.533905,88.323738,6114,23,3.15,12.09,No,No,No,Yes,No,Yes,No,110,32,63,86,67,-0.26,3156,27.1,Manufacturing,68,112,7,7,0,33,67.86,22.17,2025-12-31
C0145,Meghalaya City 145,Meghalaya,Tier 3,1358585,396.1,2264,34.685456,87.598552,12669,39,4.46,22.97,No,No,Yes,No,No,No,No,156,67,86,67,81,-0.26,3230,32.9,Tourism,55,123,18,4,0,6,79.98,35.39,2025-12-31
C0146,Lakshadweep City 146,Lakshadweep,Tier 2,4265067,193.23,14396,27.903821,73.069211,3772,52,4.07,9.61,No,No,Yes,Yes,No,Yes,No,178,16,70,73,89,9.93,866,23.7,Manufacturing,39,251,19,10,0,46,66.99,35.44,2025-12-31
C0147,Uttarakhand City 147,Uttarakhand,Tier 3,3112496,431.53,4881,21.071141,84.570882,11235,51,2.91,3.18,No,No,No,Yes,No,No,No,80,19,59,80,50,-0.35,2146,13.4,Tourism,67,163,8,1,0,50,63.76,19.8,2025-12-31
C0148,Maharashtra City 148,Maharashtra,Tier 3,4047502,424.32,1877,21.04579,77.70504,7714,31,4.24,27.97,No,No,No,No,No,Yes,No,61,32,88,62,86,5.64,2758,23.5,Tourism,50,176,16,15,0,57,93.81,32.86,2025-12-31
C0149,Odisha City 149,Odisha,Tier 3,1265075,438.08,10795,31.423797,77.784261,12142,47,4.29,25.5,No,No,Yes,Yes,No,Yes,No,88,30,70,68,67,6.08,1719,16.8,Services,51,276,14,13,0,21,66.99,11.39,2025-12-31
C0150,Meghalaya City 150,Meghalaya,Tier 3,721631,128.97,6805,10.98727,69.84998,9552,43,2.22,23.17,No,No,Yes,Yes,No,No,Yes,51,51,74,69,64,0.71,1263,21.1,Manufacturing,21,279,5,0,0,4,85.21,61.62,2025-12-31
C0151,Rajasthan City 151,Rajasthan,Tier 3,3969102,488.24,9156,35.11087,83.907813,4013,70,5.79,16.27,No,No,No,No,No,No,No,153,44,64,55,78,1.62,1788,16.5,Tourism,6,10,16,4,0,44,70.9,42.11,2025-12-31
C0152,Puducherry City 152,Puducherry,Tier 3,2563315,34.29,7352,31.140979,85.313109,14854,8,4.19,5.82,No,No,No,No,No,Yes,Yes,213,57,74,74,64,0.94,1829,25.6,Tourism,41,282,8,13,0,24,92.43,20.94,2025-12-31
C0153,Odisha City 153,Odisha,Tier 2,3869694,320.33,4758,28.313705,82.267884,7053,9,2.61,29.1,No,No,Yes,Yes,No,Yes,No,98,18,78,50,64,-1.65,160,22.3,Tourism,58,169,15,11,0,59,86.48,11.9,2025-12-31
C0154,Goa City 154,Goa,Tier 2,520083,155.26,6729,10.070156,81.634257,4948,65,5.37,24.55,No,No,Yes,Yes,No,Yes,No,227,38,65,52,62,3.91,3257,12.3,Manufacturing,65,209,9,10,0,20,83.91,12.53,2025-12-31
C0155,Dadra City 155,Dadra and Nagar Haveli and Daman and Diu,Tier 2,2174941,256.18,5195,13.762985,93.738068,12723,21,5.89,7.23,No,No,No,No,No,Yes,Yes,233,27,87,57,75,8.84,136,34.2,Services,93,89,11,2,0,31,65.99,15.48,2025-12-31
C0156,Sikkim City 156,Sikkim,Tier 2,551430,197.09,2821,28.338516,90.952521,3861,39,2.93,29.45,No,No,No,No,No,Yes,Yes,206,34,72,58,66,10.48,2087,27.7,Tourism,74,260,6,5,0,69,73.21,53.94,2025-12-31
C0157,Nagaland City 157,Nagaland,Tier 2,627778,279.63,7662,16.574507,75.637129,7814,37,2.0,19.21,No,No,No,Yes,No,Yes,No,228,49,65,70,54,6.87,2307,30.5,Manufacturing,72,264,17,4,0,78,70.76,34.59,2025-12-31
C0158,Rajasthan City 158,Rajasthan,Tier 2,857456,275.9,1392,9.269541,95.196187,4726,63,2.13,3.39,No,No,Yes,Yes,No,Yes,No,198,41,83,89,87,0.84,1600,15.5,Agriculture,6,116,20,15,0,10,77.79,48.34,2025-12-31
C0159,Telangana City 159,Telangana,Tier 3,3145972,403.3,1255,31.885646,75.708653,2466,54,2.28,9.26,No,No,Yes,Yes,No,Yes,Yes,166,34,62,62,83,6.85,2434,25.6,Manufacturing,76,295,13,3,0,73,73.6,37.52,2025-12-31
C0160,West City 160,West Bengal,Tier 2,1449297,402.46,9310,19.645158,77.787873,4391,42,5.99,13.4,No,No,No,No,No,No,No,135,58,90,77,70,6.13,2406,23.6,Services,75,140,11,14,0,57,96.47,10.01,2025-12-31
C0161,Assam City 161,Assam,Tier 3,186754,273.28,14887,16.753408,76.709685,5435,21,5.42,0.85,No,No,No,Yes,No,Yes,Yes,147,32,59,58,66,2.51,2484,16.2,Tourism,43,57,18,12,0,72,94.88,54.06,2025-12-31
C0162,Rajasthan City 162,Rajasthan,Tier 3,1500411,259.49,11598,28.382589,91.765943,3362,46,4.57,1.31,No,No,No,Yes,No,Yes,No,119,66,77,76,57,10.05,1028,28.7,Agriculture,86,205,1,9,0,67,61.56,42.4,2025-12-31
C0163,Jharkhand City 163,Jharkhand,Tier 3,4264450,357.95,2809,9.465075,89.215779,8236,70,3.78,17.93,No,No,Yes,Yes,No,No,No,231,35,59,58,71,-1.76,2440,28.6,Services,38,53,12,13,0,16,88.96,38.86,2025-12-31
C0164,Madhya City 164,Madhya Pradesh,Tier 3,3366174,336.56,3512,24.273861,96.915284,10389,23,2.97,8.13,No,No,No,No,No,Yes,Yes,201,36,77,73,72,-0.14,1511,24.8,Agriculture,44,96,11,14,0,79,65.54,12.69,2025-12-31
C0165,Manipur City 165,Manipur,Tier 2,3185836,103.32,12235,32.73016,71.25878,2693,23,5.8,27.82,No,No,No,Yes,No,No,Yes,108,38,80,51,71,0.14,2303,15.3,Tourism,75,257,19,4,0,2,74.31,64.36,2025-12-31
C0166,Andaman City 166,Andaman and Nicobar Islands,Tier 2,2192923,110.05,4953,13.820186,88.199274,6244,11,3.86,28.37,No,No,Yes,No,No,No,No,57,11,68,74,64,11.7,2182,34.4,Agriculture,45,258,19,2,0,23,67.56,68.01,2025-12-31
C0167,Dadra City 167,Dadra and Nagar Haveli and Daman and Diu,Tier 2,383467,146.27,8973,16.842898,82.208053,13996,18,2.07,20.59,No,No,No,No,No,Yes,No,237,13,90,66,74,10.36,3437,34.8,Tourism,33,87,10,12,0,17,63.34,32.93,2025-12-31
C0168,Manipur City 168,Manipur,Tier 3,2066292,299.26,7287,36.145578,94.382326,7195,36,4.17,6.36,No,No,Yes,Yes,No,Yes,No,206,55,83,58,77,11.94,3254,13.6,Manufacturing,45,44,17,3,0,23,72.07,62.78,2025-12-31
C0169,Arunachal City 169,Arunachal Pradesh,Tier 3,3523220,481.76,5270,20.84713,95.079287,12234,67,4.95,4.73,No,No,Yes,Yes,No,Yes,Yes,36,58,89,89,67,6.08,2608,15.8,Manufacturing,34,23,11,2,0,61,65.1,60.77,2025-12-31
C0170,Ladakh City 170,Ladakh,Tier 3,1593306,430.5,8351,21.741561,72.749805,5507,10,3.63,29.07,No,No,No,No,No,Yes,Yes,223,23,54,61,78,10.01,2106,27.2,Services,36,228,12,1,0,77,87.94,32.82,2025-12-31
C0171,Rajasthan City 171,Rajasthan,Tier 3,4847733,309.09,8905,26.600421,88.419264,2430,41,2.44,13.82,No,No,Yes,Yes,No,No,Yes,172,34,83,90,53,-0.15,1900,20.0,Tourism,41,246,5,13,0,37,83.3,13.27,2025-12-31
C0172,Andaman City 172,Andaman and Nicobar Islands,Tier 2,3938782,420.05,7700,10.622783,82.519076,4745,57,4.34,26.85,No,No,Yes,No,No,No,No,145,11,61,79,87,10.45,927,32.1,Agriculture,37,175,20,5,0,15,63.47,52.37,2025-12-31
C0173,Telangana City 173,Telangana,Tier 2,4444098,362.42,12209,30.940931,82.838327,4419,32,4.2,1.51,No,No,Yes,No,No,Yes,Yes,67,21,53,76,69,1.64,3248,34.0,Tourism,85,102,3,4,0,25,60.13,55.92,2025-12-31
C0174,Andhra City 174,Andhra Pradesh,Tier 3,4224402,432.04,9204,31.416182,85.631534,9884,23,2.87,19.85,No,No,No,No,No,No,Yes,183,48,50,65,85,1.17,2674,23.9,Manufacturing,11,104,4,1,0,44,61.4,61.23,2025-12-31
C0175,Punjab City 175,Punjab,Tier 3,785703,53.04,7131,36.81832,72.678722,6459,47,4.64,21.06,No,No,Yes,No,No,No,Yes,53,59,69,70,73,10.46,3459,11.7,Services,75,43,9,15,0,17,64.64,61.56,2025-12-31
C0176,Sikkim City 176,Sikkim,Tier 3,4451051,128.63,3725,25.749559,71.169765,13755,70,4.52,29.62,No,No,No,No,No,No,No,96,43,86,89,72,10.91,2616,24.1,Services,68,102,19,7,0,37,97.21,10.09,2025-12-31
C0177,Arunachal City 177,Arunachal Pradesh,Tier 3,1039232,376.61,3696,31.187366,96.970623,8583,10,3.34,16.9,No,No,Yes,Yes,No,Yes,No,95,60,54,69,69,4.6,1426,29.2,Agriculture,92,180,10,12,0,72,83.41,11.75,2025-12-31
C0178,Kerala City 178,Kerala,Tier 2,2822559,421.9,11317,21.89414,81.760513,2382,49,2.54,4.83,No,No,No,No,No,No,No,220,13,83,69,86,7.87,1392,23.9,Agriculture,31,179,11,2,0,19,70.66,11.87,2025-12-31
C0179,Tripura City 179,Tripura,Tier 2,4839741,314.67,3370,25.260564,93.073217,14113,27,4.82,9.57,No,No,Yes,No,No,No,Yes,157,66,65,73,78,9.44,1339,15.4,Tourism,27,67,11,1,0,25,94.71,36.63,2025-12-31
C0180,Arunachal City 180,Arunachal Pradesh,Tier 3,4244759,102.42,5872,34.785466,89.240791,10379,27,5.1,4.47,No,No,Yes,Yes,No,Yes,Yes,147,34,83,57,50,1.66,280,27.2,Agriculture,47,249,1,3,0,66,89.11,54.73,2025-12-31
C0181,Arunachal City 181,Arunachal Pradesh,Tier 3,1810313,180.81,3454,16.310454,83.435998,14461,36,4.68,8.33,No,No,Yes,No,No,Yes,Yes,189,45,82,56,63,5.14,2350,18.0,Manufacturing,95,155,18,7,0,21,62.71,46.8,2025-12-31
C0182,Sikkim City 182,Sikkim,Tier 3,475522,91.13,8012,34.19548,69.463224,8084,11,2.34,11.88,No,No,No,No,No,No,No,239,22,84,55,79,5.52,480,30.3,Services,17,243,9,14,0,60,68.8,23.43,2025-12-31
C0183,Mizoram City 183,Mizoram,Tier 3,3338979,116.18,11198,17.579511,92.962956,7120,37,3.95,2.15,No,No,Yes,No,No,No,No,246,20,68,72,88,5.62,2180,12.6,Agriculture,46,294,20,2,0,38,80.24,34.05,2025-12-31
C0184,Uttarakhand City 184,Uttarakhand,Tier 2,2094228,287.54,8203,19.130677,77.880711,13171,45,3.72,29.41,No,No,No,Yes,No,Yes,Yes,219,69,86,81,57,5.88,1996,18.1,Agriculture,61,100,9,12,0,8,82.73,51.13,2025-12-31
C0185,Tripura City 185,Tripura,Tier 3,4196448,333.14,1307,10.625457,91.693974,11315,65,5.02,24.33,No,No,Yes,Yes,No,No,No,129,49,86,78,62,0.08,1396,17.5,Tourism,60,186,2,0,0,78,97.48,34.25,2025-12-31
C0186,Himachal City 186,Himachal Pradesh,Tier 3,573537,203.53,9292,36.069086,68.024456,10975,60,5.91,3.47,No,No,No,Yes,No,Yes,No,209,47,75,90,70,7.68,1763,19.5,Manufacturing,89,98,15,4,0,24,81.11,60.6,2025-12-31
C0187,Telangana City 187,Telangana,Tier 3,1344087,165.58,14598,27.431916,71.894046,2975,49,2.06,21.7,No,No,No,No,No,Yes,Yes,65,51,76,79,88,10.95,2652,14.5,Services,75,240,12,11,0,28,67.06,46.27,2025-12-31
C0188,Puducherry City 188,Puducherry,Tier 2,4258806,156.55,9248,24.714218,68.970394,2420,44,3.93,11.18,No,No,No,Yes,No,Yes,No,149,43,55,83,89,-1.67,2035,25.8,Agriculture,92,286,18,9,0,78,62.01,30.61,2025-12-31
C0189,Andhra City 189,Andhra Pradesh,Tier 3,3858719,270.95,7987,24.644994,77.613906,7582,69,5.91,8.98,No,No,Yes,Yes,No,No,No,45,50,80,87,60,5.59,2788,34.8,Agriculture,41,258,2,4,0,64,62.92,57.03,2025-12-31
C0190,Mizoram City 190,Mizoram,Tier 2,2406963,159.35,4509,8.411887,71.234933,4660,66,4.37,4.7,No,No,No,No,No,Yes,No,230,54,65,81,61,8.99,235,18.6,Agriculture,23,88,15,13,0,49,69.04,36.41,2025-12-31
C0191,Karnataka City 191,Karnataka,Tier 2,4896580,375.15,5953,9.575448,75.667469,3700,11,2.67,12.08,No,No,No,No,No,Yes,No,204,55,74,80,66,-0.82,1880,10.3,Services,53,171,16,1,0,12,94.87,48.25,2025-12-31
C0192,West City 192,West Bengal,Tier 3,2859910,157.05,13445,10.850027,86.975955,8208,37,5.09,22.52,No,No,Yes,No,No,Yes,No,170,10,50,54,50,3.17,2251,12.6,Services,49,122,9,8,0,24,61.29,47.16,2025-12-31
C0193,Bihar City 193,Bihar,Tier 2,1071649,362.8,2265,10.505205,85.535888,7959,50,5.06,19.51,No,No,Yes,Yes,No,Yes,No,105,39,54,90,79,10.84,1232,29.2,Tourism,37,92,2,8,0,7,74.55,29.96,2025-12-31
C0194,Bihar City 194,Bihar,Tier 3,2270169,113.63,1437,22.259932,94.929003,11799,33,2.71,14.86,No,No,Yes,No,No,Yes,Yes,143,55,66,56,52,-1.91,2440,28.2,Services,7,264,4,0,0,4,85.26,25.99,2025-12-31
C0195,Sikkim City 195,Sikkim,Tier 3,4870431,31.74,11893,35.257421,82.229704,8944,33,5.38,23.47,No,No,Yes,Yes,No,Yes,No,206,62,80,57,86,5.03,1570,18.3,Tourism,56,38,20,2,0,46,80.32,67.66,2025-12-31
C0196,Goa City 196,Goa,Tier 3,2482349,334.46,3193,24.079789,96.057876,12625,20,3.2,11.83,No,No,Yes,No,No,No,Yes,191,38,62,58,52,-0.1,3048,34.9,Manufacturing,67,209,2,9,0,63,80.29,60.06,2025-12-31
C0197,Delhi City 197,Delhi,Tier 2,360736,189.46,5833,30.845577,69.241621,3736,21,5.23,20.09,No,No,No,Yes,No,Yes,Yes,39,57,59,81,51,4.07,2632,11.1,Manufacturing,6,98,20,1,0,39,91.19,15.84,2025-12-31
C0198,Karnataka City 198,Karnataka,Tier 2,941970,83.66,10048,31.176081,74.396603,14980,20,3.7,24.38,No,No,No,No,No,Yes,Yes,112,63,63,52,87,-0.4,358,13.0,Manufacturing,58,96,11,5,0,56,69.26,44.92,2025-12-31
C0199,Himachal City 199,Himachal Pradesh,Tier 2,3205215,395.5,556,33.509181,70.340956,1918,19,5.7,21.26,No,No,No,No,No,No,Yes,82,19,90,67,83,3.76,1079,33.5,Agriculture,81,102,15,2,0,80,91.41,28.07,2025-12-31
C0200,Uttarakhand City 200,Uttarakhand,Tier 2,4728413,140.75,2225,36.611502,96.326953,11940,31,5.45,29.61,No,No,Yes,No,No,Yes,No,43,22,57,59,80,4.46,754,26.8,Agriculture,11,196,9,6,0,55,69.55,47.01,2025-12-31
C0201,Jammu City 201,Jammu and Kashmir,Tier 2,925947,378.0,9104,13.100741,90.779269,9747,40,2.46,26.87,No,No,No,No,No,No,Yes,221,53,70,64,57,1.89,501,15.9,Services,30,202,7,2,0,60,82.23,13.26,2025-12-31
C0202,West City 202,West Bengal,Tier 2,1863324,466.11,7754,13.163762,78.831067,9299,54,2.78,10.89,No,No,No,Yes,No,No,Yes,38,54,86,53,67,-0.95,2006,21.5,Manufacturing,48,122,9,5,0,78,94.41,44.69,2025-12-31
C0203,Dadra City 203,Dadra and Nagar Haveli and Daman and Diu,Tier 2,775399,223.5,8848,22.187189,96.874266,11492,38,5.35,8.52,No,No,No,Yes,No,Yes,No,141,47,64,87,59,10.71,120,20.4,Agriculture,10,250,16,1,0,54,80.18,38.76,2025-12-31
C0204,Gujarat City 204,Gujarat,Tier 3,4204752,143.04,9450,29.839282,88.101635,8462,68,2.87,10.88,No,No,Yes,Yes,No,Yes,No,201,29,60,79,86,8.21,199,34.4,Services,22,217,5,11,0,80,77.64,48.0,2025-12-31
C0205,Chhattisgarh City 205,Chhattisgarh,Tier 3,2842619,279.53,5159,20.351165,75.823892,11835,42,4.3,6.37,No,No,Yes,No,No,Yes,No,43,17,74,73,79,6.29,1597,19.2,Agriculture,76,114,4,10,0,30,80.51,48.94,2025-12-31
C0206,Maharashtra City 206,Maharashtra,Tier 2,2738245,195.77,4680,22.603413,80.264945,2692,12,3.49,13.68,No,No,Yes,No,No,No,No,188,33,54,62,79,-1.69,1700,32.4,Tourism,14,65,5,8,0,14,86.49,39.78,2025-12-31
C0207,Maharashtra City 207,Maharashtra,Tier 2,2509283,225.77,11480,23.701614,71.828794,7480,34,3.78,19.41,No,No,No,Yes,No,Yes,Yes,235,24,83,71,76,5.68,2785,26.2,Tourism,67,281,17,14,0,58,71.56,17.92,2025-12-31
C0208,Punjab City 208,Punjab,Tier 2,2231100,136.59,6393,36.150997,90.322742,2575,17,3.41,13.79,No,No,Yes,Yes,No,No,Yes,74,63,59,60,65,-1.25,1396,24.4,Services,38,199,5,6,0,71,86.87,49.93,2025-12-31
C0209,Tamil City 209,Tamil Nadu,Tier 2,3178237,240.76,2963,23.475646,71.523211,2208,33,5.72,23.1,No,No,No,No,No,Yes,Yes,219,44,82,71,68,4.11,1287,34.2,Manufacturing,77,236,10,3,0,61,94.21,18.37,2025-12-31
C0210,Dadra City 210,Dadra and Nagar Haveli and Daman and Diu,Tier 2,2634380,41.65,10417,32.385431,80.933208,3315,28,2.22,19.31,No,No,Yes,No,No,Yes,Yes,51,44,78,55,82,2.92,2108,17.9,Agriculture,90,194,12,4,0,54,74.05,32.37,2025-12-31
C0211,Odisha City 211,Odisha,Tier 3,2997379,174.8,7600,33.35475,70.54036,13725,64,3.78,29.78,No,No,No,No,No,Yes,No,216,67,76,58,87,5.97,688,15.2,Services,72,181,2,12,0,11,60.25,48.33,2025-12-31
C0212,Nagaland City 212,Nagaland,Tier 3,1517108,291.23,11936,24.469573,94.531291,5064,19,5.33,8.83,No,No,No,Yes,No,No,No,156,45,79,64,51,8.87,730,16.6,Services,20,157,13,5,0,62,94.46,48.69,2025-12-31
C0213,Arunachal City 213,Arunachal Pradesh,Tier 2,2375465,261.73,1393,25.367848,78.491026,9672,44,3.74,7.89,No,No,No,Yes,No,No,Yes,246,26,60,87,53,-0.81,1988,32.0,Manufacturing,50,93,1,8,0,46,75.94,64.73,2025-12-31
C0214,Tamil City 214,Tamil Nadu,Tier 2,2481490,167.08,10768,35.153194,82.902128,14357,48,2.73,3.02,No,No,Yes,No,No,No,No,99,53,73,56,84,5.7,3472,13.6,Manufacturing,71,154,11,15,0,52,72.93,64.65,2025-12-31
C0215,Gujarat City 215,Gujarat,Tier 2,1346500,266.59,13924,13.464087,94.014645,11850,52,5.33,15.86,No,No,Yes,No,No,No,Yes,59,62,58,51,80,2.22,2930,19.1,Services,81,277,10,5,0,38,61.09,58.87,2025-12-31
C0216,Manipur City 216,Manipur,Tier 2,1244196,353.38,5336,11.634981,71.776329,3087,35,4.76,23.56,No,No,Yes,Yes,No,No,No,40,22,56,52,82,5.9,2021,13.0,Tourism,10,43,9,0,0,12,89.73,65.21,2025-12-31
C0217,Maharashtra City 217,Maharashtra,Tier 2,1600062,345.18,779,10.6326,92.529984,6344,68,4.32,10.7,No,No,Yes,Yes,No,Yes,Yes,165,23,62,68,60,10.52,2300,10.1,Agriculture,32,268,15,11,0,75,67.03,50.41,2025-12-31
C0218,Gujarat City 218,Gujarat,Tier 2,3026465,491.21,7248,14.213946,74.599072,3648,56,5.94,3.88,No,No,Yes,Yes,No,No,No,210,28,85,52,55,1.92,573,19.6,Services,81,169,14,7,0,70,75.48,69.1,2025-12-31
C0219,West City 219,West Bengal,Tier 2,633923,450.53,13447,21.794627,87.694802,4737,8,5.99,14.85,No,No,Yes,No,No,No,Yes,60,19,75,75,87,11.66,3136,33.1,Manufacturing,13,196,6,10,0,25,82.61,69.44,2025-12-31
C0220,Haryana City 220,Haryana,Tier 2,3612677,370.84,4863,30.179693,90.213193,11526,25,5.03,24.07,No,No,No,No,No,No,No,154,42,67,59,79,-1.38,1126,22.2,Manufacturing,85,78,0,3,0,6,91.55,39.89,2025-12-31
C0221,Arunachal City 221,Arunachal Pradesh,Tier 2,3259758,314.15,5656,12.429363,86.037036,3378,56,2.31,22.6,No,No,No,No,No,Yes,No,199,41,81,82,66,5.14,3415,31.5,Agriculture,9,230,3,12,0,57,71.95,32.58,2025-12-31
C0222,Jammu City 222,Jammu and Kashmir,Tier 2,325647,113.13,11103,32.95046,76.788293,13368,18,3.97,4.21,No,No,No,No,No,Yes,No,198,45,84,86,80,4.14,740,22.7,Services,38,263,18,12,0,78,85.71,55.99,2025-12-31
C0223,Odisha City 223,Odisha,Tier 3,565261,43.23,1039,11.717744,78.625893,13957,45,2.11,26.76,No,No,No,No,No,Yes,No,118,32,76,72,53,6.92,1114,15.9,Tourism,80,53,2,9,0,14,72.83,11.18,2025-12-31
C0224,Rajasthan City 224,Rajasthan,Tier 2,3916388,339.15,7221,24.473433,94.140886,6168,9,4.78,17.72,No,No,No,No,No,No,No,176,16,81,56,63,2.04,2159,30.3,Tourism,26,163,11,13,0,25,78.88,60.84,2025-12-31
C0225,Chhattisgarh City 225,Chhattisgarh,Tier 2,2460513,154.62,5171,36.890603,79.658793,5500,47,4.97,2.94,No,No,Yes,No,No,No,Yes,175,61,83,80,77,0.15,3358,11.9,Tourism,69,163,13,10,0,25,75.74,25.08,2025-12-31
C0226,Chandigarh City 226,Chandigarh,Tier 3,4643287,114.88,604,26.207474,82.970499,4856,44,4.0,19.89,No,No,No,No,No,No,Yes,163,22,73,79,59,0.61,3157,27.1,Tourism,60,220,10,2,0,26,92.15,26.02,2025-12-31
C0227,Odisha City 227,Odisha,Tier 2,2201230,352.82,4168,19.770112,71.293199,4944,9,2.98,24.85,No,No,No,No,No,No,No,195,67,52,62,60,1.09,219,16.5,Tourism,89,291,5,1,0,62,89.72,13.32,2025-12-31
C0228,Goa City 228,Goa,Tier 3,2549630,437.57,6968,34.006424,87.47849,3279,33,5.77,21.78,No,No,Yes,Yes,No,Yes,Yes,163,52,87,83,66,4.45,469,16.0,Agriculture,45,178,18,12,0,30,95.55,23.08,2025-12-31
C0229,Gujarat City 229,Gujarat,Tier 2,1846073,485.86,7500,19.842891,93.024098,2716,39,4.13,21.05,No,No,Yes,No,No,No,No,204,25,67,59,73,4.13,1606,30.5,Agriculture,87,27,1,7,0,32,81.0,28.56,2025-12-31
C0230,Telangana City 230,Telangana,Tier 2,4537156,437.47,14351,20.829681,68.228117,8238,67,5.91,7.81,No,No,Yes,Yes,No,No,Yes,250,66,60,78,90,1.76,3426,29.2,Services,9,150,2,15,0,60,88.0,65.59,2025-12-31
C0231,Sikkim City 231,Sikkim,Tier 3,892179,417.47,11743,15.568132,69.92465,8695,46,4.92,16.52,No,No,No,No,No,Yes,Yes,194,51,61,90,78,8.87,657,10.1,Manufacturing,85,166,10,2,0,14,66.0,40.98,2025-12-31
C0232,Himachal City 232,Himachal Pradesh,Tier 3,2729314,242.2,14611,29.319991,75.559717,13063,45,5.31,24.03,No,No,Yes,Yes,No,No,No,76,35,74,86,64,-2.69,194,33.1,Manufacturing,16,246,6,8,0,21,61.89,47.08,2025-12-31
C0233,Mizoram City 233,Mizoram,Tier 2,797100,480.28,3087,35.470062,71.403165,13573,41,3.74,27.62,No,No,No,No,No,Yes,Yes,212,23,62,67,68,8.2,1664,13.3,Manufacturing,81,120,9,6,0,53,66.85,57.55,2025-12-31
C0234,Arunachal City 234,Arunachal Pradesh,Tier 3,2246133,140.68,7688,34.312519,78.719494,13011,49,3.83,0.51,No,No,Yes,No,No,No,Yes,212,34,77,88,66,-1.9,2381,11.5,Tourism,35,251,11,1,0,0,69.64,47.18,2025-12-31
C0235,Punjab City 235,Punjab,Tier 3,3161344,92.15,14918,24.227251,84.83412,6064,18,4.01,27.92,No,No,No,Yes,No,Yes,No,211,43,77,59,66,-1.25,280,34.5,Services,40,194,13,9,0,33,83.29,55.69,2025-12-31
C0236,Mizoram City 236,Mizoram,Tier 3,3705548,449.56,5469,29.369208,82.246969,4278,43,5.41,19.79,No,No,No,Yes,No,Yes,Yes,43,24,61,52,80,0.9,2991,21.7,Agriculture,68,30,14,11,0,71,78.44,39.58,2025-12-31
C0237,Jharkhand City 237,Jharkhand,Tier 2,2982693,73.98,14524,16.239377,92.213656,14086,40,5.29,16.98,No,No,Yes,Yes,No,Yes,No,49,25,81,56,71,-2.61,2890,34.5,Agriculture,55,201,18,3,0,41,65.84,14.86,2025-12-31
C0238,Ladakh City 238,Ladakh,Tier 3,2309206,309.28,395,17.553381,69.271563,11996,68,3.81,28.43,No,No,Yes,Yes,No,Yes,No,112,61,53,54,85,11.28,1662,12.3,Tourism,27,132,12,2,0,2,92.39,19.78,2025-12-31
C0239,Uttar City 239,Uttar Pradesh,Tier 3,1342975,86.68,8342,31.231912,89.340789,6880,65,4.74,4.11,No,No,Yes,No,No,Yes,No,144,66,74,80,67,5.45,1832,12.3,Services,52,105,13,13,0,11,61.54,30.5,2025-12-31
C0240,Jammu City 240,Jammu and Kashmir,Tier 2,1350818,467.41,8938,26.257228,83.215656,6562,37,3.75,27.23,No,No,No,No,No,Yes,Yes,205,67,69,65,83,3.42,2428,11.2,Agriculture,10,272,3,13,0,52,63.59,49.65,2025-12-31
C0241,Mizoram City 241,Mizoram,Tier 3,2187922,305.22,12893,22.599892,71.304129,12639,37,2.72,5.63,No,No,No,Yes,No,Yes,No,210,29,70,87,79,8.36,1942,25.6,Tourism,48,105,6,5,0,10,88.39,46.24,2025-12-31
C0242,Gujarat City 242,Gujarat,Tier 3,4532670,38.42,6770,11.38367,72.980325,9617,37,4.77,26.09,No,No,No,No,No,No,No,235,29,55,58,58,-2.79,558,30.4,Manufacturing,8,117,15,4,0,30,76.56,47.56,2025-12-31
C0243,Lakshadweep City 243,Lakshadweep,Tier 2,772205,171.43,7892,12.296804,80.234498,3708,18,5.61,22.22,No,No,No,No,No,No,Yes,250,38,87,65,62,1.42,3497,30.8,Agriculture,47,14,3,13,0,53,92.25,54.22,2025-12-31
C0244,Dadra City 244,Dadra and Nagar Haveli and Daman and Diu,Tier 3,360522,259.12,8264,22.887316,89.013811,12919,65,5.27,14.74,No,No,Yes,Yes,No,No,No,171,14,67,76,80,-1.25,2650,33.5,Tourism,62,233,0,5,0,36,87.6,38.15,2025-12-31
C0245,Delhi City 245,Delhi,Tier 2,4308358,133.26,11522,17.835437,85.460904,13517,50,3.87,26.52,No,No,No,No,No,No,No,234,64,60,89,63,1.24,3168,12.2,Services,21,98,6,5,0,77,78.7,57.61,2025-12-31
C0246,Puducherry City 246,Puducherry,Tier 3,2018964,128.43,1070,36.978575,78.404816,6073,30,4.71,5.41,No,No,Yes,Yes,No,No,No,59,49,64,57,85,0.36,1156,34.8,Tourism,10,295,8,4,0,65,82.96,16.25,2025-12-31
C0247,Bihar City 247,Bihar,Tier 3,3884731,482.44,12682,11.216995,71.070864,11803,47,5.13,28.43,No,No,Yes,Yes,No,Yes,Yes,82,68,73,60,68,7.62,3221,22.6,Agriculture,24,196,10,4,0,15,92.25,36.35,2025-12-31
C0248,Uttarakhand City 248,Uttarakhand,Tier 2,2107860,422.36,8060,17.898282,82.645659,3196,25,3.49,22.69,No,No,No,Yes,No,Yes,No,231,24,58,77,76,10.77,1979,33.8,Tourism,8,236,4,0,0,66,95.86,15.09,2025-12-31
C0249,Rajasthan City 249,Rajasthan,Tier 3,1428455,234.01,6743,30.016579,87.145109,12309,17,5.61,1.92,No,No,No,No,No,No,No,214,57,70,72,50,9.41,2261,25.3,Manufacturing,94,216,14,6,0,69,83.73,47.09,2025-12-31
C0250,Delhi City 250,Delhi,Tier 3,3443239,394.44,14733,16.744411,69.072135,7280,32,4.9,22.25,No,No,Yes,No,No,Yes,Yes,160,45,69,83,71,8.36,755,10.6,Tourism,35,165,13,3,0,7,91.98,25.59,2025-12-31
C0251,Chandigarh City 251,Chandigarh,Tier 3,1088618,52.43,10965,35.298948,81.01337,11178,55,2.02,10.3,No,No,Yes,Yes,No,No,No,102,52,86,58,74,4.79,1114,12.6,Manufacturing,51,242,3,4,0,54,91.48,14.92,2025-12-31
C0252,Bihar City 252,Bihar,Tier 3,1141050,253.84,7609,10.264108,87.627851,8398,45,4.24,23.41,No,No,No,No,No,No,No,206,69,81,76,60,-0.83,620,22.1,Services,21,272,16,3,0,27,77.31,11.96,2025-12-31
C0253,Karnataka City 253,Karnataka,Tier 3,1046281,312.75,6994,11.199749,78.717993,6544,10,4.09,3.71,No,No,No,No,No,No,No,154,11,59,59,87,3.33,1349,32.2,Manufacturing,28,260,0,3,0,70,73.25,62.23,2025-12-31
C0254,Uttarakhand City 254,Uttarakhand,Tier 3,4857168,175.56,7711,34.108331,90.659131,9586,61,4.88,18.25,No,No,Yes,No,No,No,No,68,65,70,55,89,6.97,1777,19.7,Services,48,286,1,14,0,35,84.54,61.96,2025-12-31
C0255,Arunachal City 255,Arunachal Pradesh,Tier 3,4756381,333.23,10849,24.221232,73.580375,11936,42,4.31,1.78,No,No,Yes,No,No,Yes,Yes,198,69,84,61,51,1.12,942,16.1,Services,15,283,19,10,0,51,82.38,39.49,2025-12-31
C0256,Arunachal City 256,Arunachal Pradesh,Tier 3,3715967,114.84,694,32.929804,77.204091,6013,13,2.46,3.16,No,No,Yes,No,No,Yes,Yes,95,59,55,59,69,11.28,2879,14.2,Tourism,28,23,1,9,0,49,63.75,18.55,2025-12-31
C0257,Rajasthan City 257,Rajasthan,Tier 3,3200032,472.54,2281,9.504465,74.949066,11581,45,2.95,15.36,No,No,No,Yes,No,No,Yes,111,39,85,76,54,4.26,1769,25.8,Agriculture,39,293,18,3,0,31,88.99,49.09,2025-12-31
C0258,Himachal City 258,Himachal Pradesh,Tier 3,4816789,221.17,1674,32.542058,82.512539,14626,69,2.57,16.31,No,No,Yes,Yes,No,No,No,40,10,79,89,68,6.8,785,10.0,Services,39,138,12,11,0,80,68.08,60.44,2025-12-31
C0259,Odisha City 259,Odisha,Tier 2,1404058,377.42,9525,10.028121,70.601738,13243,15,5.32,21.81,No,No,No,No,No,Yes,No,204,70,71,90,66,11.69,2998,21.3,Manufacturing,89,174,10,6,0,58,96.44,29.71,2025-12-31
C0260,Himachal City 260,Himachal Pradesh,Tier 2,4047414,32.01,456,27.508486,79.981728,13211,53,3.96,11.91,No,No,Yes,Yes,No,Yes,No,202,17,72,74,88,2.37,825,31.0,Agriculture,20,246,11,6,0,56,60.36,54.59,2025-12-31
C0261,Nagaland City 261,Nagaland,Tier 3,1656516,72.28,10350,26.13186,91.44402,5423,22,5.92,29.03,No,No,Yes,No,No,No,Yes,31,22,90,75,57,10.05,2431,22.5,Manufacturing,75,109,18,5,0,8,82.35,54.76,2025-12-31
C0262,Himachal City 262,Himachal Pradesh,Tier 3,4830695,432.08,14734,23.169319,90.685329,4943,62,4.71,29.76,No,No,No,No,No,Yes,No,194,53,53,70,77,9.67,1766,16.9,Services,68,195,16,1,0,28,61.78,65.1,2025-12-31
C0263,Lakshadweep City 263,Lakshadweep,Tier 3,2702829,32.42,3488,17.706469,93.522855,2215,55,2.9,20.75,No,No,Yes,Yes,No,Yes,Yes,114,29,54,90,90,-1.55,2065,20.8,Agriculture,80,181,8,7,0,13,78.0,67.53,2025-12-31
C0264,Bihar City 264,Bihar,Tier 3,4409350,403.23,1494,30.496735,85.96743,14318,14,4.5,17.45,No,No,Yes,Yes,No,Yes,No,110,66,54,58,53,10.79,1910,11.4,Services,13,62,1,1,0,37,92.3,34.1,2025-12-31
C0265,Uttarakhand City 265,Uttarakhand,Tier 2,138974,243.1,7905,31.059776,93.518207,11945,14,3.36,28.14,No,No,Yes,No,No,No,Yes,57,16,50,88,54,5.89,893,32.6,Manufacturing,86,270,8,11,0,53,78.29,47.25,2025-12-31
C0266,Kerala City 266,Kerala,Tier 2,1204882,404.6,1291,11.702742,84.951147,10207,69,4.61,10.86,No,No,Yes,Yes,No,No,No,184,31,68,73,50,4.77,2793,27.0,Agriculture,35,269,17,1,0,54,73.07,68.59,2025-12-31
C0267,Madhya City 267,Madhya Pradesh,Tier 2,2915145,119.0,8094,28.148666,96.475774,11626,52,3.32,17.44,No,No,No,No,No,No,No,71,16,79,52,81,0.29,115,26.0,Manufacturing,64,119,7,15,0,42,90.68,32.55,2025-12-31
C0268,Uttar City 268,Uttar Pradesh,Tier 2,106416,200.52,1508,18.378713,84.086057,4133,26,3.76,19.01,No,No,No,Yes,No,Yes,Yes,80,28,61,64,66,7.78,1491,31.2,Manufacturing,27,110,0,5,0,33,94.6,11.26,2025-12-31
C0269,Himachal City 269,Himachal Pradesh,Tier 3,980875,189.04,3744,16.847099,74.964348,7900,50,2.69,15.9,No,No,No,Yes,No,Yes,Yes,63,60,62,62,84,2.67,1632,17.9,Services,86,135,1,6,0,68,71.18,18.91,2025-12-31
C0270,Meghalaya City 270,Meghalaya,Tier 2,2399425,440.24,14251,22.739815,84.938384,9811,21,4.91,23.58,No,No,Yes,Yes,No,No,No,157,43,79,61,70,7.69,2252,27.4,Services,65,147,18,12,0,74,84.69,22.43,2025-12-31
C0271,Madhya City 271,Madhya Pradesh,Tier 3,2016160,216.07,5313,20.325663,78.935406,4375,67,5.37,7.78,No,No,Yes,Yes,No,Yes,No,143,43,72,64,87,-2.38,2198,25.5,Services,62,249,13,13,0,47,90.57,29.02,2025-12-31
C0272,Tripura City 272,Tripura,Tier 2,1556306,237.59,4651,26.715291,78.413695,3150,26,5.37,15.48,No,No,Yes,No,No,Yes,Yes,60,14,73,52,84,0.0,905,26.9,Tourism,43,150,6,4,0,69,94.67,10.51,2025-12-31
C0273,Punjab City 273,Punjab,Tier 3,2957762,398.07,6916,35.428635,91.833978,14215,49,2.05,19.69,No,No,Yes,No,No,Yes,Yes,215,57,63,80,64,4.74,3319,23.8,Services,97,246,10,2,0,40,92.14,35.73,2025-12-31
C0274,Uttarakhand City 274,Uttarakhand,Tier 2,3729921,241.49,9449,8.873018,72.029557,3902,27,5.77,0.49,No,No,No,No,No,Yes,No,138,53,75,84,69,1.89,195,24.2,Agriculture,22,88,10,12,0,48,67.76,33.44,2025-12-31
C0275,Lakshadweep City 275,Lakshadweep,Tier 3,1629899,253.15,5687,24.515935,81.094524,6791,13,2.69,20.31,No,No,Yes,Yes,No,No,Yes,77,22,54,74,68,0.09,1292,26.5,Agriculture,63,39,11,0,0,21,72.42,64.59,2025-12-31
C0276,Uttar City 276,Uttar Pradesh,Tier 2,978987,90.69,7155,21.869283,69.994127,5182,16,5.48,9.43,No,No,No,Yes,No,No,Yes,158,55,79,67,62,-2.89,684,21.1,Services,82,136,16,10,0,72,93.41,37.61,2025-12-31
C0277,Assam City 277,Assam,Tier 2,2465179,333.76,7776,18.056673,92.436545,14781,27,3.56,24.74,No,No,Yes,No,No,Yes,Yes,188,56,77,79,74,10.66,851,27.5,Agriculture,55,32,7,5,0,35,93.54,42.26,2025-12-31
C0278,Chhattisgarh City 278,Chhattisgarh,Tier 2,4189673,223.3,12782,24.031893,96.864175,3053,56,2.42,23.04,No,No,No,No,No,No,Yes,94,23,82,52,79,-2.6,2716,27.4,Services,53,185,12,6,0,50,61.44,25.04,2025-12-31
C0279,Himachal City 279,Himachal Pradesh,Tier 3,3944373,257.84,1417,10.39391,87.053656,13491,68,3.75,14.23,No,No,No,Yes,No,Yes,Yes,185,16,61,68,57,5.02,1700,14.2,Agriculture,91,149,4,14,0,45,66.76,52.86,2025-12-31
C0280,Lakshadweep City 280,Lakshadweep,Tier 2,3758252,357.47,14005,26.408922,83.163359,12655,53,4.64,3.26,No,No,No,No,No,Yes,Yes,42,59,74,62,65,2.62,1077,15.0,Agriculture,58,24,0,10,0,24,85.84,13.79,2025-12-31
C0281,Gujarat City 281,Gujarat,Tier 2,1451293,50.69,8696,11.122831,77.487103,11008,48,2.76,6.37,No,No,No,No,No,Yes,Yes,84,16,72,70,61,-2.78,2778,17.9,Services,32,244,7,2,0,35,84.7,32.14,2025-12-31
C0282,Chhattisgarh City 282,Chhattisgarh,Tier 2,3498530,171.72,10111,22.487705,96.723754,13474,42,5.17,27.68,No,No,Yes,No,No,Yes,No,191,54,74,58,71,-0.37,3219,32.1,Tourism,90,256,2,10,0,2,83.12,45.1,2025-12-31
C0283,Tripura City 283,Tripura,Tier 2,4272993,306.11,517,14.745571,85.874112,3832,27,2.95,12.97,No,No,Yes,Yes,No,Yes,Yes,125,41,68,62,59,2.64,2729,10.9,Services,99,178,4,8,0,40,84.46,55.63,2025-12-31
C0284,Andaman City 284,Andaman and Nicobar Islands,Tier 3,2469736,382.76,4052,32.561111,77.606838,5769,21,4.16,27.22,No,No,Yes,Yes,No,No,No,76,38,90,50,54,10.05,386,33.8,Agriculture,86,82,6,4,0,11,66.6,42.93,2025-12-31
C0285,Maharashtra City 285,Maharashtra,Tier 2,4306585,66.74,12178,21.545153,72.760606,5036,23,3.7,18.25,No,No,No,No,No,No,Yes,99,65,80,55,73,2.97,787,21.8,Services,69,231,4,15,0,2,88.95,35.64,2025-12-31
C0286,Goa City 286,Goa,Tier 3,4556340,101.82,12205,13.09528,79.033057,6811,37,3.13,16.95,No,No,No,Yes,No,No,Yes,213,40,62,59,62,-2.94,2150,28.3,Tourism,67,217,13,12,0,47,74.59,28.47,2025-12-31
C0287,Chhattisgarh City 287,Chhattisgarh,Tier 3,375703,496.46,2339,19.159954,84.402649,4982,56,3.75,7.81,No,No,No,No,No,No,Yes,196,34,77,65,65,4.17,3430,19.0,Agriculture,94,85,8,14,0,18,69.66,46.13,2025-12-31
C0288,Karnataka City 288,Karnataka,Tier 2,1029207,392.36,10857,28.636675,79.146084,13368,45,5.9,2.59,No,No,Yes,No,No,Yes,No,94,54,69,82,84,6.88,1667,24.7,Services,98,55,3,11,0,18,70.22,22.57,2025-12-31
C0289,Uttar City 289,Uttar Pradesh,Tier 3,103857,493.9,13675,22.259975,70.809249,14477,52,3.67,12.62,No,No,No,No,No,Yes,Yes,125,21,58,62,81,-0.27,551,21.3,Manufacturing,28,112,1,5,0,24,69.86,64.14,2025-12-31
C0290,Uttarakhand City 290,Uttarakhand,Tier 3,965997,438.13,3021,10.314484,70.485505,3842,25,2.26,1.08,No,No,Yes,No,No,No,Yes,32,13,67,50,87,8.84,271,12.4,Agriculture,53,276,8,15,0,60,88.76,46.26,2025-12-31
C0291,Sikkim City 291,Sikkim,Tier 3,2927942,499.74,13683,14.948314,78.475108,8328,32,4.44,29.26,No,No,No,Yes,No,Yes,No,208,35,58,51,88,-1.16,2273,17.0,Manufacturing,52,241,19,15,0,65,75.7,21.28,2025-12-31
C0292,Rajasthan City 292,Rajasthan,Tier 2,3071623,440.51,13531,29.338578,87.659953,5626,46,3.94,22.23,No,No,Yes,No,No,No,No,198,64,56,74,68,6.11,3016,13.6,Agriculture,21,264,2,9,0,70,97.51,38.01,2025-12-31
C0293,Delhi City 293,Delhi,Tier 2,4094722,341.44,4246,15.057324,72.942557,12609,52,2.36,13.16,No,No,Yes,Yes,No,No,No,226,27,64,66,80,11.27,2846,13.1,Manufacturing,73,261,2,10,0,28,95.41,55.98,2025-12-31
C0294,Chhattisgarh City 294,Chhattisgarh,Tier 3,3212591,457.78,12472,29.344072,79.067865,12320,58,4.25,25.71,No,No,Yes,Yes,No,No,Yes,104,15,57,55,71,8.11,870,28.6,Agriculture,78,198,4,10,0,48,81.92,10.1,2025-12-31
C0295,Bihar City 295,Bihar,Tier 2,3306000,490.53,5537,30.367146,91.128026,14850,16,4.08,18.13,No,No,Yes,Yes,No,No,Yes,167,64,79,70,59,9.24,1315,30.9,Services,92,243,4,9,0,18,88.39,60.95,2025-12-31
C0296,Assam City 296,Assam,Tier 3,2641169,266.12,11582,11.580456,96.90861,13375,44,3.91,24.89,No,No,No,No,No,No,Yes,237,31,59,63,64,7.51,315,33.1,Manufacturing,67,210,9,5,0,2,80.82,30.24,2025-12-31
C0297,Ladakh City 297,Ladakh,Tier 3,3332988,213.8,8948,29.075883,76.188558,4996,52,5.43,11.93,No,No,Yes,No,No,Yes,No,147,51,60,86,58,3.63,2076,17.3,Manufacturing,31,121,6,0,0,46,87.59,44.54,2025-12-31
C0298,Jharkhand City 298,Jharkhand,Tier 3,3632867,349.34,3056,34.853575,70.785384,9563,19,5.78,3.7,No,No,No,No,No,Yes,No,92,12,57,65,75,4.33,2917,24.9,Manufacturing,88,202,2,14,0,48,70.46,49.19,2025-12-31
C0299,Telangana City 299,Telangana,Tier 2,1056636,84.81,2299,22.187335,87.394974,10151,22,2.09,17.27,No,No,No,No,No,Yes,Yes,128,40,77,69,86,-1.12,1432,11.6,Manufacturing,56,20,12,15,0,8,79.72,45.08,2025-12-31
C0300,Haryana City 300,Haryana,Tier 2,1034202,114.91,10115,28.161261,68.154396,9127,59,3.26,1.37,No,No,Yes,Yes,No,Yes,No,247,58,52,55,57,4.59,1589,34.2,Manufacturing,59,10,7,9,0,5,95.96,41.17,2025-12-31
C0301,Odisha City 301,Odisha,Tier 3,1223189,301.22,11688,17.075145,94.412712,7569,46,4.15,6.45,No,No,Yes,Yes,No,Yes,Yes,78,19,69,63,58,6.03,984,24.8,Tourism,21,226,2,8,0,33,74.51,64.22,2025-12-31
C0302,Uttar City 302,Uttar Pradesh,Tier 3,748385,474.03,11384,20.334958,88.140946,10580,21,2.28,22.03,No,No,Yes,No,No,Yes,No,240,19,70,77,74,-2.61,2572,16.2,Tourism,20,282,3,13,0,8,72.52,15.34,2025-12-31
C0303,Sikkim City 303,Sikkim,Tier 3,1277501,438.36,3998,15.935757,70.840459,5440,32,5.81,23.53,No,No,Yes,Yes,No,No,No,54,43,72,86,68,5.27,2588,12.5,Agriculture,26,172,12,5,0,44,90.63,50.67,2025-12-31
C0304,Lakshadweep City 304,Lakshadweep,Tier 3,4050207,308.39,4544,8.275427,82.893397,4347,50,2.51,11.49,No,No,No,Yes,No,No,Yes,203,48,76,79,61,3.58,1549,30.0,Tourism,40,229,16,7,0,39,84.15,15.22,2025-12-31
C0305,Punjab City 305,Punjab,Tier 3,2673427,427.27,10698,10.304771,89.168638,3334,18,4.3,2.72,No,No,No,No,No,Yes,No,203,42,58,80,81,4.73,2872,32.2,Agriculture,56,17,19,6,0,0,87.14,52.16,2025-12-31
C0306,Tamil City 306,Tamil Nadu,Tier 2,4480119,351.52,993,25.613833,95.974774,12851,67,5.53,15.8,No,No,Yes,Yes,No,Yes,No,244,18,82,72,53,3.34,1652,14.3,Agriculture,48,137,17,3,0,37,71.37,27.61,2025-12-31
C0307,Maharashtra City 307,Maharashtra,Tier 2,4821792,215.0,5294,34.944161,95.814913,10246,60,5.57,28.08,No,No,No,Yes,No,No,Yes,187,39,71,69,72,-1.39,1532,32.3,Manufacturing,56,191,0,3,0,55,78.7,15.08,2025-12-31
C0308,Chandigarh City 308,Chandigarh,Tier 2,3495361,88.21,8285,8.200403,90.313981,5898,22,3.88,11.35,No,No,No,No,No,Yes,No,57,38,78,60,58,2.31,1877,10.1,Manufacturing,19,107,9,1,0,17,74.99,54.64,2025-12-31
C0309,Assam City 309,Assam,Tier 2,1719265,475.74,11199,36.504932,71.444977,9812,43,3.98,20.52,No,No,Yes,No,No,No,No,63,17,56,51,58,-0.67,2148,10.3,Manufacturing,11,185,13,0,0,55,78.25,26.93,2025-12-31
C0310,Goa City 310,Goa,Tier 3,2128254,320.28,12248,22.825955,75.234537,14362,15,5.46,29.83,No,No,Yes,No,No,Yes,No,210,60,56,82,89,-0.28,2521,25.7,Manufacturing,34,71,4,12,0,4,70.41,21.53,2025-12-31
C0311,Jharkhand City 311,Jharkhand,Tier 3,198154,319.74,1789,33.066153,79.030227,10401,27,4.8,29.41,No,No,Yes,No,No,No,No,45,42,77,53,69,-1.35,1589,17.0,Tourism,96,224,7,10,0,6,66.91,10.03,2025-12-31
C0312,Rajasthan City 312,Rajasthan,Tier 2,2443412,251.87,10237,10.922089,73.36036,9849,31,3.34,3.52,No,No,Yes,Yes,No,No,No,219,61,73,87,83,6.07,1075,26.3,Manufacturing,79,206,2,3,0,16,83.92,46.11,2025-12-31
C0313,Assam City 313,Assam,Tier 2,1668393,361.19,1916,10.171508,83.850792,7418,27,4.9,29.69,No,No,Yes,Yes,No,Yes,Yes,79,36,85,66,85,11.63,1599,21.2,Agriculture,60,44,15,13,0,67,95.39,40.23,2025-12-31
C0314,Arunachal City 314,Arunachal Pradesh,Tier 2,2349725,357.45,2412,16.400034,95.718285,2796,58,5.89,5.87,No,No,No,No,No,Yes,Yes,142,58,82,74,85,8.69,1741,25.2,Manufacturing,28,11,5,6,0,75,86.48,62.75,2025-12-31
C0315,Chandigarh City 315,Chandigarh,Tier 3,4276329,362.64,8902,15.506204,92.721777,6655,53,3.07,3.75,No,No,Yes,Yes,No,Yes,No,40,50,59,67,58,1.06,3338,11.3,Manufacturing,31,283,3,0,0,44,84.04,68.33,2025-12-31
C0316,Rajasthan City 316,Rajasthan,Tier 2,4657653,154.1,2489,19.841944,85.732979,7118,11,4.5,0.51,No,No,No,Yes,No,No,Yes,95,11,84,87,56,7.84,2918,19.5,Tourism,85,292,6,14,0,28,72.32,22.24,2025-12-31
C0317,Uttar City 317,Uttar Pradesh,Tier 2,3791788,138.91,12199,20.583203,72.301691,9648,13,3.98,13.89,No,No,Yes,Yes,No,No,Yes,195,28,51,69,60,10.28,3448,19.9,Manufacturing,13,83,2,13,0,31,77.29,48.71,2025-12-31
C0318,Uttar City 318,Uttar Pradesh,Tier 2,4468938,94.53,12595,31.431789,85.495512,7991,32,2.08,24.83,No,No,Yes,Yes,No,Yes,Yes,98,19,90,88,50,8.89,138,33.9,Agriculture,74,183,2,6,0,17,78.26,43.77,2025-12-31
C0319,Delhi City 319,Delhi,Tier 2,2628532,185.93,2831,15.070457,83.762267,6182,48,4.17,0.83,No,No,Yes,Yes,No,No,Yes,160,66,76,59,50,10.68,198,15.7,Services,23,190,20,9,0,28,95.02,51.07,2025-12-31
C0320,Haryana City 320,Haryana,Tier 3,1472364,495.66,3978,10.950351,95.719623,7654,12,4.46,3.73,No,No,Yes,Yes,No,Yes,Yes,139,43,71,88,61,7.19,715,32.3,Tourism,84,156,11,3,0,34,94.82,49.7,2025-12-31
C0321,Mizoram City 321,Mizoram,Tier 2,68276,435.01,2735,30.555737,72.251084,4221,32,3.79,23.95,No,No,No,Yes,No,Yes,No,216,27,59,55,70,11.92,844,29.2,Tourism,45,263,13,15,0,52,82.87,48.2,2025-12-31
C0322,Himachal City 322,Himachal Pradesh,Tier 2,3264390,226.77,8444,23.62367,82.285441,10585,60,2.92,2.69,No,No,No,Yes,No,Yes,Yes,122,10,63,51,73,5.38,647,33.0,Agriculture,49,194,4,9,0,58,65.48,61.2,2025-12-31
C0323,Uttarakhand City 323,Uttarakhand,Tier 2,1817793,419.08,1215,29.662865,71.399838,13199,53,2.57,22.05,No,No,No,No,No,Yes,Yes,199,47,54,80,88,10.06,223,13.7,Manufacturing,15,135,2,0,0,72,91.58,34.99,2025-12-31
C0324,Kerala City 324,Kerala,Tier 3,1225347,381.61,11745,35.514207,81.635351,13638,29,3.78,19.42,No,No,Yes,No,No,Yes,Yes,45,66,52,88,61,4.55,144,19.9,Services,92,242,17,8,0,73,79.07,52.56,2025-12-31
C0325,West City 325,West Bengal,Tier 2,2330255,487.37,8844,18.949248,95.581118,13975,21,3.6,1.87,No,No,No,Yes,No,Yes,No,152,30,75,74,60,-2.18,1621,26.2,Manufacturing,39,65,3,2,0,46,82.92,60.8,2025-12-31
C0326,Arunachal City 326,Arunachal Pradesh,Tier 2,2417323,106.5,2044,9.894256,85.316212,14194,66,3.24,16.64,No,No,Yes,Yes,No,No,Yes,175,46,52,86,80,-2.31,1388,12.3,Tourism,6,192,9,12,0,64,67.41,55.11,2025-12-31
C0327,Tamil City 327,Tamil Nadu,Tier 2,866881,185.72,14988,29.502089,70.929084,14498,17,2.09,23.92,No,No,No,Yes,No,No,Yes,68,53,79,55,90,-1.6,3042,15.8,Manufacturing,92,82,5,10,0,57,89.84,30.34,2025-12-31
C0328,Telangana City 328,Telangana,Tier 3,385652,448.62,12984,27.803331,74.934208,11800,46,2.3,4.74,No,No,No,Yes,No,Yes,Yes,226,65,69,85,55,4.48,1962,17.8,Tourism,25,44,8,11,0,45,63.39,20.75,2025-12-31
C0329,Jammu City 329,Jammu and Kashmir,Tier 3,4020000,489.89,12803,33.423078,86.85847,4101,68,2.5,17.15,No,No,Yes,No,No,No,No,134,64,89,58,78,2.5,2658,33.8,Tourism,15,221,16,14,0,33,93.34,69.47,2025-12-31
C0330,Assam City 330,Assam,Tier 2,2103672,358.88,9488,8.230345,92.738734,6562,32,2.63,12.1,No,No,Yes,Yes,No,No,No,201,15,72,79,79,6.64,3451,21.6,Agriculture,28,65,12,13,0,25,75.26,13.87,2025-12-31
C0331,Sikkim City 331,Sikkim,Tier 3,1833713,360.08,8102,11.315467,81.182781,10730,17,5.79,4.54,No,No,Yes,No,No,Yes,No,45,69,73,77,80,0.2,966,31.7,Services,39,139,20,5,0,10,65.39,26.43,2025-12-31
C0332,Goa City 332,Goa,Tier 3,3836793,439.51,8897,14.209042,93.899128,4815,61,2.21,26.87,No,No,No,No,No,No,Yes,80,32,76,80,80,5.03,3310,14.0,Services,50,209,0,6,0,9,87.46,44.71,2025-12-31
C0333,Jharkhand City 333,Jharkhand,Tier 3,2705122,36.67,14988,21.301113,72.277111,6984,15,5.17,20.28,No,No,No,Yes,No,No,Yes,192,38,90,87,56,-2.45,3154,34.5,Services,94,289,5,12,0,27,73.23,67.14,2025-12-31
C0334,Andhra City 334,Andhra Pradesh,Tier 3,3101729,37.61,14990,16.901997,91.752494,3843,52,4.0,29.97,No,No,No,No,No,No,No,242,44,77,83,71,-1.3,820,21.5,Tourism,27,293,19,5,0,69,76.56,27.1,2025-12-31
C0335,West City 335,West Bengal,Tier 3,882360,497.82,13504,32.279801,70.5995,2069,47,5.73,3.29,No,No,Yes,No,No,Yes,No,248,36,63,64,79,5.27,568,14.9,Services,20,189,14,13,0,50,60.29,32.48,2025-12-31
C0336,Manipur City 336,Manipur,Tier 3,2294868,443.42,4633,16.914504,94.177519,8594,51,2.97,27.03,No,No,No,Yes,No,Yes,Yes,69,60,73,83,88,1.76,798,34.0,Services,35,294,12,6,0,78,84.49,59.71,2025-12-31
C0337,West City 337,West Bengal,Tier 2,3325010,489.36,3146,19.690452,77.225623,4395,35,2.92,21.36,No,No,Yes,Yes,No,No,No,244,45,60,70,63,-1.6,205,20.9,Manufacturing,8,288,2,12,0,3,88.21,17.83,2025-12-31
C0338,Jammu City 338,Jammu and Kashmir,Tier 3,1614938,142.67,3933,16.610753,83.527099,5818,54,5.12,23.62,No,No,No,Yes,No,No,Yes,66,50,51,90,87,10.0,554,21.5,Agriculture,18,82,9,8,0,23,63.53,39.65,2025-12-31
C0339,Telangana City 339,Telangana,Tier 2,3328269,77.32,13332,8.636752,70.133703,12051,12,2.84,12.71,No,No,No,No,No,Yes,Yes,106,10,61,86,90,6.1,228,12.9,Tourism,49,257,19,0,0,20,79.83,25.27,2025-12-31
C0340,Haryana City 340,Haryana,Tier 2,297927,281.9,8786,22.840597,72.418034,7778,15,5.59,1.08,No,No,Yes,Yes,No,Yes,Yes,98,27,80,62,55,2.23,2358,26.3,Services,100,263,13,12,0,24,69.5,21.87,2025-12-31
C0341,Nagaland City 341,Nagaland,Tier 3,913142,304.31,12857,25.039788,72.80394,5172,69,4.89,13.12,No,No,No,No,No,No,No,189,16,88,74,77,-0.0,1545,19.3,Agriculture,62,95,1,8,0,75,75.57,46.23,2025-12-31
C0342,Andaman City 342,Andaman and Nicobar Islands,Tier 3,3391238,44.07,3247,31.462174,80.452217,4846,30,2.98,6.61,No,No,No,No,No,Yes,No,61,10,70,50,71,0.21,2424,29.9,Manufacturing,76,43,12,9,0,77,68.06,23.05,2025-12-31
C0343,Dadra City 343,Dadra and Nagar Haveli and Daman and Diu,Tier 3,677670,299.76,10888,20.230754,89.929835,7006,60,3.28,6.07,No,No,No,No,No,Yes,No,137,17,57,78,60,6.02,2521,19.6,Agriculture,41,19,20,0,0,59,70.81,60.5,2025-12-31
C0344,Uttar City 344,Uttar Pradesh,Tier 2,4525045,461.48,940,17.784306,68.471896,9498,14,5.32,12.57,No,No,No,No,No,No,No,132,15,85,70,81,6.18,1711,17.5,Services,68,72,11,3,0,3,68.51,59.53,2025-12-31
C0345,Himachal City 345,Himachal Pradesh,Tier 2,2758337,434.85,12166,20.634791,72.935552,4931,54,5.61,11.19,No,No,Yes,Yes,No,No,Yes,58,13,69,54,66,1.94,2609,29.8,Services,39,97,4,14,0,15,64.8,61.71,2025-12-31
C0346,Uttarakhand City 346,Uttarakhand,Tier 3,1076541,275.23,4240,24.758657,87.1768,6396,28,5.09,14.58,No,No,Yes,No,No,No,Yes,120,45,65,63,54,-1.87,2125,11.5,Agriculture,90,120,14,12,0,24,78.53,30.43,2025-12-31
C0347,Andaman City 347,Andaman and Nicobar Islands,Tier 3,2665781,363.0,11036,12.465969,82.630831,3930,22,5.67,11.69,No,No,No,Yes,No,No,Yes,47,27,77,60,69,11.27,2464,26.2,Manufacturing,64,64,3,7,0,2,93.98,21.22,2025-12-31
C0348,Arunachal City 348,Arunachal Pradesh,Tier 3,4503389,242.74,4651,11.43146,83.958824,7606,35,2.85,12.03,No,No,No,No,No,Yes,No,99,33,56,53,74,7.98,1830,14.8,Manufacturing,56,100,19,8,0,67,83.08,41.12,2025-12-31
C0349,Gujarat City 349,Gujarat,Tier 2,2138295,480.72,3897,11.340449,93.956695,11224,25,2.96,16.06,No,No,No,Yes,No,No,No,130,16,64,67,81,0.09,3318,15.1,Tourism,95,157,0,3,0,23,79.12,52.03,2025-12-31
C0350,Ladakh City 350,Ladakh,Tier 3,2051685,110.01,11464,10.014184,73.432988,9258,17,5.85,20.05,No,No,No,No,No,Yes,Yes,97,66,54,60,50,5.91,2040,24.6,Services,36,251,3,1,0,2,81.56,69.42,2025-12-31
C0351,Manipur City 351,Manipur,Tier 2,1279626,394.37,1938,16.833466,89.349407,9215,39,4.94,29.7,No,No,No,No,No,No,No,147,10,72,69,71,10.37,3272,26.6,Services,19,148,16,0,0,18,97.19,61.38,2025-12-31
C0352,Jharkhand City 352,Jharkhand,Tier 3,4226119,44.53,9763,29.48936,96.225427,7688,21,4.98,5.98,No,No,No,Yes,No,No,No,164,21,66,72,71,2.87,1809,33.6,Tourism,44,107,1,10,0,78,64.67,57.72,2025-12-31
C0353,Tamil City 353,Tamil Nadu,Tier 3,974345,485.65,8474,34.889758,72.266802,12956,17,4.09,8.84,No,No,Yes,No,No,No,No,46,61,68,50,79,-2.39,1259,30.6,Agriculture,11,260,9,0,0,55,73.39,60.05,2025-12-31
C0354,Bihar City 354,Bihar,Tier 3,1205268,194.6,4941,30.772636,82.557804,14397,43,2.62,2.76,No,No,No,Yes,No,Yes,No,179,68,55,68,64,-2.52,1552,16.2,Services,59,214,3,8,0,38,82.69,20.4,2025-12-31
C0355,West City 355,West Bengal,Tier 3,4900019,95.41,12877,13.785693,71.935032,10881,20,3.2,2.75,No,No,No,Yes,No,No,No,54,18,83,78,70,4.56,2906,27.8,Services,50,228,14,13,0,52,77.53,64.75,2025-12-31
C0356,Arunachal City 356,Arunachal Pradesh,Tier 3,791796,385.25,10379,34.298615,90.81233,11308,40,3.49,18.7,No,No,No,Yes,No,No,Yes,133,52,50,79,83,3.9,322,12.1,Tourism,88,64,10,3,0,37,81.49,51.44,2025-12-31
C0357,Bihar City 357,Bihar,Tier 2,4954126,346.97,12413,28.79159,88.345607,10258,17,4.25,29.02,No,No,Yes,Yes,No,Yes,No,190,29,50,81,89,7.32,569,11.7,Manufacturing,82,71,16,3,0,31,67.76,38.42,2025-12-31
C0358,Chandigarh City 358,Chandigarh,Tier 3,3327545,56.16,2295,16.697789,82.027866,4815,60,2.94,25.46,No,No,No,No,No,Yes,No,67,50,51,61,59,9.28,2792,16.0,Manufacturing,65,255,9,9,0,12,96.45,39.58,2025-12-31
C0359,Nagaland City 359,Nagaland,Tier 3,3286499,357.9,2058,21.454947,91.591315,4227,9,3.13,3.78,No,No,No,Yes,No,No,Yes,195,51,89,78,52,10.62,1552,34.1,Services,97,244,8,0,0,20,73.59,61.35,2025-12-31
C0360,Chandigarh City 360,Chandigarh,Tier 2,2976232,454.2,8902,19.328105,69.820207,12546,17,3.41,21.63,No,No,No,No,No,Yes,No,230,58,69,75,54,10.74,2742,22.1,Services,82,102,18,8,0,16,86.52,45.33,2025-12-31
C0361,Tamil City 361,Tamil Nadu,Tier 3,616818,51.12,14259,29.253448,74.719425,12699,14,4.0,20.44,No,No,No,Yes,No,Yes,Yes,74,56,74,76,54,-2.07,1125,12.9,Agriculture,61,201,19,0,0,22,72.2,51.92,2025-12-31
C0362,Tripura City 362,Tripura,Tier 2,4863212,291.54,3506,15.322353,80.687931,6487,22,2.8,5.03,No,No,Yes,Yes,No,Yes,Yes,82,12,58,50,73,8.62,2427,23.7,Agriculture,48,104,20,15,0,24,91.63,44.22,2025-12-31
C0363,Ladakh City 363,Ladakh,Tier 3,3040414,320.69,9453,32.749226,91.246281,8990,35,4.5,26.24,No,No,Yes,Yes,No,No,Yes,60,41,64,53,88,5.11,192,15.6,Tourism,37,209,11,2,0,20,96.79,14.49,2025-12-31
C0364,Meghalaya City 364,Meghalaya,Tier 3,3398897,320.76,9244,28.228019,71.21536,9516,67,5.67,8.04,No,No,Yes,Yes,No,No,No,96,22,71,53,58,0.06,3445,28.3,Agriculture,35,262,2,1,0,44,97.28,66.99,2025-12-31
C0365,Goa City 365,Goa,Tier 3,1136027,157.14,983,11.017775,82.401305,5490,49,3.4,14.43,No,No,Yes,Yes,No,Yes,Yes,228,60,62,84,88,9.9,2893,27.1,Agriculture,75,256,1,12,0,48,86.43,35.78,2025-12-31
C0366,West City 366,West Bengal,Tier 2,1019582,235.84,14998,25.853943,94.202987,7563,20,3.37,27.56,No,No,Yes,Yes,No,Yes,Yes,88,36,84,86,52,11.86,161,31.8,Manufacturing,12,49,1,4,0,56,66.86,12.62,2025-12-31
C0367,Tamil City 367,Tamil Nadu,Tier 2,2502935,90.97,6817,21.88234,71.548914,3058,12,3.0,16.4,No,No,No,No,No,Yes,No,212,29,73,85,68,10.03,1100,23.2,Tourism,45,287,16,3,0,6,73.17,34.65,2025-12-31
C0368,Puducherry City 368,Puducherry,Tier 3,708053,125.67,2546,32.401335,83.108853,6796,55,4.21,3.86,No,No,Yes,Yes,No,Yes,No,196,58,79,57,51,4.48,238,16.8,Services,43,53,1,8,0,78,74.59,11.13,2025-12-31
C0369,Tripura City 369,Tripura,Tier 3,3774707,50.88,3670,19.000482,87.137845,10524,11,4.64,1.13,No,No,No,Yes,No,No,No,237,58,87,63,51,2.11,3496,25.5,Services,98,39,3,12,0,36,92.62,66.28,2025-12-31
C0370,Jammu City 370,Jammu and Kashmir,Tier 3,4853338,368.03,12899,23.048473,72.713917,8047,37,4.98,27.75,No,No,Yes,Yes,No,No,No,51,25,84,68,71,5.57,258,25.4,Tourism,39,138,20,0,0,15,71.66,49.65,2025-12-31
C0371,Mizoram City 371,Mizoram,Tier 2,3772937,247.48,7507,8.25725,69.073109,7677,38,4.55,16.79,No,No,No,Yes,No,Yes,No,186,45,70,54,78,-0.3,3237,29.7,Tourism,68,75,7,5,0,18,93.11,49.36,2025-12-31
C0372,Manipur City 372,Manipur,Tier 2,372976,116.6,8602,32.956538,84.816831,2487,43,4.87,2.01,No,No,No,No,No,Yes,No,168,55,52,88,65,2.25,417,22.7,Agriculture,70,49,7,6,0,41,81.67,59.75,2025-12-31
C0373,Uttarakhand City 373,Uttarakhand,Tier 2,3627534,441.65,2644,8.716143,85.602035,7702,29,5.9,26.94,No,No,No,No,No,No,Yes,71,33,52,68,59,10.68,204,12.7,Manufacturing,45,271,16,11,0,27,74.4,44.96,2025-12-31
C0374,Jharkhand City 374,Jharkhand,Tier 3,708044,478.93,3979,24.396669,96.936576,12127,43,4.94,16.26,No,No,Yes,Yes,No,No,No,111,27,62,86,68,10.67,1446,16.1,Tourism,34,243,10,3,0,30,76.91,67.46,2025-12-31
C0375,Uttarakhand City 375,Uttarakhand,Tier 3,718488,195.43,8584,10.216869,78.506613,9732,46,2.92,23.63,No,No,Yes,Yes,No,Yes,No,202,47,58,88,66,8.94,1499,17.8,Agriculture,57,225,16,4,0,73,78.78,62.89,2025-12-31
C0376,Madhya City 376,Madhya Pradesh,Tier 2,3859008,37.29,2279,20.140142,90.199777,13455,67,3.88,3.21,No,No,Yes,No,No,Yes,Yes,48,18,82,83,74,10.56,1551,13.2,Manufacturing,96,160,3,10,0,43,82.48,47.0,2025-12-31
C0377,Assam City 377,Assam,Tier 2,3027600,476.46,6999,26.294128,89.480227,8938,26,5.03,21.06,No,No,Yes,Yes,No,Yes,Yes,181,47,73,79,74,1.81,823,22.7,Tourism,17,128,9,15,0,43,61.83,41.06,2025-12-31
C0378,Andaman City 378,Andaman and Nicobar Islands,Tier 3,2442910,181.72,5519,29.961706,95.651896,2487,60,5.78,26.5,No,No,Yes,No,No,No,No,55,32,68,60,57,1.32,2093,21.0,Manufacturing,41,142,19,3,0,29,85.32,18.46,2025-12-31
C0379,Maharashtra City 379,Maharashtra,Tier 2,279429,311.24,951,35.835844,83.655063,14890,20,2.03,25.01,No,No,Yes,No,No,Yes,No,176,37,78,83,58,9.47,1308,32.9,Agriculture,61,231,15,8,0,11,92.85,69.58,2025-12-31
C0380,Haryana City 380,Haryana,Tier 3,713262,379.81,3944,29.093486,77.486356,10107,29,3.1,18.99,No,No,Yes,No,No,Yes,No,55,69,83,70,62,9.62,2807,30.9,Agriculture,86,14,7,4,0,75,74.3,66.59,2025-12-31
C0381,Madhya City 381,Madhya Pradesh,Tier 3,3993613,101.17,13634,13.426041,82.405066,3959,20,4.54,2.84,No,No,Yes,Yes,No,No,Yes,155,45,89,63,61,-2.42,2917,16.6,Services,85,130,20,11,0,61,80.16,67.26,2025-12-31
C0382,Punjab City 382,Punjab,Tier 2,2500445,343.95,8331,31.105639,79.374092,7651,42,3.92,3.08,No,No,Yes,No,No,No,No,113,25,77,57,61,3.97,1406,26.5,Tourism,94,213,4,15,0,62,82.84,51.23,2025-12-31
C0383,Arunachal City 383,Arunachal Pradesh,Tier 3,2297508,268.52,14878,32.678662,79.861169,11012,57,3.29,20.31,No,No,No,No,No,No,No,132,26,53,67,81,7.92,1491,25.9,Agriculture,44,239,13,7,0,73,93.27,42.16,2025-12-31
C0384,Haryana City 384,Haryana,Tier 3,1133936,314.33,626,35.558078,68.612413,8012,13,5.12,10.13,No,No,No,Yes,No,Yes,Yes,122,44,62,60,84,2.93,3040,15.7,Manufacturing,52,179,13,6,0,70,87.87,66.4,2025-12-31
C0385,Assam City 385,Assam,Tier 2,4467066,78.18,6819,30.94896,69.22627,6438,27,2.1,19.02,No,No,Yes,Yes,No,No,Yes,238,60,74,75,58,9.27,1205,31.5,Agriculture,14,268,13,0,0,1,88.22,42.5,2025-12-31
C0386,Jharkhand City 386,Jharkhand,Tier 2,4984143,402.53,3483,32.11268,92.919789,14657,28,3.7,22.36,No,No,No,No,No,No,Yes,55,26,86,80,74,1.37,481,15.6,Services,76,152,15,9,0,68,79.25,32.94,2025-12-31
C0387,Puducherry City 387,Puducherry,Tier 3,3176750,388.47,12007,11.140825,74.497765,2207,33,5.08,13.52,No,No,No,Yes,No,No,No,66,61,90,55,56,5.41,950,31.6,Services,80,137,2,4,0,51,83.43,38.41,2025-12-31
C0388,Manipur City 388,Manipur,Tier 2,4189088,148.45,5402,29.474823,92.195379,2398,28,4.76,18.04,No,No,Yes,No,No,Yes,No,169,41,70,65,70,3.92,2078,22.9,Agriculture,18,227,2,12,0,16,88.76,19.73,2025-12-31
C0389,Haryana City 389,Haryana,Tier 2,1705639,235.67,2162,9.132796,80.301285,4597,48,5.21,14.72,No,No,No,No,No,Yes,No,60,37,68,67,83,1.84,1622,24.1,Manufacturing,23,158,16,6,0,78,96.18,32.28,2025-12-31
C0390,Mizoram City 390,Mizoram,Tier 3,3932920,128.99,5709,34.885308,88.883777,4017,18,4.1,24.92,No,No,Yes,No,No,No,Yes,68,40,54,50,69,7.52,916,27.4,Services,47,58,1,14,0,76,65.95,31.03,2025-12-31
C0391,Dadra City 391,Dadra and Nagar Haveli and Daman and Diu,Tier 2,2943712,325.55,3456,15.962838,91.801878,8782,45,4.92,11.14,No,No,No,No,No,Yes,Yes,181,19,56,63,67,-0.33,2408,12.6,Services,47,151,19,15,0,26,66.39,57.0,2025-12-31
C0392,Maharashtra City 392,Maharashtra,Tier 2,1278861,97.37,8090,33.363809,77.376798,2655,16,4.05,13.3,No,No,No,No,No,No,Yes,91,45,75,74,74,7.59,1554,17.8,Tourism,72,50,19,6,0,21,95.93,60.02,2025-12-31
C0393,Jharkhand City 393,Jharkhand,Tier 3,4751696,237.57,11688,30.879987,87.87566,10940,65,3.74,10.58,No,No,Yes,No,No,No,No,216,37,63,89,85,10.14,882,19.6,Manufacturing,100,15,6,14,0,46,79.99,10.34,2025-12-31
C0394,Punjab City 394,Punjab,Tier 3,839439,458.19,4457,22.581007,68.376841,6273,10,4.59,19.32,No,No,No,Yes,No,No,No,190,13,86,51,80,11.96,2689,21.4,Manufacturing,65,289,3,1,0,47,61.1,63.66,2025-12-31
C0395,Jharkhand City 395,Jharkhand,Tier 2,1154345,68.93,13965,32.528291,69.625392,12244,53,2.25,3.1,No,No,No,Yes,No,Yes,No,244,53,70,60,87,7.83,1600,22.9,Services,58,41,2,6,0,64,65.61,26.0,2025-12-31
C0396,Kerala City 396,Kerala,Tier 3,423363,159.5,3555,27.972784,79.868294,12208,55,5.37,28.24,No,No,No,No,No,No,Yes,117,39,86,55,86,10.95,461,12.9,Agriculture,28,54,5,10,0,75,83.81,11.21,2025-12-31
C0397,Karnataka City 397,Karnataka,Tier 2,1874739,329.83,7842,10.356973,89.004026,5842,27,5.35,19.34,No,No,Yes,Yes,No,No,Yes,127,55,68,61,67,-0.89,1392,20.3,Manufacturing,39,112,5,9,0,33,86.51,25.87,2025-12-31
C0398,Puducherry City 398,Puducherry,Tier 3,4904455,200.9,12954,26.612951,81.040521,12138,51,5.33,1.29,No,No,No,Yes,No,Yes,No,118,51,68,63,71,7.49,2163,23.8,Tourism,16,272,6,8,0,27,77.77,11.89,2025-12-31
C0399,Haryana City 399,Haryana,Tier 2,4036348,95.71,9914,17.366738,84.349313,12585,45,5.61,9.81,No,No,Yes,No,No,Yes,Yes,137,40,71,71,56,-0.19,1566,17.7,Services,74,105,0,14,0,78,77.34,44.56,2025-12-31
C0400,West City 400,West Bengal,Tier 3,4022610,422.03,4438,28.977801,85.427316,9706,51,3.6,1.4,No,No,Yes,Yes,No,No,No,228,27,86,75,87,-2.57,2197,14.2,Tourism,81,278,6,4,0,16,85.21,57.31,2025-12-31
C0401,Bihar City 401,Bihar,Tier 2,2644374,402.65,2617,31.243199,81.302692,4508,37,2.0,4.6,No,No,Yes,No,No,No,Yes,77,25,63,77,55,7.86,731,27.1,Tourism,5,254,5,11,0,12,77.89,51.21,2025-12-31
C0402,Maharashtra City 402,Maharashtra,Tier 3,3206562,420.73,11870,15.039518,94.591542,8150,16,3.27,28.07,No,No,No,No,No,No,No,182,35,84,54,72,4.32,3132,34.3,Agriculture,33,101,7,11,0,46,72.91,59.39,2025-12-31
C0403,Uttar City 403,Uttar Pradesh,Tier 2,1979996,94.9,3379,9.28319,76.7562,3321,29,3.54,5.56,No,No,Yes,No,No,No,No,202,62,80,52,66,11.38,1827,14.5,Services,92,274,3,14,0,10,73.16,53.96,2025-12-31
C0404,Uttar City 404,Uttar Pradesh,Tier 2,1399590,179.94,9715,22.702142,87.902661,1989,39,4.62,20.17,No,No,No,Yes,No,No,No,96,57,90,57,88,9.11,1944,22.6,Services,96,181,17,11,0,14,89.85,68.84,2025-12-31
C0405,Lakshadweep City 405,Lakshadweep,Tier 3,721165,100.68,5823,35.497835,88.519377,6024,20,4.06,18.51,No,No,No,No,No,Yes,No,102,12,57,81,79,2.51,2554,27.2,Tourism,59,182,9,0,0,69,70.15,27.59,2025-12-31
C0406,Uttarakhand City 406,Uttarakhand,Tier 2,3797779,182.58,10719,9.032837,71.238815,13791,10,4.13,12.01,No,No,Yes,Yes,No,Yes,Yes,216,19,90,81,77,10.39,1514,34.3,Manufacturing,98,278,18,14,0,5,62.91,32.37,2025-12-31
C0407,Jharkhand City 407,Jharkhand,Tier 2,3253718,270.94,12184,10.284181,94.895776,14075,27,3.69,0.87,No,No,No,Yes,No,No,Yes,233,22,86,66,69,6.23,2308,31.4,Manufacturing,93,35,11,15,0,27,88.91,36.22,2025-12-31
C0408,Kerala City 408,Kerala,Tier 3,4257416,345.58,10206,19.561448,73.256552,6468,25,2.02,6.37,No,No,No,Yes,No,No,No,148,48,90,70,56,0.32,174,27.7,Manufacturing,13,157,19,14,0,75,75.99,45.71,2025-12-31
C0409,Lakshadweep City 409,Lakshadweep,Tier 3,4039646,467.04,505,17.945571,77.269641,9080,17,3.85,22.33,No,No,Yes,Yes,No,No,No,133,12,86,55,90,4.3,1514,12.1,Tourism,43,159,10,14,0,59,61.12,47.49,2025-12-31
C0410,Karnataka City 410,Karnataka,Tier 3,4788661,232.82,12832,8.678842,96.227355,10916,55,3.96,7.19,No,No,Yes,No,No,Yes,Yes,131,23,63,57,86,1.34,751,29.2,Services,75,219,11,6,0,53,94.22,26.73,2025-12-31
C0411,Telangana City 411,Telangana,Tier 2,2715690,266.08,9024,19.373028,92.912641,9907,56,3.86,24.82,No,No,No,Yes,No,Yes,No,103,10,84,71,79,6.84,2899,32.7,Services,79,224,13,13,0,24,84.18,47.13,2025-12-31
C0412,Himachal City 412,Himachal Pradesh,Tier 2,4836411,374.11,674,17.425589,75.248282,11127,48,3.89,2.91,No,No,No,Yes,No,No,Yes,247,68,60,79,73,7.85,1080,14.4,Manufacturing,46,77,9,2,0,3,67.87,37.67,2025-12-31
C0413,Meghalaya City 413,Meghalaya,Tier 3,2079067,404.47,7859,22.506233,71.223562,11696,61,3.33,27.62,No,No,Yes,Yes,No,No,Yes,31,57,52,76,83,11.93,1678,11.8,Services,38,285,3,0,0,56,78.27,53.56,2025-12-31
C0414,Odisha City 414,Odisha,Tier 3,384759,200.79,12041,34.894307,86.248778,9009,35,5.15,3.29,No,No,No,Yes,No,Yes,No,135,52,71,59,65,8.93,960,16.6,Tourism,87,47,14,15,0,31,88.77,30.55,2025-12-31
C0415,Delhi City 415,Delhi,Tier 3,3828029,358.79,9609,15.98367,69.036595,4094,17,4.09,0.97,No,No,No,No,No,No,No,213,20,86,90,69,4.13,1901,26.8,Manufacturing,100,75,4,9,0,49,69.78,23.68,2025-12-31
C0416,Maharashtra City 416,Maharashtra,Tier 3,1294562,304.59,4550,18.560692,82.749155,10267,33,3.91,27.02,No,No,No,Yes,No,No,No,126,65,81,60,83,4.23,2082,32.4,Agriculture,90,43,10,7,0,39,67.84,19.01,2025-12-31
C0417,Haryana City 417,Haryana,Tier 2,3040551,264.43,9629,34.468373,94.282759,14026,62,5.28,23.67,No,No,Yes,Yes,No,No,Yes,132,50,56,71,82,-1.99,2366,34.0,Agriculture,12,238,18,7,0,31,69.73,54.37,2025-12-31
C0418,Meghalaya City 418,Meghalaya,Tier 2,3875759,113.39,10280,15.707137,76.04682,13975,20,4.93,27.54,No,No,Yes,No,No,Yes,Yes,88,25,87,87,80,3.96,2299,32.0,Agriculture,45,47,6,15,0,14,76.79,38.56,2025-12-31
C0419,Gujarat City 419,Gujarat,Tier 2,4137187,170.98,457,24.869693,92.973034,3627,54,5.55,23.37,No,No,Yes,No,No,Yes,No,223,36,88,67,81,6.47,1446,22.7,Tourism,87,163,8,7,0,43,70.46,43.68,2025-12-31
C0420,Punjab City 420,Punjab,Tier 3,985078,489.3,3284,22.139833,77.257019,10148,38,3.98,5.53,No,No,No,No,No,Yes,No,117,50,84,61,62,8.68,3224,15.8,Tourism,69,166,10,15,0,13,86.02,65.65,2025-12-31
C0421,Maharashtra City 421,Maharashtra,Tier 2,2765941,103.5,12856,19.49096,72.981541,4387,47,4.65,9.91,No,No,No,No,No,No,Yes,97,40,69,73,59,1.59,3076,18.8,Tourism,62,167,13,12,0,53,60.22,66.4,2025-12-31
C0422,Bihar City 422,Bihar,Tier 3,3016312,333.52,2592,36.274587,90.244409,2119,60,4.82,6.42,No,No,No,No,No,No,Yes,112,37,74,70,85,5.4,916,29.9,Services,40,64,2,7,0,20,72.37,38.78,2025-12-31
C0423,Ladakh City 423,Ladakh,Tier 2,3322085,353.27,11875,22.124199,76.124136,11740,45,3.5,3.22,No,No,No,No,No,No,No,102,17,80,58,54,1.87,3275,28.3,Manufacturing,24,163,18,6,0,71,63.34,24.71,2025-12-31
C0424,Lakshadweep City 424,Lakshadweep,Tier 3,4719723,279.58,5074,27.997534,72.073559,14414,12,5.48,21.04,No,No,No,No,No,No,Yes,77,30,79,64,79,2.43,915,26.9,Tourism,37,21,4,3,0,52,76.24,58.36,2025-12-31
C0425,Bihar City 425,Bihar,Tier 2,4347162,205.53,9568,20.679001,68.930437,10061,63,5.19,23.75,No,No,No,No,No,No,Yes,218,14,86,55,85,8.71,2278,14.0,Agriculture,78,249,19,6,0,9,89.15,35.86,2025-12-31
C0426,Nagaland City 426,Nagaland,Tier 3,3835683,448.0,12406,12.413954,77.582454,4776,49,4.3,13.73,No,No,No,Yes,No,No,No,31,49,74,51,50,0.38,1849,13.8,Manufacturing,79,177,17,14,0,25,89.26,44.47,2025-12-31
C0427,Tamil City 427,Tamil Nadu,Tier 2,1634166,393.31,3677,16.945968,70.925998,10539,46,5.78,1.38,No,No,Yes,No,No,Yes,No,110,69,64,63,62,1.54,1837,34.8,Manufacturing,32,191,0,4,0,56,64.68,66.88,2025-12-31
C0428,Arunachal City 428,Arunachal Pradesh,Tier 3,1799732,208.8,7620,20.717859,73.760494,14431,32,4.36,3.91,No,No,Yes,Yes,No,Yes,Yes,60,70,81,88,72,8.25,1397,20.4,Manufacturing,16,269,11,15,0,32,79.33,66.69,2025-12-31
C0429,Arunachal City 429,Arunachal Pradesh,Tier 2,3237915,407.6,6858,35.885494,70.901915,7704,68,3.24,2.15,No,No,No,Yes,No,Yes,No,150,11,67,70,52,-0.89,1119,14.4,Agriculture,21,275,4,4,0,60,88.97,13.67,2025-12-31
C0430,Maharashtra City 430,Maharashtra,Tier 3,3168079,320.25,13788,12.566998,73.00018,10296,69,2.61,24.32,No,No,Yes,No,No,Yes,Yes,37,41,63,69,75,6.38,1186,25.5,Agriculture,8,179,0,15,0,4,87.93,18.66,2025-12-31
C0431,Uttarakhand City 431,Uttarakhand,Tier 2,4575443,207.21,10105,28.953159,72.922467,3440,8,3.39,6.84,No,No,No,Yes,No,Yes,No,148,36,84,78,58,9.85,3415,25.9,Tourism,65,250,8,4,0,41,84.94,31.93,2025-12-31
C0432,Gujarat City 432,Gujarat,Tier 3,4183920,381.9,14258,24.565946,71.649156,10233,16,5.22,4.45,No,No,Yes,Yes,No,No,No,187,16,65,64,66,-0.23,2800,17.5,Services,90,276,16,8,0,16,72.46,32.49,2025-12-31
C0433,Jharkhand City 433,Jharkhand,Tier 2,3279865,326.98,13312,13.738988,73.283002,4142,48,2.14,23.88,No,No,Yes,No,No,No,Yes,176,40,80,72,62,6.43,3446,34.3,Services,62,119,14,8,0,69,76.71,54.7,2025-12-31
C0434,Chandigarh City 434,Chandigarh,Tier 3,2879096,498.44,3352,15.403248,91.402666,9784,57,4.2,19.96,No,No,No,No,No,Yes,No,139,51,51,84,58,-1.58,1973,30.8,Agriculture,75,161,4,11,0,39,77.2,43.2,2025-12-31
C0435,Goa City 435,Goa,Tier 2,3384959,415.41,14810,36.957799,73.651462,12950,22,5.1,6.12,No,No,No,Yes,No,Yes,No,168,24,83,60,73,-0.62,2886,14.1,Manufacturing,96,87,17,13,0,25,70.58,67.54,2025-12-31
C0436,Uttar City 436,Uttar Pradesh,Tier 3,3319647,453.45,7201,33.91859,81.57212,4030,54,5.75,0.21,No,No,No,No,No,Yes,Yes,45,58,76,58,59,4.21,756,29.1,Manufacturing,55,91,20,13,0,50,82.47,24.91,2025-12-31
C0437,Tamil City 437,Tamil Nadu,Tier 2,1948384,482.78,4825,12.07277,79.641775,13694,55,4.34,20.24,No,No,Yes,No,No,Yes,No,224,30,50,90,57,4.81,2247,12.6,Services,34,234,9,3,0,69,88.23,37.26,2025-12-31
C0438,Chhattisgarh City 438,Chhattisgarh,Tier 3,2332563,476.26,971,19.06355,93.842386,3648,48,3.87,17.63,No,No,No,No,No,Yes,Yes,52,56,88,88,73,0.62,2823,22.4,Services,58,39,20,3,0,35,92.01,53.95,2025-12-31
C0439,Mizoram City 439,Mizoram,Tier 3,3570240,343.48,4416,36.509512,70.409707,3456,53,5.22,7.43,No,No,No,Yes,No,No,No,56,59,81,85,88,9.56,1639,25.2,Services,10,65,18,3,0,73,63.61,68.0,2025-12-31
C0440,Meghalaya City 440,Meghalaya,Tier 3,4916416,346.13,10192,20.23305,79.418608,13994,10,3.39,23.69,No,No,No,Yes,No,No,No,201,68,51,63,86,-0.29,2682,33.6,Agriculture,42,221,0,14,0,32,73.63,50.98,2025-12-31
C0441,Tamil City 441,Tamil Nadu,Tier 2,2370561,239.62,1083,17.41086,88.274028,12200,24,5.07,4.99,No,No,No,No,No,No,Yes,246,41,55,71,72,6.25,3130,30.1,Manufacturing,45,166,3,2,0,51,71.89,39.83,2025-12-31
C0442,Kerala City 442,Kerala,Tier 3,1745749,154.4,11889,22.077778,77.773036,8972,65,3.45,4.94,No,No,Yes,No,No,Yes,Yes,78,47,69,82,85,1.44,2393,23.5,Services,84,48,6,2,0,11,87.04,64.88,2025-12-31
C0443,Uttar City 443,Uttar Pradesh,Tier 3,1272769,366.47,9029,18.26019,71.857936,8111,14,5.38,22.14,No,No,No,Yes,No,No,Yes,143,62,52,65,85,-0.67,1221,10.7,Manufacturing,93,122,7,7,0,56,84.62,22.96,2025-12-31
C0444,Andhra City 444,Andhra Pradesh,Tier 3,2094137,483.36,14349,25.754395,92.299991,8591,43,4.2,17.13,No,No,No,Yes,No,No,No,221,26,73,66,77,2.55,1061,18.0,Tourism,14,78,10,7,0,68,82.0,15.8,2025-12-31
C0445,Chandigarh City 445,Chandigarh,Tier 3,4540924,177.34,13526,31.962519,74.606908,7507,53,4.81,29.3,No,No,Yes,No,No,No,Yes,147,49,78,81,87,3.54,801,10.6,Services,76,39,11,15,0,18,62.42,31.26,2025-12-31
C0446,Nagaland City 446,Nagaland,Tier 3,281332,365.4,8341,20.494071,90.166591,3984,33,2.86,13.67,No,No,No,No,No,Yes,No,66,59,84,87,70,9.94,2596,11.3,Tourism,80,71,2,2,0,67,75.72,19.67,2025-12-31
C0447,Madhya City 447,Madhya Pradesh,Tier 2,1554419,422.8,783,26.832803,82.354276,3757,29,2.36,28.4,No,No,No,No,No,No,No,65,64,71,61,56,1.67,826,27.7,Tourism,68,56,5,8,0,51,67.62,31.07,2025-12-31
C0448,Goa City 448,Goa,Tier 3,3839364,383.35,8883,15.475267,93.499737,2797,70,4.23,20.54,No,No,Yes,Yes,No,Yes,Yes,31,30,74,69,51,9.0,2426,24.1,Agriculture,27,106,20,15,0,23,80.34,68.55,2025-12-31
C0449,Gujarat City 449,Gujarat,Tier 2,3188751,299.77,14905,20.78023,92.533219,14448,19,4.03,24.47,No,No,No,Yes,No,Yes,Yes,236,69,69,68,56,2.24,838,24.8,Manufacturing,17,264,6,4,0,78,94.96,66.27,2025-12-31
C0450,Dadra City 450,Dadra and Nagar Haveli and Daman and Diu,Tier 3,3807555,473.69,11256,24.079393,77.811974,7791,17,2.96,24.56,No,No,Yes,No,No,Yes,No,45,68,80,87,56,9.72,472,26.6,Tourism,72,298,18,12,0,69,84.44,26.95,2025-12-31
C0451,Himachal City 451,Himachal Pradesh,Tier 3,1711292,167.69,10561,20.363257,80.619026,3149,39,2.1,3.31,No,No,No,No,No,No,No,231,59,68,53,83,9.47,870,33.7,Tourism,80,287,5,10,0,6,80.3,12.83,2025-12-31
C0452,Punjab City 452,Punjab,Tier 3,1629063,195.33,9110,9.520622,91.936433,8907,55,4.03,25.51,No,No,No,Yes,No,Yes,Yes,147,70,61,64,70,-1.91,933,22.4,Agriculture,10,205,6,3,0,37,60.18,24.42,2025-12-31
C0453,Sikkim City 453,Sikkim,Tier 2,3320850,418.49,6391,34.609927,79.656803,4354,17,4.4,18.73,No,No,No,No,No,No,Yes,197,57,67,76,50,3.24,1794,19.4,Manufacturing,67,139,19,0,0,80,86.32,12.51,2025-12-31
C0454,Delhi City 454,Delhi,Tier 2,1920446,63.15,2174,11.343074,94.164297,9804,12,2.73,9.96,No,No,No,No,No,No,No,102,64,86,66,56,8.41,1717,30.6,Manufacturing,16,294,15,6,0,16,79.69,12.14,2025-12-31
C0455,Ladakh City 455,Ladakh,Tier 2,984546,137.46,13949,19.253852,70.424633,13164,59,2.27,13.19,No,No,No,No,No,Yes,No,182,59,52,82,62,8.53,3069,17.9,Agriculture,24,184,8,5,0,44,77.56,64.09,2025-12-31
C0456,Bihar City 456,Bihar,Tier 3,3237959,101.96,5080,22.662243,74.531832,12076,20,3.34,21.69,No,No,Yes,No,No,Yes,Yes,184,43,68,85,60,-0.85,1400,11.4,Agriculture,57,275,17,0,0,79,87.38,53.44,2025-12-31
C0457,Rajasthan City 457,Rajasthan,Tier 3,372374,97.44,2000,27.845182,68.171147,1856,44,2.23,11.75,No,No,Yes,Yes,No,Yes,Yes,35,51,80,86,74,1.24,2623,19.7,Manufacturing,92,261,19,8,0,44,97.24,48.2,2025-12-31
C0458,Ladakh City 458,Ladakh,Tier 2,3860300,282.13,6200,14.491355,76.319042,13776,19,5.85,11.78,No,No,No,Yes,No,No,Yes,140,61,69,59,52,3.9,3010,32.0,Manufacturing,56,74,20,11,0,26,95.79,35.27,2025-12-31
C0459,Uttarakhand City 459,Uttarakhand,Tier 3,3844266,238.63,6664,21.441997,77.796239,12701,33,2.53,15.99,No,No,Yes,Yes,No,Yes,Yes,216,52,89,73,79,5.22,3229,29.8,Tourism,87,167,6,12,0,18,77.87,42.57,2025-12-31
C0460,Delhi City 460,Delhi,Tier 3,3507095,53.92,3858,17.792811,93.807815,12607,32,5.75,13.07,No,No,No,Yes,No,Yes,No,175,52,61,67,86,8.54,2726,20.0,Manufacturing,24,220,10,14,0,31,92.99,17.83,2025-12-31
C0461,Puducherry City 461,Puducherry,Tier 3,4500895,375.6,14651,9.023747,70.814874,2870,13,2.09,27.62,No,No,Yes,No,No,Yes,No,121,22,59,63,69,9.61,1586,25.6,Tourism,79,238,15,10,0,22,71.01,16.09,2025-12-31
C0462,Dadra City 462,Dadra and Nagar Haveli and Daman and Diu,Tier 2,1325210,106.73,2240,23.43685,85.930378,4393,43,4.21,14.19,No,No,No,Yes,No,Yes,Yes,143,16,52,58,74,4.09,2053,14.3,Agriculture,80,195,14,5,0,57,93.97,68.22,2025-12-31
C0463,Tamil City 463,Tamil Nadu,Tier 3,763119,446.65,1428,13.139829,86.096902,12898,33,5.67,3.51,No,No,Yes,No,No,No,Yes,120,48,81,51,89,10.37,1811,34.8,Tourism,37,108,16,8,0,66,94.36,11.41,2025-12-31
C0464,Rajasthan City 464,Rajasthan,Tier 2,486300,335.22,11777,16.892447,81.019001,8893,29,2.16,22.55,No,No,No,Yes,No,No,Yes,63,65,89,50,86,-2.71,1659,15.0,Services,53,208,1,8,0,48,72.75,58.19,2025-12-31
C0465,West City 465,West Bengal,Tier 3,2919983,92.2,5972,28.854396,84.019097,9808,26,3.07,27.42,No,No,Yes,No,No,Yes,Yes,237,18,56,65,54,-0.34,366,13.9,Manufacturing,16,48,0,0,0,43,93.07,47.05,2025-12-31
C0466,Jharkhand City 466,Jharkhand,Tier 3,2825795,399.48,2033,25.76439,69.628826,4072,20,5.67,27.81,No,No,Yes,Yes,No,Yes,Yes,140,60,64,63,53,7.75,1684,18.0,Manufacturing,65,111,15,5,0,60,70.95,50.57,2025-12-31
C0467,Bihar City 467,Bihar,Tier 3,1601287,268.56,1603,13.099676,73.733894,4157,64,4.17,29.19,No,No,Yes,Yes,No,Yes,Yes,247,30,64,60,75,6.53,2526,17.4,Services,69,156,6,13,0,32,91.33,54.13,2025-12-31
C0468,Andaman City 468,Andaman and Nicobar Islands,Tier 2,2161145,162.28,2942,9.874947,69.820706,7439,65,4.93,18.67,No,No,No,Yes,No,No,Yes,220,53,55,70,87,8.57,1580,27.5,Agriculture,77,144,10,14,0,45,88.2,38.83,2025-12-31
C0469,Puducherry City 469,Puducherry,Tier 3,4152762,177.33,12505,13.518266,85.029645,2499,52,3.41,14.06,No,No,No,No,No,No,No,148,38,59,59,74,3.29,200,31.8,Tourism,53,86,12,11,0,1,76.51,59.04,2025-12-31
C0470,Kerala City 470,Kerala,Tier 2,1592745,131.99,568,19.347458,72.347095,7326,20,2.09,11.89,No,No,No,No,No,Yes,Yes,154,48,81,77,77,11.21,754,22.2,Agriculture,50,64,2,10,0,61,83.1,18.49,2025-12-31
C0471,Andaman City 471,Andaman and Nicobar Islands,Tier 3,1865327,225.68,512,35.748845,86.31375,7347,48,3.24,18.63,No,No,Yes,Yes,No,No,No,215,33,58,73,86,11.56,358,10.4,Tourism,58,136,6,10,0,29,94.59,64.15,2025-12-31
C0472,Ladakh City 472,Ladakh,Tier 3,4705641,190.16,13305,17.600761,73.636955,3882,69,3.29,19.05,No,No,Yes,Yes,No,Yes,No,174,40,51,70,82,10.21,1673,28.8,Tourism,15,280,15,14,0,77,94.22,66.83,2025-12-31
C0473,Nagaland City 473,Nagaland,Tier 2,3820552,213.1,3465,30.947166,76.010101,4144,31,5.39,1.96,No,No,Yes,Yes,No,Yes,No,121,62,89,80,85,-0.81,1217,33.9,Services,45,284,6,6,0,76,82.99,27.74,2025-12-31
C0474,Bihar City 474,Bihar,Tier 2,4441454,405.46,4927,15.198568,78.904258,13279,60,5.41,9.09,No,No,Yes,Yes,No,No,Yes,37,51,76,55,73,3.97,704,21.2,Services,76,90,19,14,0,40,64.09,26.41,2025-12-31
C0475,Nagaland City 475,Nagaland,Tier 2,3852836,163.84,9908,11.727535,95.727061,3830,11,5.47,16.67,No,No,No,Yes,No,No,No,170,11,90,77,70,2.93,1437,25.3,Agriculture,87,154,10,1,0,65,62.12,53.04,2025-12-31
C0476,Himachal City 476,Himachal Pradesh,Tier 3,585846,465.67,2592,12.395528,83.160637,13495,23,2.37,10.94,No,No,No,No,No,Yes,No,117,58,54,81,75,5.18,2249,20.4,Services,93,89,17,2,0,26,77.04,16.91,2025-12-31
C0477,Mizoram City 477,Mizoram,Tier 2,2057103,56.56,11498,24.172853,69.52201,13224,22,3.91,1.46,No,No,Yes,Yes,No,Yes,No,112,34,90,75,51,4.65,1286,22.3,Services,75,44,1,6,0,75,61.37,23.77,2025-12-31
C0478,Puducherry City 478,Puducherry,Tier 2,2980824,359.86,9828,33.567762,82.76531,4489,33,2.85,16.18,No,No,No,No,No,No,No,70,63,62,88,66,2.02,1439,32.4,Services,20,156,14,0,0,57,82.93,49.08,2025-12-31
C0479,Chandigarh City 479,Chandigarh,Tier 3,1766225,116.87,982,19.23611,71.095159,5168,20,5.04,22.12,No,No,No,Yes,No,No,No,148,13,90,64,86,10.35,1133,15.4,Agriculture,44,16,6,5,0,42,67.84,66.81,2025-12-31
C0480,Tripura City 480,Tripura,Tier 3,3891012,492.59,10160,29.861901,94.70375,9667,43,4.39,23.89,No,No,Yes,Yes,No,Yes,Yes,248,11,89,53,50,11.2,100,17.6,Services,98,300,5,3,0,6,73.99,48.75,2025-12-31
C0481,West City 481,West Bengal,Tier 3,688368,161.59,11009,8.649441,90.342867,3767,27,2.57,13.82,No,No,Yes,Yes,No,Yes,No,74,10,57,55,65,3.83,2474,27.4,Tourism,39,21,18,15,0,8,87.79,19.2,2025-12-31
C0482,Chhattisgarh City 482,Chhattisgarh,Tier 3,3216070,44.05,8449,20.542138,81.505346,4667,70,2.05,26.94,No,No,Yes,No,No,No,No,81,61,67,51,67,11.45,870,15.9,Services,5,32,18,13,0,71,96.18,39.31,2025-12-31
C0483,Manipur City 483,Manipur,Tier 2,2453479,201.1,10098,18.651617,91.800712,10722,18,3.49,27.07,No,No,Yes,No,No,No,No,74,47,75,73,79,11.75,3242,17.3,Services,91,287,13,11,0,55,63.28,25.19,2025-12-31
C0484,Himachal City 484,Himachal Pradesh,Tier 3,3058731,333.37,7685,29.857396,92.992199,4491,64,2.17,15.29,No,No,Yes,No,No,Yes,Yes,238,60,63,75,55,9.35,558,34.8,Agriculture,71,63,18,0,0,32,95.51,49.88,2025-12-31
C0485,Karnataka City 485,Karnataka,Tier 2,2859342,259.91,5632,29.223786,91.110477,10785,67,3.58,19.78,No,No,No,Yes,No,No,No,206,58,56,64,90,6.66,737,30.9,Manufacturing,96,10,16,3,0,63,65.49,14.33,2025-12-31
C0486,Punjab City 486,Punjab,Tier 2,3456780,172.34,3728,23.71704,70.80103,4929,9,2.06,9.01,No,No,Yes,Yes,No,Yes,Yes,94,38,57,77,72,6.92,143,27.4,Tourism,48,208,11,6,0,38,76.28,45.38,2025-12-31
C0487,Ladakh City 487,Ladakh,Tier 2,4171603,489.2,8491,17.269324,68.900169,13279,38,5.44,11.64,No,No,Yes,No,No,No,No,36,34,52,81,55,4.12,2327,12.3,Manufacturing,97,58,14,12,0,43,69.17,69.04,2025-12-31
C0488,Assam City 488,Assam,Tier 3,2648904,289.73,11834,32.784624,74.280105,8527,14,2.04,4.03,No,No,Yes,No,No,Yes,Yes,148,27,86,74,84,6.81,299,16.3,Agriculture,94,274,15,5,0,57,71.15,19.76,2025-12-31
C0489,Odisha City 489,Odisha,Tier 3,3629684,81.55,2836,36.088378,70.227799,9699,39,3.0,11.74,No,No,Yes,No,No,Yes,No,76,24,71,87,81,0.43,1921,30.2,Agriculture,17,94,4,4,0,77,81.39,36.29,2025-12-31
C0490,Telangana City 490,Telangana,Tier 3,222281,362.95,11667,18.680361,83.761054,8658,38,2.13,13.2,No,No,No,Yes,No,Yes,Yes,97,66,72,80,75,4.61,1096,32.7,Manufacturing,20,22,5,2,0,73,67.1,21.79,2025-12-31
C0491,Lakshadweep City 491,Lakshadweep,Tier 3,4725545,153.61,1394,36.155096,87.031618,11337,34,2.46,1.38,No,No,Yes,Yes,No,No,Yes,221,54,75,50,73,-2.1,3328,10.3,Tourism,79,281,0,9,0,17,72.14,24.62,2025-12-31
C0492,Ladakh City 492,Ladakh,Tier 2,1632653,342.1,8136,21.883296,70.872363,8154,43,4.53,16.33,No,No,Yes,Yes,No,Yes,Yes,250,58,54,80,82,11.85,397,24.2,Manufacturing,85,221,20,11,0,28,91.46,34.38,2025-12-31
C0493,West City 493,West Bengal,Tier 2,2738444,396.9,753,13.585565,89.068362,7922,33,3.8,25.12,No,No,Yes,Yes,No,No,No,195,65,90,60,65,5.98,1278,22.4,Agriculture,60,25,13,2,0,71,63.22,63.5,2025-12-31
C0494,Jharkhand City 494,Jharkhand,Tier 2,3149767,160.37,4901,21.470706,91.39753,7394,27,5.35,18.24,No,No,No,No,No,No,No,223,65,87,85,88,5.99,3318,24.3,Services,48,56,15,10,0,68,79.65,47.88,2025-12-31
C0495,Mizoram City 495,Mizoram,Tier 3,2325419,441.13,10039,22.892019,77.078497,7111,66,2.96,5.9,No,No,No,Yes,No,No,No,101,26,88,77,62,8.52,3323,13.5,Tourism,29,195,17,10,0,26,90.33,44.9,2025-12-31
C0496,Kerala City 496,Kerala,Tier 2,2494953,330.14,3670,25.345806,86.369883,7327,19,5.55,24.33,No,No,No,Yes,No,No,No,213,27,86,79,84,2.12,1143,25.1,Tourism,20,202,17,12,0,0,62.53,58.72,2025-12-31
C0497,Mizoram City 497,Mizoram,Tier 3,3864808,469.33,9321,24.923925,76.035658,11097,34,2.8,1.72,No,No,No,No,No,Yes,No,141,34,70,57,58,-0.28,1580,29.0,Agriculture,10,45,8,3,0,70,80.34,17.65,2025-12-31
C0498,Gujarat City 498,Gujarat,Tier 3,1768764,48.77,11118,24.430453,68.285827,7331,70,4.5,8.46,No,No,No,Yes,No,Yes,Yes,188,48,86,67,85,2.3,1068,13.8,Tourism,33,97,12,6,0,69,83.42,67.27,2025-12-31
C0499,Goa City 499,Goa,Tier 3,4129020,88.54,4333,32.516086,74.408231,9328,47,2.66,5.37,No,No,Yes,No,No,Yes,Yes,91,52,69,77,87,9.91,1683,21.2,Manufacturing,17,51,13,14,0,56,65.71,63.29,2025-12-31
C0500,Tripura City 500,Tripura,Tier 2,4590456,389.58,3660,33.572383,82.254075,14736,64,4.1,9.8,No,No,No,No,No,No,Yes,125,19,54,88,74,-0.47,1754,15.2,Tourism,50,217,8,7,0,37,94.14,32.77,2025-12-31
C0501,Ladakh City 501,Ladakh,Tier 2,4775379,144.71,11729,9.876154,88.67902,2158,32,4.29,10.91,No,No,Yes,No,No,No,No,138,15,77,66,72,0.43,1601,32.8,Tourism,66,90,5,7,0,74,84.51,45.95,2025-12-31
C0502,Madhya City 502,Madhya Pradesh,Tier 2,3249784,201.35,12763,14.628825,88.506032,4401,13,4.46,16.67,No,No,No,Yes,No,No,No,68,28,59,77,67,10.07,861,15.7,Tourism,26,276,2,7,0,11,83.6,44.36,2025-12-31
C0503,Kerala City 503,Kerala,Tier 3,4646441,251.02,7234,33.952738,74.851111,5001,46,4.85,2.21,No,No,Yes,No,No,Yes,Yes,229,39,85,73,61,-0.71,865,16.1,Agriculture,46,97,8,0,0,64,79.17,13.41,2025-12-31
C0504,Himachal City 504,Himachal Pradesh,Tier 2,455542,250.46,14169,11.836439,92.98896,7816,44,5.13,13.98,No,No,No,Yes,No,Yes,Yes,71,50,88,52,54,11.74,656,10.0,Services,72,260,12,12,0,67,77.73,48.84,2025-12-31
C0505,Andaman City 505,Andaman and Nicobar Islands,Tier 3,4894185,367.63,12577,19.75076,75.291465,8479,18,4.01,15.09,No,No,Yes,Yes,No,Yes,No,245,29,57,88,76,2.74,1326,19.3,Tourism,67,111,0,6,0,55,89.45,55.02,2025-12-31
C0506,Delhi City 506,Delhi,Tier 2,2583125,216.29,2631,8.474963,74.585073,8993,24,3.95,14.1,No,No,No,No,No,Yes,No,63,36,53,65,59,10.46,514,17.4,Agriculture,49,248,12,13,0,9,82.73,31.29,2025-12-31
C0507,Chandigarh City 507,Chandigarh,Tier 3,389943,468.97,14531,32.568062,69.964914,7230,20,3.24,15.3,No,No,Yes,Yes,No,Yes,No,45,11,82,63,90,4.82,198,21.2,Tourism,83,245,11,10,0,36,73.98,58.07,2025-12-31
C0508,Haryana City 508,Haryana,Tier 3,4139587,233.7,8720,9.048522,90.599928,13738,55,4.27,2.21,No,No,Yes,No,No,No,No,217,56,90,67,59,-0.87,904,12.3,Services,40,211,7,1,0,5,71.51,67.21,2025-12-31
C0509,Madhya City 509,Madhya Pradesh,Tier 3,4825591,121.02,13398,31.951742,72.397747,10762,44,3.02,27.5,No,No,Yes,Yes,No,Yes,Yes,97,56,80,54,64,4.02,778,33.1,Services,19,50,14,10,0,78,87.66,32.33,2025-12-31
C0510,Ladakh City 510,Ladakh,Tier 3,4890591,292.53,14868,34.138452,89.521229,12146,50,3.31,4.84,No,No,No,Yes,No,Yes,Yes,141,40,67,71,82,1.51,3066,34.8,Agriculture,80,163,8,3,0,18,81.09,60.67,2025-12-31
C0511,Manipur City 511,Manipur,Tier 2,3945229,455.43,1915,28.22407,82.669466,8560,55,3.6,17.08,No,No,No,Yes,No,Yes,Yes,189,40,54,70,53,3.53,3438,20.8,Services,65,25,10,11,0,15,71.7,39.19,2025-12-31
C0512,Puducherry City 512,Puducherry,Tier 3,4986051,130.59,7346,32.634052,76.30756,11803,59,2.66,4.94,No,No,No,No,No,Yes,Yes,51,15,50,59,84,3.43,478,33.4,Manufacturing,11,11,15,5,0,4,65.07,69.02,2025-12-31
C0513,Telangana City 513,Telangana,Tier 3,4848260,71.13,3006,33.893512,77.57411,2438,45,2.33,1.38,No,No,Yes,Yes,No,Yes,No,240,41,56,67,87,1.37,2254,11.8,Tourism,22,43,14,8,0,20,84.45,52.0,2025-12-31
C0514,Gujarat City 514,Gujarat,Tier 3,1927302,353.85,824,19.408411,77.821071,4467,52,3.89,13.68,No,No,No,No,No,No,No,236,69,65,69,70,0.16,1989,13.7,Manufacturing,9,50,1,3,0,18,64.09,36.94,2025-12-31
C0515,Jharkhand City 515,Jharkhand,Tier 2,2419574,392.07,11567,17.278561,74.938368,9690,35,3.64,27.91,No,No,No,Yes,No,No,Yes,123,20,75,62,72,-2.01,228,31.0,Tourism,54,105,15,14,0,50,89.78,61.75,2025-12-31
C0516,Delhi City 516,Delhi,Tier 2,2792304,380.28,11889,20.248104,77.128863,14112,44,5.47,5.68,No,No,Yes,No,No,No,Yes,154,66,71,59,52,10.26,1083,22.8,Services,40,113,5,13,0,4,89.29,47.89,2025-12-31
C0517,Sikkim City 517,Sikkim,Tier 3,2878469,31.29,8210,30.375473,96.108948,5104,21,2.59,20.47,No,No,No,No,No,Yes,No,227,70,52,79,87,5.21,2306,34.9,Services,10,155,10,0,0,52,82.39,67.91,2025-12-31
C0518,Chhattisgarh City 518,Chhattisgarh,Tier 3,3550105,466.65,14789,25.654053,74.697412,6963,61,4.36,13.59,No,No,No,Yes,No,Yes,No,131,26,50,83,64,-2.39,3464,21.2,Services,5,230,1,2,0,35,80.34,63.97,2025-12-31
C0519,Uttarakhand City 519,Uttarakhand,Tier 2,4258999,438.22,12305,31.044262,86.56057,6816,57,4.4,1.73,No,No,Yes,No,No,Yes,Yes,129,45,71,61,84,6.84,158,27.1,Agriculture,47,135,15,0,0,12,64.94,54.96,2025-12-31
C0520,Mizoram City 520,Mizoram,Tier 2,2502129,345.75,7108,12.693983,80.367032,13746,18,3.45,23.0,No,No,No,No,No,Yes,Yes,69,65,57,50,65,-2.01,3255,29.9,Tourism,27,68,14,10,0,15,79.02,60.11,2025-12-31
C0521,Lakshadweep City 521,Lakshadweep,Tier 3,4334729,87.39,11244,25.816614,90.779413,7636,58,2.37,5.46,No,No,Yes,No,No,Yes,Yes,46,20,59,71,60,4.83,2924,23.4,Services,85,189,0,10,0,49,90.12,35.94,2025-12-31
C0522,Chandigarh City 522,Chandigarh,Tier 3,1831404,108.74,10475,26.487188,90.430438,14050,52,2.27,29.79,No,No,Yes,No,No,No,No,112,51,73,62,52,-2.45,870,10.1,Tourism,7,200,20,10,0,53,88.49,10.45,2025-12-31
C0523,Rajasthan City 523,Rajasthan,Tier 3,764921,93.02,1872,25.244806,84.280956,3708,45,2.54,14.93,No,No,No,Yes,No,Yes,No,92,29,84,77,68,-2.42,536,11.4,Tourism,90,80,8,12,0,19,70.67,60.98,2025-12-31
C0524,Chhattisgarh City 524,Chhattisgarh,Tier 3,680082,264.19,12401,16.694784,68.659235,6471,28,2.74,2.97,No,No,Yes,Yes,No,No,Yes,54,26,71,70,57,-0.26,969,24.6,Agriculture,34,35,8,9,0,70,88.68,64.78,2025-12-31
C0525,Goa City 525,Goa,Tier 3,4683588,339.21,1945,33.964449,89.816756,2467,27,5.68,12.72,No,No,No,No,No,Yes,Yes,47,16,87,50,56,10.37,274,21.7,Tourism,56,287,3,8,0,20,82.45,43.67,2025-12-31
C0526,Meghalaya City 526,Meghalaya,Tier 2,2852322,109.14,10924,34.626731,88.320227,3501,48,5.25,14.22,No,No,Yes,Yes,No,Yes,No,31,53,83,67,86,8.92,3279,31.0,Services,75,131,1,13,0,27,83.3,33.31,2025-12-31
C0527,Andaman City 527,Andaman and Nicobar Islands,Tier 3,2937928,94.02,9979,19.934748,84.771619,6213,23,4.47,26.71,No,No,No,No,No,No,Yes,59,35,87,62,66,7.37,2461,14.6,Agriculture,90,137,4,1,0,29,97.93,54.69,2025-12-31
C0528,Chhattisgarh City 528,Chhattisgarh,Tier 3,1165366,483.65,4830,35.822595,84.662667,12479,21,4.87,24.93,No,No,Yes,No,No,Yes,No,82,38,59,59,57,10.03,1431,34.4,Services,89,275,8,14,0,25,92.59,18.75,2025-12-31
C0529,Tripura City 529,Tripura,Tier 3,1627064,438.88,14359,35.45619,75.040287,9810,68,3.1,1.66,No,No,Yes,No,No,No,Yes,45,60,53,79,83,1.34,1793,12.8,Tourism,23,155,8,5,0,54,89.22,38.39,2025-12-31
C0530,Andaman City 530,Andaman and Nicobar Islands,Tier 2,4969788,243.58,5267,26.68325,81.030949,13079,63,3.1,14.41,No,No,No,No,No,Yes,No,86,38,58,51,65,6.68,1675,15.5,Manufacturing,19,147,11,8,0,12,70.33,49.5,2025-12-31
C0531,Punjab City 531,Punjab,Tier 3,220285,59.59,14796,11.106455,94.064494,5930,59,2.98,28.74,No,No,Yes,No,No,Yes,Yes,35,30,85,76,86,2.12,2070,14.8,Agriculture,98,166,13,8,0,34,82.28,47.73,2025-12-31
C0532,Tamil City 532,Tamil Nadu,Tier 2,3237012,251.77,3515,33.817455,77.416737,7307,30,3.89,7.39,No,No,No,No,No,Yes,No,173,11,54,56,86,10.44,1047,20.3,Agriculture,31,249,13,2,0,13,85.88,68.56,2025-12-31
C0533,Delhi City 533,Delhi,Tier 2,1901635,376.87,3879,18.755433,69.06186,1991,66,4.35,3.78,No,No,No,No,No,Yes,Yes,117,69,65,89,57,-1.6,1125,29.8,Manufacturing,10,253,8,5,0,0,95.2,39.37,2025-12-31
C0534,Maharashtra City 534,Maharashtra,Tier 3,2824482,77.04,8552,24.903497,94.819521,6349,8,3.71,10.6,No,No,No,No,No,Yes,Yes,219,16,90,86,51,7.01,888,14.3,Manufacturing,34,33,5,6,0,26,67.51,27.7,2025-12-31
C0535,Bihar City 535,Bihar,Tier 3,1942681,320.76,815,11.418411,94.454996,5145,31,4.51,26.43,No,No,No,No,No,Yes,Yes,243,67,60,80,74,-2.89,1634,10.9,Manufacturing,92,225,3,2,0,20,68.05,19.22,2025-12-31
C0536,Gujarat City 536,Gujarat,Tier 3,1973148,358.85,3022,15.718063,83.087594,10893,64,4.71,28.51,No,No,No,No,No,Yes,Yes,144,37,61,89,78,1.19,1165,25.2,Agriculture,30,217,9,12,0,68,77.66,15.46,2025-12-31
C0537,Haryana City 537,Haryana,Tier 2,501241,137.98,11773,23.472744,92.858098,10976,38,3.58,19.56,No,No,Yes,Yes,No,Yes,Yes,234,18,65,53,82,9.87,2326,32.1,Manufacturing,73,292,2,10,0,67,80.43,25.58,2025-12-31
C0538,Sikkim City 538,Sikkim,Tier 2,1545773,50.69,8336,32.657105,73.953711,14954,58,2.88,19.16,No,No,Yes,No,No,Yes,No,214,50,84,55,70,3.91,2890,16.9,Tourism,8,26,0,0,0,3,92.79,53.39,2025-12-31
C0539,Goa City 539,Goa,Tier 3,1433482,386.05,13537,26.474137,70.350833,13071,20,3.92,24.2,No,No,No,No,No,Yes,Yes,214,19,72,70,74,7.08,3355,32.9,Tourism,42,143,5,2,0,69,90.89,46.02,2025-12-31
C0540,Lakshadweep City 540,Lakshadweep,Tier 3,2459072,260.84,12882,10.221512,73.096024,14304,26,4.01,23.69,No,No,No,No,No,No,Yes,159,37,79,51,52,5.99,111,26.6,Manufacturing,53,186,20,10,0,11,73.74,40.95,2025-12-31
C0541,Andaman City 541,Andaman and Nicobar Islands,Tier 2,3448924,207.53,2314,14.838251,72.328919,6214,40,2.91,9.78,No,No,Yes,No,No,No,Yes,230,46,74,52,85,7.71,2660,21.7,Services,31,133,13,14,0,79,73.49,69.92,2025-12-31
C0542,Andaman City 542,Andaman and Nicobar Islands,Tier 2,1105007,60.32,4687,31.257818,94.916019,8217,24,5.34,3.9,No,No,Yes,No,No,No,Yes,170,70,80,81,65,4.73,1648,28.0,Manufacturing,72,42,12,8,0,31,65.88,13.93,2025-12-31
C0543,Uttar City 543,Uttar Pradesh,Tier 3,1483370,275.21,10870,27.41536,89.186001,8478,27,2.63,7.43,No,No,No,Yes,No,No,No,84,16,69,66,55,3.93,267,30.6,Tourism,85,209,5,11,0,47,88.79,61.98,2025-12-31
C0544,Assam City 544,Assam,Tier 2,3432950,400.67,12114,27.596776,77.857991,12993,19,3.18,28.78,No,No,Yes,Yes,No,No,No,108,36,67,68,82,5.64,3437,23.3,Agriculture,33,65,11,7,0,71,86.5,41.12,2025-12-31
C0545,Nagaland City 545,Nagaland,Tier 3,1176202,248.87,13927,28.218527,87.536656,7369,10,3.16,19.24,No,No,No,Yes,No,Yes,Yes,83,58,72,62,83,0.87,1390,32.1,Agriculture,55,123,4,3,0,11,63.59,45.99,2025-12-31
C0546,Andaman City 546,Andaman and Nicobar Islands,Tier 3,1088331,285.86,10236,36.292118,74.991793,3297,48,4.72,14.88,No,No,Yes,No,No,No,Yes,40,66,76,52,54,11.34,3172,25.3,Services,46,209,3,14,0,64,92.62,56.73,2025-12-31
C0547,Andaman City 547,Andaman and Nicobar Islands,Tier 2,139522,458.41,3719,31.790117,96.92063,2281,45,2.43,23.4,No,No,Yes,Yes,No,Yes,Yes,206,34,71,80,90,7.54,1180,28.2,Agriculture,97,222,0,6,0,50,73.98,57.52,2025-12-31
C0548,Himachal City 548,Himachal Pradesh,Tier 2,689647,176.28,1461,31.446895,93.254406,12274,57,4.3,3.44,No,No,No,Yes,No,Yes,No,165,40,71,51,87,-0.91,1768,14.9,Manufacturing,32,268,4,2,0,30,77.15,30.11,2025-12-31
C0549,Uttarakhand City 549,Uttarakhand,Tier 2,823637,149.92,897,28.167095,92.861041,6616,16,4.08,12.34,No,No,Yes,No,No,Yes,No,90,41,75,77,77,11.49,3146,11.2,Agriculture,19,75,13,0,0,5,95.87,62.49,2025-12-31
C0550,Bihar City 550,Bihar,Tier 2,3080989,213.58,14792,25.615395,91.726997,14296,9,3.55,20.61,No,No,Yes,No,No,Yes,Yes,74,59,63,66,71,2.34,3448,20.7,Manufacturing,60,65,15,15,0,54,89.0,48.65,2025-12-31
C0551,Jharkhand City 551,Jharkhand,Tier 2,4449758,420.75,5057,29.740237,69.169913,5766,27,5.59,0.35,No,No,No,Yes,No,No,No,90,40,85,83,58,3.11,968,15.8,Tourism,83,73,1,3,0,47,77.16,51.64,2025-12-31
C0552,Bihar City 552,Bihar,Tier 3,4785048,303.0,1362,31.295309,76.287168,4778,67,2.06,29.86,No,No,No,Yes,No,No,No,226,49,86,74,68,9.45,2728,25.1,Services,16,277,9,4,0,68,89.77,44.76,2025-12-31
C0553,Meghalaya City 553,Meghalaya,Tier 2,2821208,295.71,5123,8.616928,82.512713,6872,44,4.48,29.25,No,No,Yes,Yes,No,Yes,Yes,77,63,64,68,59,8.64,1860,20.1,Agriculture,57,21,17,15,0,19,75.12,17.06,2025-12-31
C0554,Uttarakhand City 554,Uttarakhand,Tier 2,3757675,111.74,3837,16.975551,95.347914,13668,22,4.08,6.77,No,No,No,Yes,No,Yes,Yes,244,62,68,50,72,11.4,2818,12.9,Manufacturing,93,299,19,13,0,43,61.14,58.28,2025-12-31
C0555,Jharkhand City 555,Jharkhand,Tier 3,3059179,285.92,2702,20.590222,75.715118,14638,43,3.53,11.47,No,No,No,Yes,No,Yes,Yes,173,40,77,56,59,8.5,3406,23.2,Tourism,20,138,6,8,0,51,80.58,24.44,2025-12-31
C0556,Punjab City 556,Punjab,Tier 3,390259,431.68,13940,35.817454,81.874103,5465,8,2.03,25.6,No,No,No,No,No,No,Yes,44,17,74,82,62,-1.87,2837,14.8,Tourism,8,34,2,12,0,67,62.13,48.9,2025-12-31
C0557,Goa City 557,Goa,Tier 3,663734,433.18,5565,9.575383,79.82594,4703,63,4.52,6.04,No,No,No,No,No,Yes,Yes,216,33,64,90,67,1.05,2128,21.0,Tourism,55,93,1,14,0,17,87.59,55.78,2025-12-31
C0558,Uttarakhand City 558,Uttarakhand,Tier 2,1200859,191.94,9400,31.161343,89.630028,9862,54,4.5,14.33,No,No,No,Yes,No,Yes,Yes,226,59,66,51,75,11.05,2863,23.3,Agriculture,29,111,6,14,0,29,63.39,17.96,2025-12-31
C0559,Rajasthan City 559,Rajasthan,Tier 3,1486536,125.23,6875,11.152685,83.795877,3096,37,2.04,25.52,No,No,Yes,Yes,No,Yes,Yes,30,34,57,64,77,0.57,2202,34.5,Tourism,21,249,15,11,0,48,64.61,23.1,2025-12-31
C0560,Chhattisgarh City 560,Chhattisgarh,Tier 3,2626126,154.36,1105,29.053613,72.892114,11283,28,2.19,25.95,No,No,No,Yes,No,Yes,No,100,28,53,65,78,0.07,1124,30.8,Services,65,283,3,4,0,59,88.15,39.98,2025-12-31
C0561,Chandigarh City 561,Chandigarh,Tier 2,1615719,65.33,13963,12.682831,70.675788,9853,65,5.28,16.18,No,No,Yes,Yes,No,Yes,No,162,69,76,60,86,5.19,3108,30.7,Services,34,228,7,7,0,14,92.23,20.63,2025-12-31
C0562,Rajasthan City 562,Rajasthan,Tier 3,294586,189.08,9678,29.757866,95.833254,2175,39,5.14,17.74,No,No,No,No,No,Yes,No,152,54,53,75,81,0.54,1759,23.0,Manufacturing,6,196,0,12,0,69,65.46,49.53,2025-12-31
C0563,Karnataka City 563,Karnataka,Tier 2,1928278,325.71,5672,27.542608,70.499485,8244,51,5.49,11.11,No,No,No,No,No,Yes,No,133,46,59,54,83,6.77,813,11.8,Manufacturing,46,300,12,14,0,76,96.29,43.45,2025-12-31
C0564,Lakshadweep City 564,Lakshadweep,Tier 3,2023161,232.08,10277,23.713872,90.717131,2064,68,2.63,26.79,No,No,Yes,No,No,Yes,Yes,199,63,84,77,88,7.75,1127,22.7,Tourism,87,76,9,10,0,78,79.46,47.77,2025-12-31
C0565,Goa City 565,Goa,Tier 3,2958996,242.38,9240,22.718512,95.91047,14107,66,2.14,19.71,No,No,Yes,No,No,Yes,Yes,169,35,78,74,80,-0.06,3250,34.3,Manufacturing,8,241,8,12,0,9,96.61,13.81,2025-12-31
C0566,Jammu City 566,Jammu and Kashmir,Tier 3,4514394,261.46,9179,12.347595,86.085596,8951,40,3.99,25.4,No,No,Yes,No,No,Yes,No,221,12,84,70,83,-2.99,2735,14.7,Manufacturing,52,36,8,0,0,46,88.71,33.41,2025-12-31
C0567,Sikkim City 567,Sikkim,Tier 3,4824741,48.01,11326,11.619939,76.108316,10676,19,5.11,10.41,No,No,No,No,No,No,Yes,164,35,79,87,75,-0.06,1545,30.7,Tourism,28,136,20,4,0,68,88.1,60.8,2025-12-31
C0568,Uttar City 568,Uttar Pradesh,Tier 2,1682153,286.71,9681,35.101553,77.865396,4493,24,2.32,20.48,No,No,No,Yes,No,No,No,75,68,71,74,60,11.53,803,20.1,Manufacturing,93,123,10,11,0,13,68.5,69.49,2025-12-31
C0569,Chandigarh City 569,Chandigarh,Tier 2,4747062,363.99,6349,18.608322,95.597222,9822,41,3.05,11.71,No,No,No,Yes,No,No,No,227,53,68,66,64,-2.89,1355,25.7,Agriculture,91,272,18,2,0,14,94.73,45.94,2025-12-31
C0570,Karnataka City 570,Karnataka,Tier 2,1720572,275.13,11845,17.674839,74.844522,14799,10,2.34,11.05,No,No,No,No,No,Yes,No,105,39,56,70,70,0.03,987,28.2,Tourism,84,119,13,15,0,67,63.7,57.93,2025-12-31
C0571,Delhi City 571,Delhi,Tier 3,434132,37.55,10470,15.706878,92.551547,13221,63,4.57,3.45,No,No,Yes,Yes,No,No,Yes,146,34,89,83,57,7.44,2245,21.8,Agriculture,82,77,15,0,0,34,73.72,24.1,2025-12-31
C0572,Chandigarh City 572,Chandigarh,Tier 3,3423844,106.51,2542,35.120045,84.164791,14511,35,3.66,28.68,No,No,No,No,No,No,No,106,65,60,58,81,7.59,2189,18.4,Tourism,74,183,18,13,0,46,90.27,29.04,2025-12-31
C0573,Odisha City 573,Odisha,Tier 2,4261342,90.58,10366,34.404116,96.061397,13157,35,5.94,0.96,No,No,Yes,Yes,No,Yes,Yes,235,29,73,90,64,5.79,1050,11.8,Manufacturing,21,69,10,10,0,8,67.92,29.44,2025-12-31
C0574,Ladakh City 574,Ladakh,Tier 2,4427065,125.92,10671,20.344802,89.406498,12973,14,3.14,8.67,No,No,No,No,No,No,Yes,157,64,64,77,78,10.48,3331,21.0,Tourism,87,221,4,0,0,16,73.92,40.92,2025-12-31
C0575,Karnataka City 575,Karnataka,Tier 3,2465191,128.3,1440,23.249002,91.356158,4632,53,4.17,24.53,No,No,Yes,Yes,No,Yes,Yes,81,48,59,50,90,1.57,479,11.5,Agriculture,16,276,7,13,0,33,78.6,22.24,2025-12-31
C0576,Dadra City 576,Dadra and Nagar Haveli and Daman and Diu,Tier 3,2944129,41.39,3004,30.241115,79.716735,13369,13,4.66,5.47,No,No,Yes,No,No,No,No,112,26,73,85,90,0.98,655,19.5,Agriculture,46,82,19,2,0,65,91.03,61.29,2025-12-31
C0577,Jammu City 577,Jammu and Kashmir,Tier 3,4695609,143.31,1975,19.382371,83.931848,4776,53,3.76,3.8,No,No,No,Yes,No,Yes,No,205,23,62,78,63,10.89,2784,24.6,Manufacturing,8,176,5,5,0,19,81.91,44.01,2025-12-31
C0578,Maharashtra City 578,Maharashtra,Tier 3,1486067,479.01,12306,20.385902,77.481686,11387,12,4.56,7.24,No,No,Yes,Yes,No,Yes,No,197,33,65,86,84,0.05,2377,33.5,Tourism,58,72,15,14,0,63,68.32,58.49,2025-12-31
C0579,Odisha City 579,Odisha,Tier 2,214083,298.39,4576,33.097562,84.750659,14496,39,4.44,21.81,No,No,Yes,No,No,No,Yes,77,46,61,78,54,-0.57,1456,16.2,Services,72,264,3,6,0,62,86.9,59.05,2025-12-31
C0580,Himachal City 580,Himachal Pradesh,Tier 2,1146125,100.14,13609,27.581398,96.190471,4007,58,3.46,21.93,No,No,Yes,Yes,No,Yes,Yes,41,26,85,81,88,9.16,2909,32.1,Services,49,117,11,11,0,23,69.0,42.1,2025-12-31
C0581,Bihar City 581,Bihar,Tier 2,1744458,38.15,5249,14.852333,79.247682,3143,60,4.29,23.87,No,No,No,Yes,No,No,Yes,118,63,60,63,86,10.48,483,10.6,Manufacturing,87,95,18,11,0,3,63.51,21.93,2025-12-31
C0582,Nagaland City 582,Nagaland,Tier 2,525538,317.68,3516,34.437979,84.719926,9502,13,2.84,17.89,No,No,Yes,Yes,No,Yes,No,42,50,59,59,57,0.11,583,31.7,Services,57,248,4,1,0,14,83.02,54.76,2025-12-31
C0583,Goa City 583,Goa,Tier 2,995476,209.81,2012,11.755572,73.240502,3781,47,4.89,13.51,No,No,No,No,No,Yes,Yes,189,57,63,52,68,5.58,1867,19.5,Manufacturing,73,16,5,14,0,38,89.51,16.22,2025-12-31
C0584,Odisha City 584,Odisha,Tier 2,892708,72.35,672,30.905273,87.80821,12045,41,2.56,10.25,No,No,Yes,No,No,Yes,Yes,182,28,74,58,51,9.6,2522,14.8,Tourism,49,204,2,0,0,27,87.2,44.13,2025-12-31
C0585,Tamil City 585,Tamil Nadu,Tier 2,4944407,263.38,579,30.514527,74.637034,9233,15,2.57,5.88,No,No,No,No,No,No,No,108,58,58,63,51,0.89,406,32.2,Manufacturing,8,82,15,1,0,54,64.68,46.86,2025-12-31
C0586,Ladakh City 586,Ladakh,Tier 2,4726887,262.58,1288,12.824203,85.963318,9059,54,4.89,2.74,No,No,No,Yes,No,No,Yes,63,18,68,83,56,2.14,1169,33.8,Manufacturing,92,13,7,9,0,4,69.49,17.48,2025-12-31
C0587,Telangana City 587,Telangana,Tier 3,4213996,295.28,12889,26.555322,78.688417,14691,27,4.49,11.25,No,No,No,No,No,No,No,245,21,65,66,80,9.62,660,30.9,Tourism,64,232,0,3,0,5,81.09,56.15,2025-12-31
C0588,Chandigarh City 588,Chandigarh,Tier 2,374894,127.39,13507,34.432569,90.983368,10874,22,2.4,12.08,No,No,Yes,No,No,Yes,No,162,12,84,50,83,-1.54,3076,26.8,Services,18,85,18,0,0,13,97.02,52.26,2025-12-31
C0589,Jammu City 589,Jammu and Kashmir,Tier 2,1689853,268.93,6994,21.135931,75.148587,9368,53,2.92,2.58,No,No,Yes,No,No,No,No,155,29,62,75,61,-1.29,905,10.6,Services,28,188,17,11,0,57,76.18,35.77,2025-12-31
C0590,Mizoram City 590,Mizoram,Tier 3,299007,126.14,9495,8.158534,73.769979,12794,59,5.49,6.17,No,No,No,Yes,No,No,No,244,37,75,77,59,-1.82,2496,11.6,Manufacturing,22,253,0,1,0,7,97.23,34.18,2025-12-31
C0591,West City 591,West Bengal,Tier 2,2655512,483.59,10570,25.090112,89.897785,14826,15,2.2,17.74,No,No,No,Yes,No,No,Yes,35,57,66,87,65,5.16,2361,11.7,Tourism,78,11,10,7,0,8,72.03,20.33,2025-12-31
C0592,Mizoram City 592,Mizoram,Tier 2,4996306,169.89,13900,25.340067,82.410269,8271,58,4.42,29.69,No,No,Yes,Yes,No,Yes,No,181,38,57,76,74,6.04,3171,17.3,Services,53,60,4,6,0,62,70.89,12.95,2025-12-31
C0593,Ladakh City 593,Ladakh,Tier 3,2132403,139.65,3154,30.103658,80.669917,5255,55,4.76,15.56,No,No,No,Yes,No,No,Yes,47,55,66,60,77,9.72,2804,13.5,Manufacturing,64,36,16,14,0,69,92.08,16.34,2025-12-31
C0594,Uttarakhand City 594,Uttarakhand,Tier 2,1378407,340.56,11101,8.795453,91.294236,12085,24,2.38,27.94,No,No,Yes,Yes,No,No,No,67,67,57,55,78,11.44,3093,30.9,Tourism,89,270,0,2,0,69,95.27,63.65,2025-12-31
C0595,Punjab City 595,Punjab,Tier 2,1398186,386.18,7693,35.457291,93.619799,10351,40,4.95,7.15,No,No,No,No,No,No,Yes,168,21,53,51,66,5.1,1815,21.9,Services,90,57,5,6,0,48,81.41,27.97,2025-12-31
C0596,Uttar City 596,Uttar Pradesh,Tier 2,754915,469.05,8670,33.838708,87.555873,11473,25,5.17,18.08,No,No,No,Yes,No,No,No,178,70,80,90,53,1.01,2511,18.9,Agriculture,38,55,18,13,0,14,73.48,12.64,2025-12-31
C0597,Dadra City 597,Dadra and Nagar Haveli and Daman and Diu,Tier 2,1535029,259.13,11345,33.919122,88.036983,10945,22,3.33,11.45,No,No,Yes,No,No,No,Yes,104,50,52,88,76,7.53,1259,30.9,Services,54,289,7,8,0,78,76.31,25.94,2025-12-31
C0598,Chandigarh City 598,Chandigarh,Tier 3,1322462,60.44,490,12.435528,77.802519,8123,17,2.64,28.02,No,No,Yes,No,No,No,Yes,30,42,86,64,67,5.02,2281,27.4,Manufacturing,83,31,13,4,0,33,75.02,19.08,2025-12-31
C0599,Andaman City 599,Andaman and Nicobar Islands,Tier 3,4879743,62.03,661,26.073933,69.838889,6713,12,2.86,24.92,No,No,Yes,No,No,Yes,Yes,212,36,56,64,63,4.13,1769,32.4,Tourism,28,137,1,8,0,41,81.14,15.66,2025-12-31
C0600,Sikkim City 600,Sikkim,Tier 2,1438930,199.35,4861,29.763817,82.372167,6095,15,4.47,12.98,No,No,Yes,Yes,No,No,No,37,60,86,76,75,9.68,2025,28.9,Services,100,43,16,4,0,33,82.59,44.39,2025-12-31
C0601,Lakshadweep City 601,Lakshadweep,Tier 2,4636088,284.29,12251,8.082695,79.620434,10830,17,2.39,2.57,No,No,No,No,No,Yes,Yes,244,30,89,61,75,6.4,1185,23.6,Manufacturing,94,212,19,14,0,39,95.35,32.87,2025-12-31
C0602,Punjab City 602,Punjab,Tier 2,2795814,189.93,4579,36.387989,91.303799,2607,15,2.5,4.22,No,No,Yes,Yes,No,No,No,93,54,74,52,72,-1.3,2043,12.0,Agriculture,34,285,17,12,0,26,76.01,24.91,2025-12-31
C0603,Himachal City 603,Himachal Pradesh,Tier 2,4367346,302.26,5668,18.799263,69.61853,9754,8,2.2,17.9,No,No,No,Yes,No,No,No,75,13,68,74,74,7.24,1222,29.6,Services,60,264,13,1,0,41,89.99,25.73,2025-12-31
C0604,Andhra City 604,Andhra Pradesh,Tier 3,2690294,229.09,6266,22.21085,80.849786,10606,65,2.12,13.63,No,No,No,No,No,Yes,Yes,230,42,88,51,77,-1.04,3304,19.2,Services,53,76,20,5,0,53,72.79,27.35,2025-12-31
C0605,Gujarat City 605,Gujarat,Tier 3,2851812,313.72,5985,14.638161,69.557273,13183,67,4.7,4.98,No,No,Yes,Yes,No,Yes,Yes,105,21,78,77,80,7.41,2041,17.8,Manufacturing,45,44,12,0,0,13,63.0,26.86,2025-12-31
C0606,Gujarat City 606,Gujarat,Tier 2,3174834,458.04,14255,22.597454,95.739814,10539,59,4.07,11.77,No,No,Yes,Yes,No,Yes,Yes,151,47,83,75,80,7.66,2388,13.2,Agriculture,27,193,14,0,0,34,76.95,69.65,2025-12-31
C0607,Uttarakhand City 607,Uttarakhand,Tier 3,1426653,330.14,7263,10.208051,89.182959,4497,11,2.82,7.69,No,No,No,No,No,Yes,No,118,54,87,74,84,-2.28,2369,18.8,Manufacturing,52,145,16,5,0,39,64.86,50.3,2025-12-31
C0608,Manipur City 608,Manipur,Tier 3,2174144,200.15,12627,36.4185,75.782288,2315,51,5.78,7.78,No,No,No,No,No,No,No,219,19,62,54,57,-0.9,892,13.9,Services,41,285,19,15,0,79,87.87,69.0,2025-12-31
C0609,Delhi City 609,Delhi,Tier 3,3389873,389.15,4279,27.270443,86.706882,12916,55,2.67,5.26,No,No,Yes,No,No,Yes,Yes,151,32,50,84,53,9.02,375,25.2,Services,36,31,8,10,0,24,61.26,46.53,2025-12-31
C0610,Manipur City 610,Manipur,Tier 3,4624464,266.43,2672,15.736195,93.920033,7223,62,2.92,9.31,No,No,Yes,Yes,No,Yes,No,142,40,82,68,82,10.58,1840,18.6,Manufacturing,40,140,8,11,0,33,69.95,13.21,2025-12-31
C0611,Lakshadweep City 611,Lakshadweep,Tier 2,4538578,443.13,11579,9.912764,85.480255,5362,36,4.82,16.66,No,No,Yes,No,No,Yes,Yes,67,44,79,82,82,6.92,2307,28.4,Services,80,280,16,4,0,76,62.31,69.59,2025-12-31
C0612,Rajasthan City 612,Rajasthan,Tier 3,4905118,360.45,14021,21.900897,75.952985,9163,51,2.55,11.43,No,No,Yes,Yes,No,No,No,74,27,58,63,85,6.73,2526,21.2,Manufacturing,35,300,3,4,0,14,97.44,49.57,2025-12-31
C0613,Puducherry City 613,Puducherry,Tier 2,3337471,462.38,2874,35.367342,84.430856,4624,41,5.47,27.74,No,No,Yes,Yes,No,Yes,Yes,41,62,57,50,61,0.45,108,10.4,Services,64,232,12,3,0,5,94.58,40.48,2025-12-31
C0614,Dadra City 614,Dadra and Nagar Haveli and Daman and Diu,Tier 3,3289964,87.2,9274,10.424731,76.56868,7905,32,5.19,8.81,No,No,Yes,No,No,No,Yes,194,70,55,87,82,8.33,3320,22.1,Services,75,80,6,10,0,39,75.53,68.95,2025-12-31
C0615,Rajasthan City 615,Rajasthan,Tier 2,342504,31.72,12314,30.419746,68.490149,14114,33,5.66,0.3,No,No,No,No,No,No,No,243,14,71,51,52,3.54,2837,19.7,Tourism,16,47,0,12,0,47,71.37,15.19,2025-12-31
C0616,Goa City 616,Goa,Tier 2,2417202,30.75,7623,23.707961,70.916576,11861,60,5.69,17.83,No,No,No,Yes,No,Yes,No,227,45,62,77,76,5.22,1305,23.8,Services,73,300,18,12,0,20,74.76,37.55,2025-12-31
C0617,Andhra City 617,Andhra Pradesh,Tier 2,4579308,233.72,9400,23.081131,86.423093,3738,38,4.12,20.53,No,No,No,Yes,No,No,Yes,124,61,87,77,61,2.45,417,24.2,Services,7,131,4,0,0,11,65.04,62.87,2025-12-31
C0618,Tamil City 618,Tamil Nadu,Tier 3,4428657,301.34,13915,33.307771,79.024072,6759,70,2.31,25.67,No,No,No,Yes,No,Yes,No,122,31,82,70,57,3.91,1971,17.3,Agriculture,90,80,15,9,0,49,82.88,57.04,2025-12-31
C0619,Gujarat City 619,Gujarat,Tier 2,2401585,73.19,11978,25.174398,95.258996,8939,25,2.71,4.4,No,No,No,No,No,Yes,No,43,61,66,73,67,10.74,531,30.6,Tourism,92,160,11,15,0,5,72.12,56.77,2025-12-31
C0620,Himachal City 620,Himachal Pradesh,Tier 2,4898429,96.52,14137,33.219662,82.411404,1800,53,4.3,28.16,No,No,Yes,Yes,No,No,Yes,210,67,71,76,67,11.26,1981,14.3,Manufacturing,40,250,5,5,0,71,83.22,63.25,2025-12-31
C0621,Nagaland City 621,Nagaland,Tier 2,539985,71.81,8822,26.90654,94.460006,10265,19,2.64,8.0,No,No,No,Yes,No,Yes,Yes,137,14,74,84,73,-2.91,369,11.5,Tourism,76,40,2,3,0,73,74.13,10.06,2025-12-31
C0622,Kerala City 622,Kerala,Tier 3,966097,491.1,11063,10.499036,73.391964,3124,55,5.52,22.37,No,No,Yes,No,No,Yes,Yes,81,12,52,79,54,9.14,2531,17.8,Agriculture,5,257,8,2,0,64,81.81,28.74,2025-12-31
C0623,Rajasthan City 623,Rajasthan,Tier 3,1954242,411.04,2607,31.126014,83.135186,8569,45,4.22,6.56,No,No,No,No,No,Yes,No,101,40,57,76,55,11.39,3348,28.0,Manufacturing,65,113,9,2,0,27,94.26,53.52,2025-12-31
C0624,Chhattisgarh City 624,Chhattisgarh,Tier 2,2212725,186.18,2818,18.202055,84.28293,11806,33,2.89,5.66,No,No,No,No,No,Yes,No,142,26,83,65,71,10.07,720,20.5,Agriculture,56,149,17,13,0,4,88.32,36.87,2025-12-31
C0625,Dadra City 625,Dadra and Nagar Haveli and Daman and Diu,Tier 2,2158652,448.77,9179,22.598015,83.867712,4697,28,5.2,11.6,No,No,No,No,No,Yes,Yes,114,31,53,78,78,10.91,2986,11.3,Tourism,62,181,11,2,0,46,96.51,19.57,2025-12-31
C0626,Kerala City 626,Kerala,Tier 2,335332,284.2,5760,34.167087,77.412021,2496,39,4.52,9.42,No,No,Yes,Yes,No,Yes,Yes,51,16,79,82,74,-1.58,2912,10.5,Tourism,42,237,12,1,0,22,66.39,11.43,2025-12-31
C0627,Telangana City 627,Telangana,Tier 2,2693477,414.26,4691,28.260345,70.411577,4702,8,5.57,20.07,No,No,Yes,No,No,No,No,45,10,60,76,53,-1.82,554,18.4,Manufacturing,49,142,14,10,0,4,76.65,12.63,2025-12-31
C0628,Puducherry City 628,Puducherry,Tier 2,3765668,360.97,14136,11.744919,85.253853,2611,67,3.42,22.35,No,No,No,Yes,No,Yes,Yes,42,10,75,68,89,0.24,1345,29.3,Agriculture,31,70,0,8,0,44,64.79,11.89,2025-12-31
C0629,Maharashtra City 629,Maharashtra,Tier 3,432580,268.05,11747,36.196814,76.242129,2979,42,3.2,18.48,No,No,Yes,Yes,No,No,Yes,169,32,72,65,73,7.29,1494,13.7,Tourism,54,46,1,1,0,52,96.62,44.16,2025-12-31
C0630,Andhra City 630,Andhra Pradesh,Tier 2,3386849,298.46,13804,23.877443,70.136945,8138,53,3.76,8.03,No,No,Yes,No,No,No,Yes,213,66,63,62,86,9.72,1356,24.5,Tourism,33,20,0,12,0,62,77.42,55.53,2025-12-31
C0631,Karnataka City 631,Karnataka,Tier 3,2802232,33.78,2932,26.35361,92.024826,2994,39,2.85,11.51,No,No,No,Yes,No,No,Yes,103,16,79,84,66,-0.24,350,25.7,Manufacturing,33,123,9,10,0,12,62.65,54.23,2025-12-31
C0632,Assam City 632,Assam,Tier 2,3587936,424.3,1060,18.328915,68.162939,14322,69,4.16,27.42,No,No,No,Yes,No,Yes,Yes,59,15,74,75,78,0.3,657,25.4,Agriculture,41,181,14,10,0,72,81.15,68.92,2025-12-31
C0633,Delhi City 633,Delhi,Tier 3,4794543,434.53,1737,12.958766,89.371453,14433,35,3.25,11.98,No,No,Yes,Yes,No,No,Yes,234,10,59,79,73,2.31,864,11.9,Services,64,22,19,4,0,0,94.48,16.87,2025-12-31
C0634,Tamil City 634,Tamil Nadu,Tier 2,1942887,365.44,9323,8.177457,73.482309,13275,69,2.67,19.48,No,No,Yes,Yes,No,No,Yes,163,46,81,50,73,5.48,1876,12.7,Agriculture,69,233,6,11,0,42,80.91,14.89,2025-12-31
C0635,Rajasthan City 635,Rajasthan,Tier 3,3996380,108.72,11616,10.731695,84.124376,2528,53,2.2,29.77,No,No,No,Yes,No,No,Yes,47,45,74,88,59,4.63,2483,22.0,Manufacturing,70,151,10,9,0,6,84.98,69.73,2025-12-31
C0636,Himachal City 636,Himachal Pradesh,Tier 2,4049453,106.38,1184,13.151336,74.198792,6625,42,2.51,27.81,No,No,Yes,Yes,No,Yes,Yes,94,15,67,67,81,11.81,2782,15.3,Manufacturing,100,278,3,2,0,53,97.01,67.39,2025-12-31
C0637,Madhya City 637,Madhya Pradesh,Tier 2,1111435,375.79,12338,8.378327,69.047355,5205,70,2.2,28.13,No,No,Yes,Yes,No,Yes,Yes,213,38,81,72,58,7.43,522,16.1,Manufacturing,10,76,16,2,0,53,72.75,12.82,2025-12-31
C0638,Mizoram City 638,Mizoram,Tier 3,1702903,31.36,13814,9.665793,88.742172,11546,22,5.74,13.31,No,No,No,No,No,No,Yes,186,44,64,58,54,7.26,2769,14.0,Agriculture,58,47,15,9,0,48,92.88,12.45,2025-12-31
C0639,Karnataka City 639,Karnataka,Tier 2,1051026,473.73,777,15.646449,92.422259,13954,42,5.28,2.19,No,No,No,No,No,Yes,Yes,175,15,62,57,76,4.3,2152,11.4,Services,76,198,13,12,0,58,96.25,62.62,2025-12-31
C0640,Assam City 640,Assam,Tier 3,2011825,359.2,2806,10.439267,82.852205,8250,31,3.45,9.24,No,No,No,No,No,No,Yes,142,37,75,62,69,6.07,872,27.9,Services,49,14,9,12,0,21,77.24,17.77,2025-12-31
C0641,Karnataka City 641,Karnataka,Tier 3,1179858,233.9,13964,11.406663,76.570014,4206,24,2.87,12.45,No,No,Yes,No,No,No,No,202,19,56,82,82,6.54,260,23.3,Services,81,60,19,13,0,18,84.3,53.46,2025-12-31
C0642,Goa City 642,Goa,Tier 3,2261821,133.68,9470,17.826229,74.943236,3995,54,5.86,29.68,No,No,No,Yes,No,No,Yes,123,44,65,64,65,0.91,928,33.7,Agriculture,93,133,2,2,0,46,92.24,41.74,2025-12-31
C0643,Uttar City 643,Uttar Pradesh,Tier 2,3186182,490.66,4675,18.724053,81.54023,13723,32,5.66,17.0,No,No,No,No,No,No,No,132,47,67,90,71,11.2,1576,34.2,Services,52,298,15,8,0,50,74.69,53.69,2025-12-31
C0644,Chandigarh City 644,Chandigarh,Tier 3,583365,232.53,4893,11.667722,73.135413,6478,31,2.09,20.99,No,No,Yes,No,No,No,Yes,238,31,61,75,88,-0.86,3321,33.5,Services,55,164,14,5,0,14,92.43,24.37,2025-12-31
C0645,Jammu City 645,Jammu and Kashmir,Tier 3,1196797,142.61,13029,28.80473,96.631675,6153,19,3.54,28.01,No,No,No,Yes,No,No,Yes,93,60,60,76,57,1.51,1397,32.2,Manufacturing,96,38,14,13,0,28,85.0,37.47,2025-12-31
C0646,Gujarat City 646,Gujarat,Tier 2,301554,281.05,11543,29.195249,82.37479,10497,60,3.43,5.18,No,No,Yes,Yes,No,No,No,53,68,85,67,70,-0.65,1585,30.4,Tourism,99,100,13,14,0,33,70.15,50.82,2025-12-31
C0647,Puducherry City 647,Puducherry,Tier 2,993119,263.69,10831,35.981329,93.221115,12887,9,4.77,12.45,No,No,No,Yes,No,Yes,No,148,38,58,86,77,3.0,1426,20.2,Manufacturing,64,11,3,8,0,7,84.54,12.8,2025-12-31
C0648,Tamil City 648,Tamil Nadu,Tier 2,3735353,468.24,1330,8.713012,95.145476,7132,49,4.08,29.53,No,No,Yes,Yes,No,Yes,No,249,53,61,58,54,1.64,1409,21.6,Manufacturing,20,227,0,9,0,29,96.77,51.54,2025-12-31
C0649,Haryana City 649,Haryana,Tier 2,3388632,278.67,10581,28.129705,82.336937,4494,66,2.14,3.82,No,No,No,No,No,No,Yes,162,59,75,61,51,6.01,863,24.4,Services,36,186,4,11,0,78,73.39,63.6,2025-12-31
C0650,Maharashtra City 650,Maharashtra,Tier 2,1294522,109.42,10784,28.103525,91.625766,5516,52,4.46,26.83,No,No,Yes,Yes,No,No,No,248,40,64,72,64,-1.06,1833,20.7,Tourism,9,250,12,2,0,6,80.95,37.55,2025-12-31
C0651,Chandigarh City 651,Chandigarh,Tier 2,3313923,315.35,13209,35.828658,90.170246,4395,61,5.41,11.56,No,No,Yes,Yes,No,No,Yes,69,35,56,72,85,0.33,2386,26.9,Manufacturing,95,55,15,13,0,33,80.3,25.5,2025-12-31
C0652,Uttar City 652,Uttar Pradesh,Tier 3,1730272,182.43,12649,15.617012,72.20931,5350,70,4.76,4.75,No,No,Yes,Yes,No,Yes,No,94,19,72,85,86,-0.69,3441,26.6,Manufacturing,27,191,12,1,0,48,66.96,63.31,2025-12-31
C0653,Sikkim City 653,Sikkim,Tier 2,3167128,338.36,6683,15.025052,94.015576,14749,54,3.92,24.0,No,No,Yes,Yes,No,Yes,No,131,53,81,67,56,9.42,125,22.1,Tourism,34,296,9,3,0,71,72.31,10.81,2025-12-31
C0654,Chhattisgarh City 654,Chhattisgarh,Tier 2,3282690,112.02,11131,9.662626,90.751807,12678,33,2.92,24.88,No,No,No,No,No,No,Yes,110,56,67,80,52,2.42,1129,24.2,Manufacturing,85,44,11,2,0,54,97.14,26.06,2025-12-31
C0655,Chhattisgarh City 655,Chhattisgarh,Tier 3,2817807,231.28,577,24.517688,87.445233,11240,54,3.5,29.55,No,No,No,No,No,No,No,236,21,53,80,50,9.17,174,16.3,Services,25,17,2,15,0,12,65.17,49.7,2025-12-31
C0656,Jharkhand City 656,Jharkhand,Tier 3,664814,472.18,9664,15.065876,88.777122,11963,33,3.85,17.08,No,No,No,No,No,Yes,No,85,14,60,77,81,10.4,1047,12.0,Manufacturing,21,234,20,12,0,3,77.49,30.35,2025-12-31
C0657,Andaman City 657,Andaman and Nicobar Islands,Tier 3,4619246,227.57,4186,32.379142,95.143112,12137,51,4.29,27.49,No,No,No,Yes,No,Yes,Yes,191,59,74,71,69,-0.17,2199,26.8,Tourism,28,129,3,4,0,5,66.02,45.17,2025-12-31
C0658,Tamil City 658,Tamil Nadu,Tier 2,2978508,258.56,6495,15.896336,76.20086,12287,37,5.2,8.67,No,No,Yes,Yes,No,Yes,Yes,137,45,79,75,69,1.64,2825,29.1,Services,56,162,18,14,0,75,77.11,28.57,2025-12-31
C0659,Goa City 659,Goa,Tier 3,1738679,211.26,5994,20.372282,96.727623,6009,62,3.32,0.89,No,No,Yes,No,No,No,Yes,150,22,52,87,74,11.63,2414,20.7,Manufacturing,64,235,2,3,0,72,84.7,18.24,2025-12-31
C0660,Tripura City 660,Tripura,Tier 2,2743550,126.77,11682,18.75789,81.512598,1930,19,3.47,3.48,No,No,Yes,No,No,No,Yes,139,29,65,55,70,6.21,2248,25.5,Tourism,83,211,11,9,0,52,84.98,24.88,2025-12-31
C0661,Sikkim City 661,Sikkim,Tier 3,2500814,380.3,5336,28.562064,90.781373,14771,65,3.22,3.82,No,No,Yes,Yes,No,No,No,178,38,68,64,86,10.21,1779,16.6,Manufacturing,23,124,1,10,0,64,75.96,46.33,2025-12-31
C0662,Ladakh City 662,Ladakh,Tier 2,4878646,344.43,9035,26.633812,93.587768,11345,62,5.74,3.17,No,No,Yes,Yes,No,Yes,No,63,13,61,57,80,8.43,2061,18.2,Tourism,29,156,20,13,0,47,72.79,58.02,2025-12-31
C0663,Himachal City 663,Himachal Pradesh,Tier 2,362830,144.88,1003,16.751366,84.433865,6787,32,5.72,4.62,No,No,Yes,Yes,No,Yes,Yes,218,65,72,56,58,8.68,935,28.3,Services,47,211,11,12,0,24,72.57,30.24,2025-12-31
C0664,Ladakh City 664,Ladakh,Tier 2,4708841,471.76,13508,10.287558,84.636259,5378,68,2.28,21.23,No,No,No,Yes,No,No,No,131,34,64,55,54,0.34,2320,23.8,Agriculture,31,161,5,6,0,52,65.99,50.24,2025-12-31
C0665,Himachal City 665,Himachal Pradesh,Tier 2,2135919,121.6,7795,16.489898,75.688571,5206,49,2.43,9.18,No,No,No,No,No,No,Yes,38,45,70,59,86,9.91,1662,28.8,Agriculture,24,55,20,15,0,56,93.79,13.86,2025-12-31
C0666,Mizoram City 666,Mizoram,Tier 2,364907,171.99,14086,17.237572,72.499807,10591,58,5.17,11.13,No,No,Yes,Yes,No,Yes,No,138,35,71,61,78,8.27,3089,31.8,Manufacturing,30,112,4,4,0,79,90.14,10.56,2025-12-31
C0667,Arunachal City 667,Arunachal Pradesh,Tier 2,2819826,218.6,2066,14.250261,93.456627,5563,9,2.88,7.76,No,No,No,No,No,Yes,Yes,201,67,77,79,73,10.99,143,20.9,Services,23,254,19,11,0,40,69.47,54.9,2025-12-31
C0668,Kerala City 668,Kerala,Tier 3,3155421,128.99,1581,35.305302,73.018205,5581,55,4.33,23.13,No,No,No,Yes,No,Yes,Yes,85,27,58,52,58,5.1,1977,11.7,Agriculture,16,242,5,5,0,16,71.12,62.86,2025-12-31
C0669,Bihar City 669,Bihar,Tier 3,3519420,460.66,4542,27.156062,83.847472,13754,57,5.83,24.98,No,No,No,No,No,No,No,135,16,89,88,61,10.88,304,19.7,Manufacturing,73,235,4,15,0,80,65.64,40.35,2025-12-31
C0670,Chhattisgarh City 670,Chhattisgarh,Tier 2,1354863,178.83,957,31.277269,84.963065,13073,29,3.54,22.8,No,No,No,No,No,Yes,Yes,154,25,90,62,78,5.6,412,29.9,Agriculture,21,53,2,1,0,15,80.17,67.96,2025-12-31
C0671,Assam City 671,Assam,Tier 2,2957958,491.78,9357,20.061931,94.628183,11862,11,4.68,26.75,No,No,Yes,No,No,Yes,No,104,54,52,90,64,5.97,1543,12.6,Tourism,93,191,5,10,0,14,78.77,20.36,2025-12-31
C0672,Jharkhand City 672,Jharkhand,Tier 3,3303189,381.77,4392,14.389049,81.177702,4479,9,3.44,8.82,No,No,Yes,Yes,No,No,Yes,126,53,70,66,87,10.19,1666,31.2,Manufacturing,29,10,17,6,0,25,97.09,27.67,2025-12-31
C0673,Delhi City 673,Delhi,Tier 2,2606287,266.04,8796,22.473777,85.377389,7216,8,3.08,0.82,No,No,Yes,Yes,No,No,No,226,42,72,54,89,8.49,1382,14.7,Services,68,141,19,5,0,50,76.23,49.48,2025-12-31
C0674,Karnataka City 674,Karnataka,Tier 3,3523847,139.59,3330,21.118165,82.442236,7024,58,2.68,27.38,No,No,Yes,Yes,No,No,Yes,132,32,84,55,59,9.14,648,10.7,Tourism,78,90,4,9,0,14,62.71,65.44,2025-12-31
C0675,Uttarakhand City 675,Uttarakhand,Tier 2,402669,101.27,5505,17.158334,87.280375,11328,33,2.93,7.48,No,No,Yes,No,No,Yes,No,200,58,61,52,77,2.65,1473,26.6,Agriculture,87,292,10,3,0,24,67.78,16.42,2025-12-31
C0676,Lakshadweep City 676,Lakshadweep,Tier 2,415822,158.13,9056,32.698362,74.509037,4372,12,5.28,2.69,No,No,Yes,Yes,No,Yes,Yes,125,57,68,82,57,7.67,2304,13.8,Services,74,223,17,15,0,51,71.32,10.51,2025-12-31
C0677,Haryana City 677,Haryana,Tier 3,2249022,291.45,1258,19.294439,96.675833,14089,16,5.35,20.28,No,No,Yes,No,No,Yes,No,143,50,83,80,65,9.48,2233,18.2,Services,86,215,9,12,0,39,89.45,17.13,2025-12-31
C0678,West City 678,West Bengal,Tier 2,1876296,169.21,3253,11.241999,72.086371,8945,59,2.58,2.44,No,No,Yes,Yes,No,No,Yes,41,28,60,89,66,4.98,3359,34.3,Tourism,98,258,16,3,0,11,77.9,46.9,2025-12-31
C0679,Jharkhand City 679,Jharkhand,Tier 3,4983571,316.42,10342,16.052867,88.028986,3381,49,2.64,21.01,No,No,Yes,Yes,No,Yes,Yes,140,37,76,51,60,7.59,355,10.1,Manufacturing,100,92,17,10,0,24,80.67,21.31,2025-12-31
C0680,Gujarat City 680,Gujarat,Tier 2,2749164,326.95,5651,31.47878,75.834431,10474,65,2.94,21.35,No,No,No,Yes,No,No,Yes,198,59,86,89,53,-2.11,1730,23.3,Services,25,244,13,7,0,29,66.74,43.35,2025-12-31
C0681,Maharashtra City 681,Maharashtra,Tier 3,1759989,130.81,8224,19.817762,89.662531,10084,29,4.54,26.52,No,No,No,Yes,No,No,No,56,25,77,85,69,11.48,545,10.0,Agriculture,29,89,16,5,0,25,94.2,53.01,2025-12-31
C0682,Jharkhand City 682,Jharkhand,Tier 2,4584581,429.1,12278,36.153677,78.130501,4861,37,4.95,21.9,No,No,Yes,No,No,No,Yes,133,70,80,81,74,-1.58,277,20.6,Tourism,79,95,0,3,0,34,69.4,14.5,2025-12-31
C0683,Himachal City 683,Himachal Pradesh,Tier 3,3779530,479.57,2213,21.358685,82.591871,3613,30,5.88,12.69,No,No,Yes,No,No,No,No,75,57,51,59,75,2.65,2950,33.8,Services,73,206,5,11,0,73,91.52,18.3,2025-12-31
C0684,Delhi City 684,Delhi,Tier 2,2634093,319.87,10018,24.399628,95.620299,7426,28,2.89,8.33,No,No,No,Yes,No,No,No,64,47,88,51,78,1.02,2046,13.6,Services,59,165,2,14,0,73,83.51,39.07,2025-12-31
C0685,Dadra City 685,Dadra and Nagar Haveli and Daman and Diu,Tier 2,4690962,397.47,7792,16.902812,87.711754,5976,43,3.41,18.61,No,No,No,No,No,No,Yes,160,22,88,82,69,-1.31,1992,16.1,Services,71,185,6,12,0,74,80.38,41.99,2025-12-31
C0686,Tripura City 686,Tripura,Tier 3,4951294,280.84,4645,16.410457,68.286413,11711,18,4.65,15.54,No,No,No,Yes,No,No,Yes,60,63,52,60,75,-0.91,1978,11.0,Services,42,293,19,1,0,2,91.91,20.75,2025-12-31
C0687,Lakshadweep City 687,Lakshadweep,Tier 3,3057896,274.44,12918,14.421746,84.132177,10641,44,4.22,26.27,No,No,Yes,No,No,No,No,200,62,84,85,65,6.28,3118,21.8,Agriculture,75,187,13,7,0,1,65.68,67.61,2025-12-31
C0688,Telangana City 688,Telangana,Tier 2,446305,30.3,1052,27.710054,88.885912,14248,51,3.61,17.85,No,No,No,Yes,No,Yes,No,129,28,56,85,66,8.51,884,30.6,Tourism,60,239,18,1,0,64,88.92,64.84,2025-12-31
C0689,Arunachal City 689,Arunachal Pradesh,Tier 2,4502836,251.89,7090,33.467419,91.30573,2311,15,4.52,6.28,No,No,No,Yes,No,Yes,Yes,99,68,68,69,66,-1.03,2538,33.5,Services,66,150,10,13,0,71,94.29,34.05,2025-12-31
C0690,Telangana City 690,Telangana,Tier 2,2573993,471.8,6490,12.111138,90.565444,3714,28,5.64,18.42,No,No,No,No,No,Yes,No,138,59,61,61,61,-1.13,132,18.3,Manufacturing,86,160,14,0,0,33,78.96,38.82,2025-12-31
C0691,Tripura City 691,Tripura,Tier 3,4589779,165.63,13169,17.444729,85.321344,11643,35,3.31,3.07,No,No,Yes,Yes,No,No,Yes,155,63,55,58,68,2.0,1524,15.5,Manufacturing,94,38,0,7,0,50,64.85,21.09,2025-12-31
C0692,Goa City 692,Goa,Tier 2,4011951,141.31,13059,26.562683,86.365913,9390,39,2.63,23.22,No,No,Yes,No,No,No,No,171,30,60,61,87,7.03,797,27.0,Tourism,22,170,3,12,0,14,97.14,29.66,2025-12-31
C0693,Telangana City 693,Telangana,Tier 2,3813353,61.28,5804,34.570871,83.343697,12232,11,3.45,18.06,No,No,No,No,No,No,No,98,40,64,73,90,0.22,3263,13.5,Services,72,161,3,14,0,15,73.54,28.02,2025-12-31
C0694,Jammu City 694,Jammu and Kashmir,Tier 2,2230681,166.01,10180,13.892061,77.667731,9800,40,4.14,6.82,No,No,Yes,Yes,No,No,Yes,231,14,62,65,83,10.78,846,20.7,Agriculture,70,252,16,5,0,71,62.6,57.66,2025-12-31
C0695,Ladakh City 695,Ladakh,Tier 3,1696677,34.53,13853,24.090706,73.33468,13011,12,3.25,3.84,No,No,No,No,No,No,Yes,113,56,64,80,82,-2.25,2196,24.1,Agriculture,50,227,15,6,0,37,70.61,32.89,2025-12-31
C0696,Goa City 696,Goa,Tier 3,3763578,378.88,2963,25.182206,79.527224,2869,27,2.9,24.45,No,No,Yes,No,No,No,No,97,67,71,53,89,5.81,2499,29.8,Agriculture,19,34,17,10,0,61,68.66,11.02,2025-12-31
C0697,Manipur City 697,Manipur,Tier 3,1423431,74.74,1692,23.668775,79.878364,10353,26,5.62,5.27,No,No,No,No,No,No,No,188,58,89,79,87,2.56,799,24.0,Tourism,67,178,20,11,0,66,64.8,41.1,2025-12-31
C0698,Haryana City 698,Haryana,Tier 2,1552820,97.43,7527,29.61058,81.420062,10627,46,4.64,19.94,No,No,Yes,Yes,No,No,Yes,193,48,78,55,79,-2.78,1444,28.8,Tourism,38,178,3,8,0,26,76.17,55.63,2025-12-31
C0699,Karnataka City 699,Karnataka,Tier 3,4440346,79.26,3285,29.057464,86.507664,5239,41,4.01,22.61,No,No,Yes,Yes,No,Yes,No,243,44,55,67,71,5.65,3463,10.6,Manufacturing,18,237,14,1,0,47,71.99,43.62,2025-12-31
C0700,West City 700,West Bengal,Tier 3,4959022,127.63,13785,30.890241,70.593478,12564,28,4.98,16.25,No,No,Yes,No,No,Yes,No,79,18,75,51,57,-1.17,1087,29.7,Agriculture,6,137,17,4,0,73,97.42,28.44,2025-12-31
C0701,Rajasthan City 701,Rajasthan,Tier 3,1067224,144.37,7289,9.225614,69.713053,10501,28,5.31,23.97,No,No,Yes,Yes,No,No,No,45,66,58,69,63,7.72,946,20.0,Tourism,94,281,15,6,0,48,88.79,18.39,2025-12-31
C0702,Delhi City 702,Delhi,Tier 2,1870604,354.4,8650,28.89811,79.627354,5819,21,3.41,23.99,No,No,Yes,Yes,No,No,No,222,63,77,55,73,6.49,1295,21.3,Manufacturing,16,181,12,12,0,30,82.22,44.09,2025-12-31
C0703,Tamil City 703,Tamil Nadu,Tier 3,1020479,77.59,5054,15.136881,95.739045,11850,10,4.64,25.18,No,No,Yes,No,No,No,Yes,146,11,60,84,88,3.33,3236,26.3,Services,5,185,7,9,0,22,79.81,32.66,2025-12-31
C0704,Mizoram City 704,Mizoram,Tier 3,626196,413.99,11489,19.954051,69.013896,3517,47,6.0,13.96,No,No,No,Yes,No,No,No,134,63,66,52,73,11.45,253,14.7,Agriculture,22,261,6,0,0,33,65.42,35.18,2025-12-31
C0705,West City 705,West Bengal,Tier 2,4320725,440.01,4613,26.37904,87.616534,9226,15,4.12,17.45,No,No,No,Yes,No,Yes,No,177,61,52,76,81,3.03,2947,28.9,Agriculture,77,98,5,8,0,78,79.35,55.92,2025-12-31
C0706,Rajasthan City 706,Rajasthan,Tier 3,988566,432.17,4185,32.103586,90.240658,10608,55,5.57,4.25,No,No,No,Yes,No,No,No,80,11,77,85,85,11.78,3331,12.6,Services,39,27,6,9,0,26,82.44,55.6,2025-12-31
C0707,Chhattisgarh City 707,Chhattisgarh,Tier 3,1774248,287.74,7561,26.905088,78.415183,10188,22,4.93,6.59,No,No,No,No,No,No,Yes,242,26,56,64,50,6.08,2650,32.8,Tourism,29,272,20,13,0,2,67.08,17.66,2025-12-31
C0708,Himachal City 708,Himachal Pradesh,Tier 3,2268848,400.14,947,34.791061,69.966782,4591,63,5.48,26.85,No,No,Yes,No,No,No,No,64,10,67,67,54,-2.7,2997,27.3,Tourism,17,299,6,5,0,34,74.11,56.85,2025-12-31
C0709,Dadra City 709,Dadra and Nagar Haveli and Daman and Diu,Tier 2,549098,322.05,12007,25.867644,70.86493,12192,67,2.58,22.57,No,No,No,Yes,No,No,Yes,220,34,66,86,76,0.07,826,19.3,Services,43,83,5,9,0,1,70.07,63.4,2025-12-31
C0710,Maharashtra City 710,Maharashtra,Tier 2,3566638,76.85,9042,32.024679,69.496913,4952,27,3.53,13.06,No,No,No,Yes,No,Yes,No,33,19,84,75,78,7.42,795,11.4,Manufacturing,9,26,19,10,0,30,74.86,58.16,2025-12-31
C0711,Himachal City 711,Himachal Pradesh,Tier 2,4841918,199.38,7005,35.794649,84.918379,1963,29,3.86,18.23,No,No,Yes,Yes,No,Yes,No,92,18,71,86,50,-2.61,1989,15.4,Services,16,107,1,14,0,21,66.09,16.55,2025-12-31
C0712,Lakshadweep City 712,Lakshadweep,Tier 3,4801069,49.39,8644,21.705806,70.191545,8187,39,2.57,3.77,No,No,No,No,No,No,No,232,17,81,57,86,-0.49,3408,34.8,Agriculture,65,13,14,8,0,39,69.31,13.23,2025-12-31
C0713,Jharkhand City 713,Jharkhand,Tier 2,2579453,167.77,13186,34.989533,71.820594,7707,17,2.37,12.04,No,No,Yes,No,No,Yes,Yes,180,27,55,59,51,5.75,1349,28.5,Services,65,102,12,0,0,26,85.63,35.24,2025-12-31
C0714,Tamil City 714,Tamil Nadu,Tier 3,841661,135.59,2438,21.639418,70.288181,9428,46,5.27,21.66,No,No,Yes,Yes,No,No,No,241,54,72,87,84,2.26,1665,10.9,Agriculture,18,66,10,2,0,21,90.61,42.43,2025-12-31
C0715,Uttar City 715,Uttar Pradesh,Tier 3,4545124,445.9,4482,21.890115,80.410837,10216,51,3.69,6.57,No,No,No,Yes,No,Yes,No,109,39,66,51,82,8.24,1895,30.5,Agriculture,77,66,18,1,0,62,71.08,60.78,2025-12-31
C0716,Himachal City 716,Himachal Pradesh,Tier 2,3717358,171.36,1124,19.706254,89.372335,14318,41,5.73,23.1,No,No,Yes,No,No,Yes,Yes,231,30,64,67,84,1.04,1890,16.8,Agriculture,69,90,3,7,0,73,96.69,34.61,2025-12-31
C0717,Nagaland City 717,Nagaland,Tier 3,1622794,99.58,14319,8.282122,69.911624,4527,20,4.97,14.85,No,No,Yes,Yes,No,No,No,30,66,63,63,50,-2.09,174,23.7,Services,36,159,12,14,0,30,82.56,46.73,2025-12-31
C0718,Andhra City 718,Andhra Pradesh,Tier 2,1067689,148.5,6955,31.151315,68.671137,3312,32,4.27,22.29,No,No,Yes,Yes,No,Yes,No,81,69,79,87,84,11.18,2464,28.2,Agriculture,54,14,17,10,0,38,80.65,60.56,2025-12-31
C0719,Goa City 719,Goa,Tier 3,4076774,499.99,6665,15.103372,69.469204,11576,60,5.36,17.77,No,No,No,Yes,No,Yes,No,60,66,56,65,78,-1.76,493,23.1,Agriculture,45,57,19,11,0,33,72.53,18.49,2025-12-31
C0720,Punjab City 720,Punjab,Tier 2,202430,118.88,4556,31.342676,87.27719,2920,31,2.81,22.93,No,No,No,No,No,No,Yes,144,30,74,86,88,5.96,1260,24.6,Tourism,56,231,14,4,0,6,63.63,43.03,2025-12-31
C0721,Nagaland City 721,Nagaland,Tier 2,1218358,361.98,9132,34.397245,87.972832,4293,66,2.55,6.83,No,No,No,No,No,Yes,Yes,130,19,52,83,72,4.51,386,22.4,Tourism,22,249,7,11,0,24,75.64,19.59,2025-12-31
C0722,Manipur City 722,Manipur,Tier 3,3862067,38.18,5127,10.528508,85.972893,14441,43,5.8,16.64,No,No,No,Yes,No,Yes,No,47,50,61,90,70,2.19,173,17.2,Services,19,26,1,14,0,77,66.57,13.32,2025-12-31
C0723,West City 723,West Bengal,Tier 3,247397,55.28,2393,24.28517,83.148776,9308,13,2.12,21.76,No,No,Yes,Yes,No,Yes,No,47,32,55,58,51,6.82,1183,33.7,Tourism,6,264,13,13,0,41,68.53,58.89,2025-12-31
C0724,Mizoram City 724,Mizoram,Tier 3,3253069,370.94,14641,16.858384,73.153426,4164,70,3.76,29.63,No,No,No,No,No,Yes,Yes,189,15,71,65,50,2.49,3045,28.6,Manufacturing,98,168,15,4,0,33,68.93,43.5,2025-12-31
C0725,Uttarakhand City 725,Uttarakhand,Tier 2,4170224,499.61,9061,12.903231,95.265836,14200,14,5.0,3.96,No,No,No,Yes,No,No,No,30,42,75,76,74,11.02,2962,29.6,Manufacturing,21,151,2,14,0,52,92.39,36.52,2025-12-31
C0726,Nagaland City 726,Nagaland,Tier 3,4020369,249.53,1619,27.209352,84.767252,12271,21,3.45,1.29,No,No,Yes,No,No,No,No,67,18,65,70,67,9.18,1359,11.3,Services,99,203,17,4,0,14,65.73,30.18,2025-12-31
C0727,West City 727,West Bengal,Tier 3,3038696,106.9,4507,24.670129,72.989959,8348,50,4.76,24.07,No,No,Yes,Yes,No,Yes,No,228,22,84,85,55,4.97,1998,16.2,Services,34,167,7,10,0,75,89.98,40.03,2025-12-31
C0728,Chandigarh City 728,Chandigarh,Tier 2,593354,278.27,4842,25.013908,80.173488,2180,33,3.62,26.01,No,No,Yes,No,No,Yes,Yes,41,21,55,60,73,1.67,2789,28.7,Agriculture,97,105,7,0,0,15,86.91,13.06,2025-12-31
C0729,Andaman City 729,Andaman and Nicobar Islands,Tier 3,85159,417.18,4227,22.403467,70.913923,13760,49,5.49,11.67,No,No,Yes,Yes,No,Yes,Yes,208,22,56,88,78,5.26,2525,25.6,Agriculture,15,55,8,1,0,1,67.97,65.14,2025-12-31
C0730,Ladakh City 730,Ladakh,Tier 2,2069153,80.26,11602,22.395078,70.868142,9445,56,4.61,12.57,No,No,Yes,No,No,Yes,No,205,55,89,53,82,0.88,2483,26.2,Services,72,178,11,0,0,80,64.58,22.36,2025-12-31
C0731,Delhi City 731,Delhi,Tier 3,1924492,188.72,3013,28.478895,68.656381,4527,43,4.11,26.04,No,No,No,Yes,No,No,Yes,229,39,88,53,64,4.02,1801,12.6,Agriculture,75,272,3,15,0,19,64.93,22.17,2025-12-31
C0732,Tripura City 732,Tripura,Tier 3,4085941,260.49,2276,23.528741,82.069775,5514,10,3.79,12.69,No,No,Yes,Yes,No,Yes,No,170,10,85,73,72,3.98,2150,10.8,Manufacturing,88,141,9,6,0,17,68.1,33.72,2025-12-31
C0733,Kerala City 733,Kerala,Tier 2,1069565,213.63,923,30.890918,79.149101,12759,56,3.53,10.7,No,No,No,No,No,No,No,35,34,78,72,54,3.55,2926,13.0,Tourism,94,82,2,10,0,7,87.96,60.32,2025-12-31
C0734,Punjab City 734,Punjab,Tier 2,3308095,64.17,8169,34.904566,74.309983,7763,10,5.92,28.66,No,No,No,Yes,No,No,Yes,209,57,57,89,84,9.99,2467,13.4,Tourism,69,43,7,0,0,1,71.45,16.43,2025-12-31
C0735,West City 735,West Bengal,Tier 2,179774,178.7,4045,9.358671,70.927086,2967,32,3.91,11.07,No,No,No,No,No,No,Yes,89,52,89,71,64,1.65,471,12.3,Tourism,7,70,8,15,0,53,69.86,69.62,2025-12-31
C0736,Puducherry City 736,Puducherry,Tier 3,1075754,180.43,4343,24.002476,77.307597,14332,66,5.46,4.28,No,No,Yes,No,No,No,No,236,16,58,64,87,2.58,2405,22.4,Agriculture,48,195,8,4,0,48,92.46,48.37,2025-12-31
C0737,Jammu City 737,Jammu and Kashmir,Tier 2,1954908,375.15,609,12.45174,90.816269,8929,56,4.95,29.73,No,No,No,No,No,No,No,66,12,72,54,78,-1.47,1986,15.1,Services,20,195,12,8,0,61,80.2,48.47,2025-12-31
C0738,Manipur City 738,Manipur,Tier 3,563394,131.76,8273,17.223455,96.382304,10484,9,5.11,26.68,No,No,No,Yes,No,No,No,210,39,61,74,53,-0.57,807,18.3,Services,92,280,12,4,0,57,67.07,40.97,2025-12-31
C0739,Punjab City 739,Punjab,Tier 2,3813925,225.81,4407,11.947096,80.914267,7980,51,2.83,14.45,No,No,Yes,Yes,No,No,Yes,216,45,75,80,76,7.37,1566,25.1,Manufacturing,72,230,16,15,0,77,61.98,63.76,2025-12-31
C0740,Arunachal City 740,Arunachal Pradesh,Tier 3,4387014,461.71,8874,36.815796,85.148332,5629,19,2.23,10.17,No,No,No,Yes,No,No,Yes,118,60,51,83,88,8.58,2042,15.0,Services,100,52,10,14,0,54,96.16,56.59,2025-12-31
C0741,Rajasthan City 741,Rajasthan,Tier 2,2748355,223.4,1246,29.365616,82.505557,9391,39,4.84,10.46,No,No,Yes,No,No,Yes,Yes,91,63,83,66,59,9.68,2053,15.3,Services,100,76,14,6,0,23,62.27,20.56,2025-12-31
C0742,Jharkhand City 742,Jharkhand,Tier 3,916437,80.02,1528,32.241582,92.073837,12470,64,3.96,18.28,No,No,No,Yes,No,No,Yes,44,59,68,60,89,10.25,1623,12.9,Tourism,75,216,18,7,0,4,74.24,66.4,2025-12-31
C0743,West City 743,West Bengal,Tier 2,1789212,304.72,13513,13.195965,68.858051,4752,55,3.65,28.84,No,No,Yes,Yes,No,No,Yes,203,35,67,81,54,-2.09,2337,10.6,Agriculture,62,247,0,6,0,10,75.2,21.64,2025-12-31
C0744,Assam City 744,Assam,Tier 3,140431,472.44,5071,24.915773,74.051679,8570,61,3.84,7.76,No,No,No,No,No,Yes,Yes,250,61,78,60,86,1.18,1916,20.8,Manufacturing,76,12,17,7,0,72,61.24,33.86,2025-12-31
C0745,Rajasthan City 745,Rajasthan,Tier 3,560577,103.45,6031,25.857685,85.769697,10811,28,2.43,18.19,No,No,Yes,Yes,No,No,Yes,224,41,61,84,55,-0.6,2445,12.9,Services,33,188,20,1,0,38,97.05,43.79,2025-12-31
C0746,West City 746,West Bengal,Tier 2,1102255,420.31,12072,20.173658,79.458853,7225,60,2.69,25.92,No,No,No,No,No,Yes,No,97,49,90,87,73,-2.65,3060,10.0,Services,43,11,13,15,0,46,88.63,60.79,2025-12-31
C0747,Arunachal City 747,Arunachal Pradesh,Tier 2,424088,286.45,11197,28.731184,70.995199,4614,46,2.19,5.75,No,No,Yes,No,No,No,Yes,188,12,67,66,84,5.59,241,24.6,Manufacturing,25,188,6,7,0,26,66.59,67.44,2025-12-31
C0748,Meghalaya City 748,Meghalaya,Tier 3,614013,49.15,13564,18.852947,86.907305,7229,30,5.41,1.97,No,No,Yes,No,No,No,No,233,55,52,64,75,5.71,3430,23.9,Tourism,93,116,19,6,0,31,67.32,19.73,2025-12-31
C0749,Meghalaya City 749,Meghalaya,Tier 3,1419116,308.28,2466,8.210031,83.584705,7482,44,4.99,16.24,No,No,Yes,Yes,No,Yes,No,222,27,55,60,87,-2.14,3295,18.3,Services,45,78,1,3,0,18,69.22,39.78,2025-12-31
C0750,Madhya City 750,Madhya Pradesh,Tier 2,4085944,246.1,9933,18.779163,72.64154,2043,32,2.73,23.29,No,No,No,Yes,No,Yes,No,117,49,56,87,58,-0.29,1928,11.9,Manufacturing,17,256,11,7,0,51,64.87,35.41,2025-12-31
C0751,Nagaland City 751,Nagaland,Tier 3,2721787,101.04,14276,22.752182,94.616477,5926,32,2.41,27.19,No,No,Yes,No,No,Yes,No,237,59,64,51,50,5.57,748,26.5,Tourism,45,80,8,1,0,24,66.32,16.35,2025-12-31
C0752,Tamil City 752,Tamil Nadu,Tier 2,2833884,196.67,5506,10.728527,74.086628,14446,16,2.4,19.27,No,No,No,Yes,No,Yes,No,154,68,87,79,90,-0.91,2009,25.1,Manufacturing,52,138,4,4,0,11,79.07,24.18,2025-12-31
C0753,Mizoram City 753,Mizoram,Tier 3,4577336,401.87,9978,13.229648,94.902457,1921,27,5.09,14.6,No,No,Yes,No,No,No,No,242,46,62,63,65,8.36,2512,24.7,Services,50,58,11,1,0,21,72.93,52.98,2025-12-31
C0754,Odisha City 754,Odisha,Tier 3,2356339,56.95,8815,17.672763,82.600229,14651,30,4.94,16.01,No,No,Yes,No,No,No,No,64,35,61,51,82,0.99,2075,13.1,Manufacturing,51,166,6,10,0,47,63.05,45.14,2025-12-31
C0755,Karnataka City 755,Karnataka,Tier 2,1497987,116.28,6040,8.250063,71.082397,4804,30,4.92,19.98,No,No,No,Yes,No,No,No,74,45,76,62,87,8.41,838,26.2,Agriculture,26,93,7,8,0,11,70.92,44.4,2025-12-31
C0756,Andhra City 756,Andhra Pradesh,Tier 2,3552289,215.38,13922,28.115098,69.152966,8515,33,2.0,27.57,No,No,No,Yes,No,No,No,79,21,54,80,68,6.71,176,27.9,Agriculture,11,53,18,7,0,31,74.09,22.05,2025-12-31
C0757,Kerala City 757,Kerala,Tier 2,1394879,170.0,7896,10.715738,95.539494,5440,32,5.41,20.91,No,No,No,Yes,No,Yes,No,154,52,52,70,75,1.21,554,33.1,Services,12,252,13,4,0,50,70.69,52.52,2025-12-31
C0758,Tamil City 758,Tamil Nadu,Tier 2,173525,299.05,4039,21.427836,73.796671,8741,13,3.78,12.88,No,No,Yes,Yes,No,Yes,Yes,80,60,76,57,50,6.64,3346,25.4,Tourism,96,57,13,9,0,17,95.67,52.92,2025-12-31
C0759,Tripura City 759,Tripura,Tier 3,2365438,452.97,5013,11.372822,89.717108,9332,19,3.86,19.82,No,No,No,No,No,No,No,222,12,77,63,66,6.07,837,25.6,Agriculture,40,229,2,15,0,41,92.62,16.01,2025-12-31
C0760,Dadra City 760,Dadra and Nagar Haveli and Daman and Diu,Tier 3,215866,499.06,13995,32.540696,85.971954,11050,20,2.69,20.98,No,No,Yes,Yes,No,No,Yes,143,29,67,67,54,8.53,789,15.5,Tourism,59,181,6,12,0,73,69.71,44.22,2025-12-31
C0761,Andhra City 761,Andhra Pradesh,Tier 2,3060968,440.85,12960,23.54592,89.615361,8001,61,5.04,12.66,No,No,Yes,No,No,No,Yes,80,43,77,67,54,6.79,113,24.9,Manufacturing,69,182,20,10,0,61,88.19,26.08,2025-12-31
C0762,Goa City 762,Goa,Tier 3,2386454,140.19,13083,25.109025,68.4641,14875,10,4.33,6.77,No,No,Yes,No,No,No,Yes,108,41,90,76,56,1.4,1966,22.6,Tourism,40,118,14,1,0,50,87.65,14.94,2025-12-31
C0763,Delhi City 763,Delhi,Tier 3,3536622,150.51,7084,32.62331,71.809835,8152,56,2.94,16.69,No,No,Yes,No,No,No,Yes,162,33,83,88,86,-2.5,344,13.7,Services,94,95,18,3,0,1,89.53,28.48,2025-12-31
C0764,Assam City 764,Assam,Tier 3,4765231,210.98,5052,36.312497,78.536887,14135,64,3.71,10.26,No,No,Yes,Yes,No,Yes,No,98,68,77,87,82,0.68,210,19.9,Services,90,118,0,12,0,60,86.63,63.26,2025-12-31
C0765,Haryana City 765,Haryana,Tier 2,1585420,375.4,7191,19.899066,92.871029,11214,49,3.12,2.62,No,No,Yes,No,No,No,No,85,42,71,88,52,2.81,3177,15.1,Services,31,165,5,15,0,51,60.91,60.63,2025-12-31
C0766,Rajasthan City 766,Rajasthan,Tier 2,2589091,298.37,2577,32.024639,88.13961,2761,24,4.59,16.92,No,No,Yes,No,No,No,Yes,134,35,63,61,53,8.44,1747,29.1,Agriculture,65,108,18,5,0,65,91.89,14.81,2025-12-31
C0767,Lakshadweep City 767,Lakshadweep,Tier 2,4164931,86.4,2821,20.141707,77.362887,14406,21,5.09,7.15,No,No,Yes,No,No,Yes,No,240,63,69,89,66,-0.43,2505,17.3,Agriculture,31,284,7,2,0,30,96.39,28.15,2025-12-31
C0768,Arunachal City 768,Arunachal Pradesh,Tier 2,2417910,198.63,9566,25.704378,80.137857,2238,32,4.4,2.09,No,No,No,No,No,Yes,Yes,124,26,88,83,60,11.38,1212,15.8,Tourism,89,135,1,4,0,9,77.7,42.33,2025-12-31
C0769,Uttarakhand City 769,Uttarakhand,Tier 3,4261063,434.22,391,19.204574,78.93025,12300,25,4.65,20.4,No,No,No,Yes,No,Yes,No,196,64,66,87,59,10.52,2778,22.8,Tourism,5,112,14,1,0,14,78.09,66.21,2025-12-31
C0770,Jharkhand City 770,Jharkhand,Tier 3,2552689,49.99,14715,9.389799,68.901547,12107,42,2.13,19.29,No,No,Yes,No,No,Yes,No,68,43,60,88,76,5.25,2767,31.8,Tourism,43,279,10,0,0,2,77.39,40.98,2025-12-31
C0771,Sikkim City 771,Sikkim,Tier 2,3966864,326.73,1755,10.182597,83.65527,8730,67,4.37,3.55,No,No,No,Yes,No,Yes,No,133,35,58,50,85,-2.5,646,31.0,Manufacturing,84,71,14,1,0,22,97.78,35.28,2025-12-31
C0772,Mizoram City 772,Mizoram,Tier 3,2309249,132.62,13457,25.251001,86.276208,4812,49,3.01,29.95,No,No,No,Yes,No,Yes,Yes,32,57,68,59,69,-0.57,1631,15.4,Agriculture,79,56,4,7,0,58,73.84,10.54,2025-12-31
C0773,Dadra City 773,Dadra and Nagar Haveli and Daman and Diu,Tier 3,4830468,242.13,13782,31.674509,88.422263,5894,47,3.51,22.88,No,No,Yes,Yes,No,No,Yes,126,30,58,69,52,2.28,1010,27.5,Services,37,266,2,14,0,47,89.6,26.7,2025-12-31
C0774,Arunachal City 774,Arunachal Pradesh,Tier 2,3406347,418.72,4756,32.371604,94.066982,10758,17,2.48,26.25,No,No,No,No,No,Yes,No,100,70,75,76,59,11.99,620,15.8,Agriculture,53,216,14,13,0,36,82.24,17.76,2025-12-31
C0775,Punjab City 775,Punjab,Tier 3,1511124,93.4,1127,35.58816,73.393862,10392,32,2.74,28.85,No,No,Yes,Yes,No,No,No,131,14,79,86,87,3.12,874,32.3,Services,83,89,18,7,0,27,72.18,43.17,2025-12-31
C0776,Ladakh City 776,Ladakh,Tier 3,4713880,271.94,11934,22.367534,85.716536,7897,66,5.12,0.57,No,No,Yes,Yes,No,No,Yes,42,43,66,88,65,-1.57,919,25.1,Manufacturing,81,53,4,4,0,51,60.37,10.27,2025-12-31
C0777,Chhattisgarh City 777,Chhattisgarh,Tier 3,2545534,53.35,11084,28.253459,94.968441,4205,61,4.47,22.46,No,No,Yes,No,No,Yes,Yes,102,56,86,54,63,1.51,168,15.1,Services,46,87,20,15,0,16,61.26,46.77,2025-12-31
C0778,West City 778,West Bengal,Tier 3,3269081,169.65,12461,30.791225,95.254828,4018,26,5.63,10.02,No,No,Yes,Yes,No,Yes,Yes,116,63,64,51,86,10.99,1847,20.7,Agriculture,84,143,17,12,0,16,94.78,44.1,2025-12-31
C0779,Lakshadweep City 779,Lakshadweep,Tier 2,3153965,219.08,2457,33.501056,70.470077,12595,31,2.98,28.07,No,No,No,No,No,No,Yes,164,37,86,71,80,-0.71,3231,26.3,Tourism,5,168,7,9,0,62,69.79,52.65,2025-12-31
C0780,Rajasthan City 780,Rajasthan,Tier 2,658531,338.62,8199,27.153808,77.156708,8430,14,2.05,14.99,No,No,No,Yes,No,Yes,Yes,157,32,53,64,76,-1.71,2457,29.0,Manufacturing,10,85,10,2,0,75,67.53,39.06,2025-12-31
C0781,Maharashtra City 781,Maharashtra,Tier 3,388184,119.24,12289,13.331606,76.523773,6887,25,5.39,8.74,No,No,Yes,No,No,No,No,36,38,84,76,58,8.62,1391,34.7,Agriculture,93,250,13,10,0,9,89.54,46.5,2025-12-31
C0782,Ladakh City 782,Ladakh,Tier 2,4725500,431.07,6153,10.605024,88.157219,12571,18,5.46,17.87,No,No,Yes,No,No,No,No,79,26,52,88,54,5.38,1550,22.7,Tourism,49,288,2,3,0,41,94.02,37.11,2025-12-31
C0783,Nagaland City 783,Nagaland,Tier 3,3118094,146.97,11218,11.392222,79.552779,12394,39,5.29,0.28,No,No,No,Yes,No,Yes,Yes,213,29,70,69,57,5.09,175,34.9,Manufacturing,82,289,4,5,0,10,90.56,11.45,2025-12-31
C0784,Maharashtra City 784,Maharashtra,Tier 3,3352227,391.4,12869,35.253378,89.210163,5708,40,3.49,24.66,No,No,No,No,No,Yes,No,166,44,50,59,75,1.83,2590,27.4,Agriculture,53,154,13,6,0,26,87.45,30.55,2025-12-31
C0785,Uttarakhand City 785,Uttarakhand,Tier 2,1728455,56.08,3410,25.542141,81.58426,6119,62,2.08,27.25,No,No,Yes,No,No,No,Yes,159,56,88,85,80,11.89,274,24.9,Agriculture,91,70,19,2,0,69,91.89,59.34,2025-12-31
C0786,Odisha City 786,Odisha,Tier 2,711532,73.18,11453,32.828607,72.212524,8186,32,2.4,10.19,No,No,No,No,No,Yes,No,71,61,75,65,61,6.87,556,24.8,Services,9,161,14,5,0,18,60.69,23.55,2025-12-31
C0787,Ladakh City 787,Ladakh,Tier 2,4043386,254.38,4766,18.537396,76.076962,9668,54,4.79,23.74,No,No,Yes,Yes,No,Yes,No,222,14,68,74,54,9.34,2444,18.5,Manufacturing,78,149,13,15,0,49,97.92,17.94,2025-12-31
C0788,Uttarakhand City 788,Uttarakhand,Tier 2,2132028,183.56,12734,24.710323,94.762624,7752,22,5.9,4.31,No,No,No,Yes,No,No,Yes,63,33,81,85,78,-2.91,1690,22.9,Agriculture,47,36,12,7,0,5,75.06,24.32,2025-12-31
C0789,Andhra City 789,Andhra Pradesh,Tier 3,419239,90.75,8998,33.725883,70.544171,12175,35,3.06,0.44,No,No,Yes,Yes,No,Yes,Yes,181,17,60,53,65,6.59,686,19.1,Agriculture,82,144,10,5,0,25,89.16,37.6,2025-12-31
C0790,Telangana City 790,Telangana,Tier 3,3125834,138.69,2136,24.659865,91.907015,8229,10,2.2,21.55,No,No,No,Yes,No,Yes,No,119,68,81,68,70,0.87,1219,34.5,Manufacturing,10,173,9,9,0,36,95.18,23.51,2025-12-31
C0791,Goa City 791,Goa,Tier 2,4726128,37.66,9492,11.502493,83.892696,8178,30,4.52,15.98,No,No,No,No,No,No,No,133,20,60,88,73,-0.76,2120,25.4,Agriculture,45,218,12,0,0,30,96.84,34.5,2025-12-31
C0792,Uttarakhand City 792,Uttarakhand,Tier 2,2647087,284.63,799,20.981704,76.593648,12291,17,5.03,27.07,No,No,No,Yes,No,Yes,Yes,120,61,54,73,82,2.48,390,19.4,Manufacturing,92,12,2,14,0,29,85.82,48.09,2025-12-31
C0793,Goa City 793,Goa,Tier 3,4219561,410.21,5477,20.274156,78.058969,9009,44,2.25,4.04,No,No,No,No,No,Yes,Yes,92,47,70,69,78,5.51,331,27.7,Tourism,98,197,6,3,0,40,86.39,69.25,2025-12-31
C0794,Jammu City 794,Jammu and Kashmir,Tier 2,2728632,369.66,2317,24.607416,89.324852,14226,49,5.73,19.19,No,No,No,No,No,No,No,178,23,77,71,74,10.28,2368,15.9,Tourism,96,263,8,14,0,50,80.78,10.41,2025-12-31
C0795,Jammu City 795,Jammu and Kashmir,Tier 2,1608061,486.17,12523,28.127884,92.579384,14928,54,2.35,8.11,No,No,Yes,Yes,No,Yes,Yes,36,48,73,77,81,0.63,876,31.3,Manufacturing,93,255,6,4,0,26,81.49,61.64,2025-12-31
C0796,Odisha City 796,Odisha,Tier 3,384857,117.44,9486,34.725222,77.34264,14302,18,5.26,28.06,No,No,No,No,No,Yes,No,72,38,80,65,89,11.0,753,15.6,Tourism,88,82,1,4,0,30,86.07,11.3,2025-12-31
C0797,Gujarat City 797,Gujarat,Tier 3,51115,60.67,10406,13.478067,90.073216,4670,41,3.12,4.32,No,No,No,No,No,Yes,Yes,185,10,80,71,70,9.93,1444,31.1,Tourism,21,209,1,14,0,41,76.58,51.38,2025-12-31
C0798,Chhattisgarh City 798,Chhattisgarh,Tier 2,4673080,480.92,2336,8.854179,88.782009,8244,58,3.14,7.53,No,No,Yes,Yes,No,No,Yes,62,41,78,79,79,0.28,408,20.4,Agriculture,55,215,9,15,0,3,95.17,36.58,2025-12-31
C0799,Maharashtra City 799,Maharashtra,Tier 3,489227,141.88,13367,9.002043,85.816518,4576,47,4.01,9.27,No,No,No,Yes,No,Yes,No,232,55,69,53,58,10.47,1206,10.5,Services,65,197,16,5,0,54,77.23,18.26,2025-12-31
C0800,Andhra City 800,Andhra Pradesh,Tier 3,1391347,36.48,955,15.108198,79.740301,14986,40,4.65,10.83,No,No,No,No,No,No,Yes,102,46,78,67,70,5.93,2744,24.7,Agriculture,71,121,18,15,0,73,91.87,52.48,2025-12-31
C0801,Chhattisgarh City 801,Chhattisgarh,Tier 3,4295357,230.81,9954,29.462692,93.773578,6937,8,5.47,18.0,No,No,Yes,Yes,No,No,No,105,23,58,58,64,11.63,1153,32.3,Agriculture,21,61,5,2,0,13,72.52,27.3,2025-12-31
C0802,Sikkim City 802,Sikkim,Tier 2,2159548,37.65,11765,10.123792,87.866624,8958,55,4.8,27.59,No,No,Yes,Yes,No,Yes,No,157,29,61,90,60,2.12,3029,21.5,Services,13,272,16,4,0,16,67.79,41.55,2025-12-31
C0803,Lakshadweep City 803,Lakshadweep,Tier 3,534933,185.02,9256,36.203403,76.41357,8155,41,2.2,20.99,No,No,Yes,No,No,No,No,108,39,86,88,84,11.59,1210,19.8,Tourism,70,229,14,8,0,72,89.45,33.21,2025-12-31
C0804,Lakshadweep City 804,Lakshadweep,Tier 2,81099,432.47,14358,34.631534,72.470793,8271,59,2.48,25.21,No,No,Yes,Yes,No,No,Yes,128,35,58,50,56,3.28,1559,32.5,Services,92,269,13,8,0,42,78.97,65.61,2025-12-31
C0805,Uttar City 805,Uttar Pradesh,Tier 3,2799603,383.26,6173,33.765557,78.209887,4620,24,3.88,8.38,No,No,Yes,Yes,No,No,No,116,43,76,83,58,1.37,335,18.9,Services,53,190,8,10,0,13,65.85,63.51,2025-12-31
C0806,Punjab City 806,Punjab,Tier 3,626390,391.82,9945,25.737048,95.055648,1880,17,5.21,25.03,No,No,Yes,No,No,No,Yes,161,59,64,70,80,10.01,3090,11.6,Agriculture,36,219,6,1,0,79,71.34,66.2,2025-12-31
C0807,Jharkhand City 807,Jharkhand,Tier 2,4350793,332.2,1295,13.027396,91.122095,7252,54,2.19,18.42,No,No,Yes,Yes,No,No,Yes,84,27,87,50,87,8.55,2713,11.7,Services,81,258,18,15,0,17,91.95,30.2,2025-12-31
C0808,Jharkhand City 808,Jharkhand,Tier 3,968685,128.58,6677,25.672394,83.272176,6695,28,5.66,14.03,No,No,No,No,No,No,No,160,10,86,70,81,6.6,1012,24.3,Agriculture,48,290,1,4,0,55,60.04,53.03,2025-12-31
C0809,Mizoram City 809,Mizoram,Tier 3,1284290,335.82,13550,32.84179,91.241493,3274,30,5.65,18.09,No,No,Yes,No,No,No,Yes,149,22,69,59,52,0.41,2408,28.6,Services,65,156,17,13,0,58,73.78,31.92,2025-12-31
C0810,Haryana City 810,Haryana,Tier 3,609467,271.34,7269,29.396608,96.809465,13051,41,4.89,6.2,No,No,Yes,No,No,No,No,57,46,76,60,65,6.7,1000,14.2,Services,8,194,17,12,0,79,88.76,19.94,2025-12-31
C0811,Uttarakhand City 811,Uttarakhand,Tier 3,2503966,466.2,3737,10.861052,96.483515,4953,52,2.01,12.21,No,No,Yes,Yes,No,No,Yes,237,43,55,79,84,4.51,1307,29.5,Services,51,184,18,9,0,53,83.67,45.62,2025-12-31
C0812,Arunachal City 812,Arunachal Pradesh,Tier 3,1331465,140.72,7839,29.023049,74.381844,9562,15,3.8,15.18,No,No,Yes,Yes,No,Yes,Yes,150,53,86,53,52,7.63,3362,29.1,Services,45,149,17,14,0,7,85.5,43.13,2025-12-31
C0813,Jammu City 813,Jammu and Kashmir,Tier 3,4923151,181.79,4551,10.047438,90.940789,8693,39,3.26,6.24,No,No,Yes,Yes,No,No,Yes,148,42,54,72,87,-2.03,2123,25.1,Tourism,52,271,19,12,0,21,75.39,43.0,2025-12-31
C0814,Chandigarh City 814,Chandigarh,Tier 3,4667878,270.51,7034,13.955528,68.66277,4348,69,2.07,14.47,No,No,Yes,Yes,No,Yes,No,204,16,61,57,90,8.8,2568,10.7,Tourism,99,55,17,3,0,19,95.28,48.82,2025-12-31
C0815,Lakshadweep City 815,Lakshadweep,Tier 3,874528,270.05,2492,31.648901,68.770034,9802,8,5.66,11.76,No,No,Yes,Yes,No,Yes,No,180,18,64,80,59,5.84,689,19.7,Manufacturing,33,150,16,13,0,38,83.08,37.25,2025-12-31
C0816,Assam City 816,Assam,Tier 2,2702333,50.79,8341,17.509205,82.819942,8579,63,4.07,21.94,No,No,Yes,Yes,No,No,No,206,38,50,81,78,0.54,515,29.1,Manufacturing,17,175,10,10,0,80,61.62,60.65,2025-12-31
C0817,Rajasthan City 817,Rajasthan,Tier 3,324597,198.01,10846,10.71481,81.874793,11687,51,5.51,6.83,No,No,No,No,No,No,Yes,109,33,82,84,63,-1.43,412,17.8,Tourism,66,36,20,3,0,19,95.58,68.67,2025-12-31
C0818,Rajasthan City 818,Rajasthan,Tier 2,1714736,218.28,7573,11.301094,86.205771,8247,60,5.74,16.11,No,No,Yes,Yes,No,No,No,188,38,84,53,59,0.48,1339,30.1,Tourism,50,228,16,9,0,33,75.66,38.38,2025-12-31
C0819,Odisha City 819,Odisha,Tier 2,1995339,415.12,7234,29.043248,80.390916,6685,60,2.09,13.07,No,No,Yes,No,No,No,Yes,224,41,82,63,57,2.33,2140,19.2,Manufacturing,81,85,14,7,0,13,79.34,67.7,2025-12-31
C0820,Maharashtra City 820,Maharashtra,Tier 2,1196765,295.52,1753,17.611375,78.680374,13354,50,3.22,5.08,No,No,Yes,Yes,No,Yes,No,53,34,73,54,85,2.2,3126,16.4,Manufacturing,79,231,12,0,0,59,94.59,27.99,2025-12-31
C0821,Tripura City 821,Tripura,Tier 3,2185807,212.72,12213,11.54762,89.547304,11176,30,4.18,19.58,No,No,No,No,No,Yes,No,46,38,50,71,50,11.22,778,11.9,Agriculture,56,299,17,2,0,36,93.87,15.93,2025-12-31
C0822,Punjab City 822,Punjab,Tier 3,4072444,211.7,14871,9.698635,85.133163,11015,21,4.78,24.36,No,No,No,Yes,No,Yes,Yes,167,35,68,90,65,11.57,3256,33.4,Manufacturing,59,188,0,12,0,23,64.43,63.44,2025-12-31
C0823,Uttarakhand City 823,Uttarakhand,Tier 3,3845173,246.05,10126,29.641392,96.708483,8580,35,5.81,0.24,No,No,No,No,No,Yes,No,74,61,52,58,58,-1.0,2962,34.5,Tourism,83,288,1,2,0,26,87.56,68.32,2025-12-31
C0824,Dadra City 824,Dadra and Nagar Haveli and Daman and Diu,Tier 2,3581402,259.46,10412,29.470712,70.719833,9211,47,2.29,4.66,No,No,No,No,No,No,Yes,100,28,51,89,60,0.17,3282,31.5,Agriculture,63,165,12,11,0,55,93.5,18.41,2025-12-31
C0825,Tripura City 825,Tripura,Tier 2,973113,288.31,4335,22.198871,71.71898,5374,12,4.27,23.51,No,No,No,No,No,No,No,179,58,60,90,61,4.29,1896,19.4,Tourism,16,162,19,1,0,3,68.22,61.5,2025-12-31
C0826,Dadra City 826,Dadra and Nagar Haveli and Daman and Diu,Tier 3,70804,487.22,12472,31.245867,77.954977,13737,54,5.92,24.99,No,No,No,No,No,No,No,153,19,61,84,84,0.43,103,17.5,Manufacturing,34,43,8,11,0,35,74.36,54.34,2025-12-31
C0827,Goa City 827,Goa,Tier 3,4095001,167.43,13889,13.741218,78.370345,3675,24,4.79,17.73,No,No,No,No,No,Yes,Yes,64,65,50,68,50,5.75,1269,16.1,Services,88,232,13,3,0,65,67.38,51.9,2025-12-31
C0828,Telangana City 828,Telangana,Tier 2,551425,76.96,11714,23.541493,95.985847,3205,27,2.82,2.71,No,No,Yes,Yes,No,No,Yes,140,40,84,76,60,6.47,3377,10.4,Agriculture,75,243,3,1,0,78,85.51,47.85,2025-12-31
C0829,Rajasthan City 829,Rajasthan,Tier 3,2576584,90.57,12767,21.170104,69.533492,12323,43,4.61,0.27,No,No,No,Yes,No,Yes,Yes,125,70,66,61,62,-2.82,236,11.3,Manufacturing,11,104,16,13,0,42,97.12,51.48,2025-12-31
C0830,Sikkim City 830,Sikkim,Tier 2,2788384,460.29,2562,12.877791,89.486113,3370,26,5.15,1.01,No,No,No,No,No,Yes,Yes,110,14,66,70,87,5.5,178,12.4,Services,59,137,6,4,0,16,65.16,18.2,2025-12-31
C0831,Assam City 831,Assam,Tier 2,2730295,139.09,9919,11.784259,87.280338,2573,31,3.51,19.72,No,No,Yes,Yes,No,Yes,Yes,224,23,66,84,69,0.14,2458,12.5,Manufacturing,87,99,11,5,0,66,74.4,68.37,2025-12-31
C0832,Maharashtra City 832,Maharashtra,Tier 2,2090587,374.48,4464,17.730517,92.937633,12929,26,3.33,6.65,No,No,Yes,No,No,No,No,186,38,77,50,61,0.96,2197,20.8,Manufacturing,39,99,1,11,0,31,76.62,37.23,2025-12-31
C0833,Ladakh City 833,Ladakh,Tier 2,2371361,341.08,9313,26.472311,78.455173,11988,38,5.32,10.82,No,No,Yes,No,No,Yes,No,133,33,71,86,54,1.01,3229,32.4,Manufacturing,52,136,20,1,0,79,94.81,34.99,2025-12-31
C0834,Gujarat City 834,Gujarat,Tier 3,4015567,397.9,6353,14.356089,79.725274,11329,52,3.48,8.8,No,No,No,No,No,No,No,214,30,64,71,63,5.42,2962,27.2,Services,21,292,10,7,0,19,71.01,62.65,2025-12-31
C0835,Tripura City 835,Tripura,Tier 3,1314453,169.97,5850,21.769811,72.542973,9298,63,4.58,28.03,No,No,Yes,Yes,No,No,No,84,70,68,76,85,1.93,3168,20.7,Agriculture,57,61,12,4,0,37,81.49,45.41,2025-12-31
C0836,Meghalaya City 836,Meghalaya,Tier 2,3533625,75.21,14397,14.513499,95.443876,3164,14,3.57,23.49,No,No,Yes,No,No,Yes,Yes,92,11,81,63,80,-1.04,341,21.8,Manufacturing,5,58,8,13,0,61,96.44,64.23,2025-12-31
C0837,Arunachal City 837,Arunachal Pradesh,Tier 2,3293014,374.0,9701,14.032186,71.822632,3806,70,3.14,23.56,No,No,No,No,No,No,Yes,112,51,67,59,87,11.87,2692,14.1,Tourism,49,217,6,6,0,76,64.14,18.32,2025-12-31
C0838,Punjab City 838,Punjab,Tier 2,1855493,215.84,9682,15.60567,92.547936,3109,50,2.44,19.33,No,No,No,No,No,No,Yes,188,36,78,51,76,7.23,2355,15.6,Tourism,33,66,1,3,0,49,64.08,30.99,2025-12-31
C0839,Arunachal City 839,Arunachal Pradesh,Tier 2,3416785,394.75,4345,24.462908,75.891151,11386,10,5.05,2.62,No,No,Yes,Yes,No,No,No,85,40,76,80,63,11.35,1220,23.3,Agriculture,41,33,18,8,0,11,87.68,67.3,2025-12-31
C0840,West City 840,West Bengal,Tier 3,1866218,47.72,4413,34.352582,70.643086,8361,8,5.9,17.43,No,No,Yes,Yes,No,Yes,No,197,67,60,52,59,4.94,1808,31.3,Agriculture,56,288,1,2,0,79,82.88,24.79,2025-12-31
C0841,Jharkhand City 841,Jharkhand,Tier 2,1732521,151.17,14968,29.538822,77.544672,10868,24,5.55,29.89,No,No,Yes,No,No,Yes,Yes,138,13,80,86,56,4.28,2523,12.5,Services,12,50,10,15,0,12,92.5,63.03,2025-12-31
C0842,Puducherry City 842,Puducherry,Tier 2,1755220,442.15,13123,28.457334,84.906036,6869,67,5.39,0.68,No,No,Yes,No,No,No,Yes,71,69,83,85,55,1.34,588,13.3,Services,85,163,10,4,0,62,95.49,14.5,2025-12-31
C0843,Maharashtra City 843,Maharashtra,Tier 3,4046642,429.09,6337,22.234925,76.542357,8823,20,4.42,7.32,No,No,Yes,Yes,No,No,No,187,17,74,57,86,11.98,793,16.2,Manufacturing,20,188,9,1,0,9,86.98,14.94,2025-12-31
C0844,Sikkim City 844,Sikkim,Tier 2,2830792,54.16,10078,27.240324,96.008541,4839,32,2.27,16.53,No,No,No,No,No,Yes,No,74,58,81,69,54,-2.97,2692,19.1,Services,97,43,14,8,0,66,79.98,64.59,2025-12-31
C0845,West City 845,West Bengal,Tier 3,2418326,268.14,10095,14.406266,69.692275,7849,14,4.36,18.93,No,No,No,No,No,No,No,199,68,75,63,73,2.46,2167,17.4,Manufacturing,28,239,20,2,0,58,65.93,34.25,2025-12-31
C0846,Telangana City 846,Telangana,Tier 3,3128269,42.17,6571,33.344978,81.815917,12668,10,2.33,25.8,No,No,No,Yes,No,Yes,Yes,239,34,82,76,61,0.91,3325,27.5,Services,18,12,0,13,0,52,80.58,13.54,2025-12-31
C0847,Nagaland City 847,Nagaland,Tier 2,4125701,93.72,2605,8.223523,79.821671,4948,40,4.88,3.83,No,No,Yes,Yes,No,Yes,Yes,171,19,61,61,85,-0.67,153,23.4,Services,46,89,16,6,0,45,98.0,45.46,2025-12-31
C0848,Punjab City 848,Punjab,Tier 2,60811,158.27,939,29.062407,84.073099,9211,46,5.21,7.0,No,No,Yes,Yes,No,Yes,No,200,11,70,62,70,11.51,1914,33.2,Manufacturing,87,281,18,4,0,0,90.08,36.2,2025-12-31
C0849,Haryana City 849,Haryana,Tier 3,4155175,291.57,970,25.365054,81.466477,5736,9,2.51,16.31,No,No,Yes,Yes,No,No,Yes,189,28,71,65,69,-1.84,1463,31.8,Manufacturing,70,58,20,8,0,36,77.84,34.6,2025-12-31
C0850,Jammu City 850,Jammu and Kashmir,Tier 3,1131231,288.78,3171,10.465071,82.788242,10900,67,4.44,0.87,No,No,Yes,No,No,No,Yes,202,24,79,85,87,8.6,2834,13.6,Manufacturing,89,237,8,7,0,51,82.66,10.82,2025-12-31
C0851,Sikkim City 851,Sikkim,Tier 3,2939712,460.03,13149,18.790364,84.592787,13233,57,2.08,22.83,No,No,Yes,Yes,No,No,No,175,50,53,69,72,10.41,2229,25.2,Services,6,203,2,1,0,49,72.6,37.58,2025-12-31
C0852,Manipur City 852,Manipur,Tier 3,2343180,204.49,14942,9.253707,79.573123,4157,36,3.66,27.81,No,No,No,Yes,No,No,Yes,65,32,64,90,51,4.68,896,22.0,Services,83,92,20,12,0,37,70.24,37.59,2025-12-31
C0853,Puducherry City 853,Puducherry,Tier 2,2760431,407.27,13597,8.265358,76.177542,4817,23,4.98,27.05,No,No,Yes,Yes,No,No,Yes,226,12,67,55,79,7.64,1360,12.8,Tourism,48,136,12,3,0,41,80.31,28.92,2025-12-31
C0854,Odisha City 854,Odisha,Tier 2,3272674,111.84,8475,24.329888,78.985885,4456,25,2.66,13.67,No,No,Yes,Yes,No,Yes,Yes,188,60,71,88,68,2.38,1010,31.2,Tourism,86,285,4,12,0,28,61.75,11.22,2025-12-31
C0855,Himachal City 855,Himachal Pradesh,Tier 3,3340934,116.4,14746,28.014598,85.402733,9051,18,2.4,9.01,No,No,Yes,Yes,No,Yes,Yes,107,15,76,79,84,10.91,824,32.6,Tourism,92,133,18,5,0,51,74.53,22.59,2025-12-31
C0856,Andhra City 856,Andhra Pradesh,Tier 3,1906321,493.52,13725,18.293586,68.957492,5329,15,5.36,17.67,No,No,Yes,No,No,No,Yes,77,19,52,76,56,7.07,299,12.7,Manufacturing,87,134,6,11,0,79,68.58,46.25,2025-12-31
C0857,Goa City 857,Goa,Tier 2,67294,57.32,655,13.330407,84.87125,7396,35,2.4,4.56,No,No,No,No,No,No,No,46,42,73,72,88,1.64,3078,21.2,Manufacturing,34,10,9,11,0,27,65.2,24.06,2025-12-31
C0858,Tripura City 858,Tripura,Tier 3,3954672,460.54,9056,30.283007,76.261051,7974,26,3.76,8.78,No,No,Yes,No,No,Yes,Yes,187,28,72,62,89,7.49,527,33.0,Services,68,229,13,13,0,43,62.22,20.61,2025-12-31
C0859,Ladakh City 859,Ladakh,Tier 3,611168,88.76,13141,24.689461,84.059455,13273,49,3.28,16.51,No,No,No,Yes,No,Yes,Yes,63,25,54,57,75,4.18,2340,27.0,Services,8,207,20,15,0,80,76.25,30.12,2025-12-31
C0860,Himachal City 860,Himachal Pradesh,Tier 2,1714488,351.46,2316,23.635381,84.987438,2973,63,2.55,24.6,No,No,No,No,No,No,Yes,157,15,55,68,59,6.09,888,10.5,Agriculture,100,135,14,10,0,31,81.65,42.27,2025-12-31
C0861,Jharkhand City 861,Jharkhand,Tier 2,663623,127.37,4554,20.683259,85.383708,12062,40,5.41,11.52,No,No,Yes,Yes,No,No,No,56,41,85,62,81,3.19,2435,11.8,Tourism,31,278,4,1,0,12,63.74,26.49,2025-12-31
C0862,Arunachal City 862,Arunachal Pradesh,Tier 3,3012010,106.92,7311,19.394661,73.335684,9092,63,5.17,6.77,No,No,No,Yes,No,Yes,No,76,27,70,72,64,11.43,1119,22.2,Tourism,91,210,10,12,0,78,77.83,34.64,2025-12-31
C0863,Andaman City 863,Andaman and Nicobar Islands,Tier 3,4339173,167.95,7277,12.632539,76.08178,14942,44,3.15,11.15,No,No,Yes,Yes,No,No,No,190,18,70,50,76,5.68,2424,20.5,Services,73,180,3,4,0,6,92.92,55.95,2025-12-31
C0864,Delhi City 864,Delhi,Tier 3,4178789,114.28,4091,29.451157,88.362448,11857,36,4.34,6.62,No,No,No,Yes,No,Yes,Yes,177,17,69,77,73,10.52,862,13.7,Manufacturing,42,262,14,0,0,36,94.61,68.35,2025-12-31
C0865,Jammu City 865,Jammu and Kashmir,Tier 2,3183818,84.62,8815,16.447895,87.007738,9319,9,2.81,19.56,No,No,Yes,Yes,No,No,No,172,53,59,65,62,3.67,3094,32.0,Agriculture,77,148,10,2,0,50,78.55,55.96,2025-12-31
C0866,Delhi City 866,Delhi,Tier 2,3367058,122.65,10624,14.371581,72.078118,14642,70,5.23,12.9,No,No,Yes,Yes,No,Yes,Yes,233,62,59,51,53,10.37,3049,26.9,Tourism,69,147,4,12,0,32,89.38,62.18,2025-12-31
C0867,Maharashtra City 867,Maharashtra,Tier 2,1832715,228.74,7695,27.595158,79.049744,14743,40,2.67,29.32,No,No,No,No,No,Yes,Yes,127,10,71,90,66,6.1,1271,32.3,Manufacturing,8,297,11,13,0,35,81.59,60.04,2025-12-31
C0868,Haryana City 868,Haryana,Tier 2,1271140,152.93,6355,30.144335,70.71387,11039,67,2.86,1.69,No,No,Yes,Yes,No,Yes,No,104,35,57,80,72,8.81,2273,27.9,Agriculture,74,34,6,1,0,36,69.7,14.09,2025-12-31
C0869,Odisha City 869,Odisha,Tier 2,2331191,143.74,6010,19.76434,93.91512,7369,12,4.75,25.04,No,No,Yes,Yes,No,No,Yes,152,29,79,70,72,4.59,907,11.1,Agriculture,18,216,16,10,0,48,70.71,16.6,2025-12-31
C0870,Delhi City 870,Delhi,Tier 3,352759,72.87,10264,9.078851,93.76874,14748,66,4.63,12.26,No,No,Yes,No,No,Yes,No,53,16,73,83,74,3.36,3372,22.9,Services,19,53,18,15,0,49,76.66,44.75,2025-12-31
C0871,Andaman City 871,Andaman and Nicobar Islands,Tier 2,1721062,105.12,1375,21.818222,69.208848,7056,63,2.11,29.1,No,No,Yes,No,No,Yes,No,121,51,84,54,87,2.22,1440,21.0,Manufacturing,74,199,7,11,0,30,97.52,44.71,2025-12-31
C0872,Chandigarh City 872,Chandigarh,Tier 2,2418008,104.83,6856,27.124286,70.733666,14526,52,3.93,16.87,No,No,Yes,No,No,No,No,139,45,81,88,63,-2.94,3280,15.1,Manufacturing,70,184,6,5,0,59,66.79,55.24,2025-12-31
C0873,West City 873,West Bengal,Tier 2,2189483,178.83,10752,18.758284,89.420918,2803,18,3.28,26.27,No,No,No,No,No,No,Yes,91,10,84,79,62,11.12,131,23.4,Services,21,14,20,14,0,28,81.11,52.9,2025-12-31
C0874,Karnataka City 874,Karnataka,Tier 3,4035560,250.5,12537,35.553666,71.362655,14251,40,3.17,9.71,No,No,No,No,No,Yes,Yes,229,48,53,50,78,10.61,699,11.8,Manufacturing,96,152,4,6,0,37,85.66,39.33,2025-12-31
C0875,Bihar City 875,Bihar,Tier 3,4105291,428.92,11633,27.204239,96.578213,3339,56,4.48,27.85,No,No,No,Yes,No,No,Yes,126,33,89,77,72,8.58,1749,29.2,Services,42,30,19,12,0,67,92.48,21.69,2025-12-31
C0876,Nagaland City 876,Nagaland,Tier 2,196510,319.05,6307,12.417835,95.148905,6412,68,2.55,20.3,No,No,No,Yes,No,No,Yes,207,21,58,55,87,-1.86,1158,16.1,Agriculture,63,20,11,9,0,61,85.53,35.28,2025-12-31
C0877,Haryana City 877,Haryana,Tier 3,4184256,400.64,9913,11.314392,94.328314,7186,10,4.98,3.07,No,No,Yes,No,No,Yes,No,32,11,82,52,58,3.02,2395,24.3,Manufacturing,90,143,14,10,0,76,77.32,43.38,2025-12-31
C0878,Maharashtra City 878,Maharashtra,Tier 2,2722983,165.84,8498,28.69817,78.386542,3262,46,2.75,8.65,No,No,No,No,No,Yes,No,128,25,82,76,90,2.81,1261,27.0,Manufacturing,24,21,6,2,0,63,86.32,59.04,2025-12-31
C0879,Uttarakhand City 879,Uttarakhand,Tier 3,3110727,98.74,8794,12.117624,79.392516,7257,24,5.43,17.85,No,No,Yes,No,No,Yes,No,30,12,52,59,51,5.19,2820,11.2,Tourism,90,203,0,10,0,11,82.39,43.57,2025-12-31
C0880,Sikkim City 880,Sikkim,Tier 3,1798785,417.23,8418,33.444937,79.618687,12477,20,4.92,26.4,No,No,Yes,Yes,No,No,No,246,51,63,74,88,7.69,922,30.3,Agriculture,12,39,1,1,0,67,91.19,45.32,2025-12-31
C0881,Chhattisgarh City 881,Chhattisgarh,Tier 3,4420809,83.56,358,31.476726,76.981955,10511,69,2.18,15.9,No,No,Yes,No,No,No,Yes,115,44,88,61,89,7.24,2646,28.5,Agriculture,38,122,20,14,0,53,76.14,24.55,2025-12-31
C0882,Uttarakhand City 882,Uttarakhand,Tier 3,1479365,280.88,10829,8.717244,90.87722,3149,16,5.94,20.3,No,No,No,Yes,No,No,No,229,39,66,79,50,10.08,3040,15.5,Agriculture,9,188,17,6,0,31,60.32,46.77,2025-12-31
C0883,Puducherry City 883,Puducherry,Tier 2,3806960,320.8,5054,36.383228,70.74527,11376,15,4.99,4.37,No,No,No,Yes,No,No,No,217,65,72,51,56,3.08,2089,20.7,Agriculture,70,263,15,12,0,16,85.01,42.56,2025-12-31
C0884,Maharashtra City 884,Maharashtra,Tier 3,2031284,233.25,8917,34.27551,87.336279,2202,13,4.91,12.02,No,No,Yes,No,No,No,Yes,181,20,61,77,77,3.52,2208,30.8,Agriculture,77,109,14,12,0,10,96.08,69.37,2025-12-31
C0885,Rajasthan City 885,Rajasthan,Tier 2,1620861,288.64,10799,25.464565,93.86773,10610,69,4.44,14.02,No,No,Yes,No,No,Yes,Yes,112,31,89,80,80,3.97,1876,18.1,Services,53,161,0,6,0,71,74.04,54.52,2025-12-31
C0886,Arunachal City 886,Arunachal Pradesh,Tier 3,296006,464.41,11942,35.294521,76.436355,14468,36,2.44,28.43,No,No,No,No,No,No,Yes,176,14,58,87,72,10.01,1537,30.0,Services,15,68,9,13,0,5,62.13,49.09,2025-12-31
C0887,Assam City 887,Assam,Tier 2,1590447,153.09,10038,28.416174,73.247464,9127,43,5.34,14.84,No,No,No,Yes,No,Yes,Yes,228,19,87,62,51,-1.15,3094,31.9,Tourism,86,16,2,12,0,80,61.37,26.51,2025-12-31
C0888,Arunachal City 888,Arunachal Pradesh,Tier 3,2940962,100.14,3268,12.699477,92.67848,8485,46,2.84,3.75,No,No,Yes,No,No,Yes,Yes,33,60,81,90,62,-2.7,657,30.3,Manufacturing,54,226,4,8,0,73,77.15,24.35,2025-12-31
C0889,Odisha City 889,Odisha,Tier 2,2789984,262.56,13110,28.021007,91.396029,14295,25,3.22,28.39,No,No,No,No,No,No,No,42,56,74,84,81,8.83,1582,26.1,Tourism,52,122,8,10,0,8,70.67,49.32,2025-12-31
C0890,Dadra City 890,Dadra and Nagar Haveli and Daman and Diu,Tier 3,3019028,465.91,8723,13.760173,89.678611,6185,40,2.79,9.04,No,No,Yes,No,No,No,Yes,248,36,81,63,77,11.68,3499,17.5,Tourism,35,88,0,14,0,60,73.87,38.26,2025-12-31
C0891,Chandigarh City 891,Chandigarh,Tier 3,2094330,104.76,14780,26.862887,90.372152,11795,43,2.87,24.91,No,No,No,No,No,Yes,No,182,54,71,84,52,2.34,3225,28.1,Tourism,45,40,11,1,0,76,66.65,26.15,2025-12-31
C0892,Jammu City 892,Jammu and Kashmir,Tier 2,118707,54.03,3528,16.130558,94.615213,14221,46,5.03,17.1,No,No,No,No,No,Yes,No,66,64,87,70,67,6.52,1514,26.7,Agriculture,35,297,0,2,0,53,65.23,43.55,2025-12-31
C0893,Tamil City 893,Tamil Nadu,Tier 2,3022481,48.07,2473,27.984702,86.444747,6713,29,2.09,5.71,No,No,Yes,No,No,Yes,No,88,66,54,58,79,5.95,3261,27.1,Manufacturing,33,261,19,10,0,24,62.99,53.29,2025-12-31
C0894,Gujarat City 894,Gujarat,Tier 2,1243164,142.33,6076,24.707029,75.968366,4533,33,3.43,26.57,No,No,No,Yes,No,No,No,76,61,72,57,53,4.85,2131,15.6,Manufacturing,75,189,11,9,0,43,96.27,25.57,2025-12-31
C0895,West City 895,West Bengal,Tier 2,727981,304.76,5611,10.719242,81.822458,6787,30,5.32,9.52,No,No,Yes,No,No,Yes,No,64,40,61,84,56,3.24,918,16.2,Tourism,54,58,4,2,0,40,91.56,32.47,2025-12-31
C0896,West City 896,West Bengal,Tier 2,3618530,150.94,1963,13.040195,80.305133,10216,24,4.1,15.43,No,No,No,No,No,Yes,Yes,180,49,53,77,86,0.51,2571,30.8,Manufacturing,7,130,19,10,0,9,76.56,39.64,2025-12-31
C0897,Bihar City 897,Bihar,Tier 3,2865106,45.27,5705,28.912004,91.823675,10644,17,5.67,3.93,No,No,No,No,No,Yes,Yes,74,70,63,67,64,9.42,2275,33.0,Agriculture,44,267,11,2,0,37,84.71,13.43,2025-12-31
C0898,Telangana City 898,Telangana,Tier 2,3411632,169.96,1056,32.911609,72.197829,4678,58,4.89,3.39,No,No,No,Yes,No,No,No,226,33,78,74,79,-0.23,2597,11.6,Tourism,42,22,9,8,0,24,94.02,41.28,2025-12-31
C0899,Madhya City 899,Madhya Pradesh,Tier 3,2136511,234.86,10376,18.802853,94.545194,3185,64,2.15,19.66,No,No,Yes,No,No,No,Yes,203,51,56,70,51,3.12,2898,24.6,Services,82,74,12,10,0,8,94.57,22.82,2025-12-31
C0900,Karnataka City 900,Karnataka,Tier 2,3634961,96.39,10366,10.418056,69.553681,10048,39,2.91,18.63,No,No,Yes,Yes,No,Yes,No,175,67,54,70,78,0.27,1986,20.9,Services,19,23,11,4,0,72,79.53,37.07,2025-12-31
C0901,Andhra City 901,Andhra Pradesh,Tier 3,2499620,192.74,10046,29.474068,92.374138,3126,31,5.45,1.88,No,No,No,No,No,Yes,Yes,237,21,50,58,74,8.14,2232,16.1,Services,76,27,6,9,0,44,93.46,20.21,2025-12-31
C0902,Rajasthan City 902,Rajasthan,Tier 3,3846592,387.78,1073,14.894452,90.594231,6259,8,4.42,21.62,No,No,Yes,No,No,No,No,203,32,69,90,54,5.05,3063,13.7,Services,74,268,3,1,0,9,93.77,59.81,2025-12-31
C0903,Himachal City 903,Himachal Pradesh,Tier 3,1497229,63.69,14576,29.759934,70.903732,5806,25,3.5,3.2,No,No,No,Yes,No,Yes,Yes,55,25,84,85,60,2.42,1066,14.3,Manufacturing,92,49,12,3,0,52,68.45,60.47,2025-12-31
C0904,Meghalaya City 904,Meghalaya,Tier 2,4067171,495.47,12395,19.030893,68.36628,14073,40,4.37,9.33,No,No,No,No,No,No,Yes,41,12,51,72,58,-1.79,2962,27.9,Agriculture,65,14,14,3,0,55,69.17,43.64,2025-12-31
C0905,Arunachal City 905,Arunachal Pradesh,Tier 3,924089,114.74,7816,8.186173,78.768118,14329,15,5.53,17.61,No,No,Yes,No,No,No,No,96,69,73,76,88,4.09,2626,19.9,Tourism,54,68,19,5,0,58,76.26,14.69,2025-12-31
C0906,Delhi City 906,Delhi,Tier 3,1025838,353.41,11371,22.529749,80.042937,4116,62,3.7,17.62,No,No,No,Yes,No,Yes,No,225,63,74,78,84,0.28,203,19.3,Services,31,244,3,6,0,69,92.15,41.49,2025-12-31
C0907,Odisha City 907,Odisha,Tier 2,1441445,372.84,3862,27.934327,94.90125,14275,69,3.15,11.55,No,No,Yes,No,No,No,No,127,21,81,77,63,7.91,103,17.4,Agriculture,14,244,13,3,0,38,66.62,50.26,2025-12-31
C0908,Telangana City 908,Telangana,Tier 2,2529014,270.34,2146,25.427999,96.720149,13877,34,2.83,27.71,No,No,No,No,No,Yes,No,129,30,74,84,86,2.81,2191,32.6,Agriculture,32,203,17,7,0,0,61.08,42.48,2025-12-31
C0909,Puducherry City 909,Puducherry,Tier 2,3418567,372.6,11606,32.44524,90.199727,11247,70,2.72,28.57,No,No,Yes,Yes,No,No,Yes,128,31,88,64,67,-2.03,1182,11.2,Manufacturing,79,58,2,14,0,21,64.87,19.41,2025-12-31
C0910,Ladakh City 910,Ladakh,Tier 2,4400280,120.51,1733,23.557733,80.944151,11358,57,5.96,12.13,No,No,Yes,No,No,No,No,164,49,83,66,86,4.16,1266,24.5,Services,84,39,10,5,0,17,64.05,17.45,2025-12-31
C0911,Nagaland City 911,Nagaland,Tier 3,2866488,494.29,6131,22.986728,70.752704,11954,42,4.65,29.85,No,No,Yes,No,No,Yes,No,84,50,70,76,65,-1.58,1770,15.0,Agriculture,26,246,11,11,0,57,91.08,54.69,2025-12-31
C0912,Uttarakhand City 912,Uttarakhand,Tier 2,3561072,310.44,10274,19.905101,82.152103,10984,40,2.28,17.3,No,No,Yes,Yes,No,No,Yes,208,13,57,63,50,4.49,1844,34.8,Tourism,29,97,3,12,0,28,90.49,51.46,2025-12-31
C0913,Uttarakhand City 913,Uttarakhand,Tier 2,2080688,66.13,10358,32.968502,77.553265,11276,10,5.02,1.55,No,No,Yes,Yes,No,No,Yes,183,32,68,73,83,8.65,2162,15.6,Services,35,290,3,4,0,61,92.32,69.95,2025-12-31
C0914,Maharashtra City 914,Maharashtra,Tier 2,1270541,458.06,13033,35.871148,77.918747,8975,59,3.09,25.04,No,No,Yes,No,No,Yes,No,243,41,76,61,56,9.28,846,27.7,Services,9,72,17,12,0,29,81.72,25.67,2025-12-31
C0915,Mizoram City 915,Mizoram,Tier 2,1794068,369.96,9390,15.298985,74.778871,6943,32,2.87,1.77,No,No,Yes,Yes,No,No,No,163,52,71,89,52,6.76,1855,27.4,Tourism,51,285,14,4,0,80,70.55,53.76,2025-12-31
C0916,Dadra City 916,Dadra and Nagar Haveli and Daman and Diu,Tier 2,952707,246.62,10721,30.515595,73.457292,12463,68,5.04,2.97,No,No,No,Yes,No,Yes,Yes,85,49,80,62,77,3.79,2058,27.3,Agriculture,66,125,9,0,0,23,71.61,49.03,2025-12-31
C0917,Karnataka City 917,Karnataka,Tier 3,839012,353.52,8905,33.507212,92.345091,5560,59,5.24,12.47,No,No,Yes,Yes,No,Yes,No,110,29,50,56,84,-1.5,3339,17.8,Tourism,26,161,17,8,0,19,85.44,50.09,2025-12-31
C0918,Karnataka City 918,Karnataka,Tier 3,2102279,410.0,12652,18.667815,88.233493,6840,36,3.65,21.11,No,No,Yes,Yes,No,No,Yes,116,36,67,50,89,9.04,1267,12.6,Services,49,108,19,2,0,24,77.76,29.2,2025-12-31
C0919,Himachal City 919,Himachal Pradesh,Tier 3,2774518,495.36,11512,26.369693,69.618274,4734,32,5.44,20.09,No,No,Yes,Yes,No,Yes,No,128,30,89,67,61,8.24,2531,34.8,Agriculture,86,99,7,15,0,48,87.02,35.97,2025-12-31
C0920,West City 920,West Bengal,Tier 2,1458287,297.83,4129,14.719671,79.127978,11117,24,2.37,2.15,No,No,Yes,Yes,No,Yes,No,62,27,90,59,68,-2.97,1839,26.8,Manufacturing,39,219,6,6,0,38,85.63,42.33,2025-12-31
C0921,Manipur City 921,Manipur,Tier 2,2208844,128.08,6377,10.973301,95.754921,10431,32,3.74,18.45,No,No,Yes,No,No,No,No,74,28,65,85,61,2.76,2640,33.6,Tourism,48,20,14,8,0,26,72.92,59.97,2025-12-31
C0922,Tamil City 922,Tamil Nadu,Tier 2,4742942,327.79,8869,31.401859,96.67219,11774,25,5.52,27.65,No,No,Yes,Yes,No,No,No,102,30,63,70,88,-1.56,2026,20.1,Agriculture,38,244,3,6,0,0,61.43,45.52,2025-12-31
C0923,Sikkim City 923,Sikkim,Tier 3,1193990,288.73,7760,14.155729,75.968379,6466,55,4.92,19.42,No,No,No,No,No,No,No,180,44,89,87,66,3.85,1773,27.5,Services,94,21,13,1,0,10,92.16,47.27,2025-12-31
C0924,Goa City 924,Goa,Tier 2,270761,482.79,3820,31.154203,75.560589,13528,67,5.78,3.26,No,No,No,No,No,No,No,140,56,70,50,71,-1.85,3081,22.6,Agriculture,92,59,12,15,0,37,69.91,63.21,2025-12-31
C0925,Kerala City 925,Kerala,Tier 2,2433091,356.32,6328,25.710192,86.550176,8926,44,4.07,0.76,No,No,No,No,No,Yes,No,230,36,76,86,64,4.27,1373,11.1,Tourism,27,297,13,2,0,60,91.59,42.22,2025-12-31
C0926,Karnataka City 926,Karnataka,Tier 3,3788824,88.45,845,32.490049,77.582714,12981,62,2.96,9.85,No,No,No,No,No,Yes,No,242,29,82,54,90,3.17,3196,16.2,Tourism,78,135,13,1,0,49,67.44,40.73,2025-12-31
C0927,Manipur City 927,Manipur,Tier 2,759509,40.22,1601,32.654463,72.097763,10799,44,3.51,10.14,No,No,Yes,Yes,No,No,No,67,68,81,79,72,4.86,3208,21.9,Manufacturing,54,177,13,4,0,6,95.92,54.84,2025-12-31
C0928,Maharashtra City 928,Maharashtra,Tier 3,2600510,349.6,3761,26.237173,75.486784,10134,57,4.39,22.47,No,No,Yes,Yes,No,Yes,Yes,202,19,62,64,73,3.6,1827,12.2,Agriculture,62,122,3,14,0,38,70.64,31.44,2025-12-31
C0929,Jammu City 929,Jammu and Kashmir,Tier 3,1501726,347.34,14884,11.941241,75.105087,8229,36,4.15,20.96,No,No,No,No,No,No,No,227,64,73,89,67,7.26,2762,16.0,Tourism,69,181,4,11,0,24,76.95,37.58,2025-12-31
C0930,Mizoram City 930,Mizoram,Tier 2,2063485,253.81,7930,20.176856,81.784274,2209,24,5.49,0.87,No,No,No,No,No,No,No,50,29,88,78,72,-0.0,461,11.9,Services,31,116,1,1,0,4,84.45,12.79,2025-12-31
C0931,Nagaland City 931,Nagaland,Tier 2,3481286,205.12,6150,29.053203,72.350439,14003,26,4.89,10.43,No,No,No,No,No,No,Yes,117,21,62,58,76,3.45,230,25.8,Agriculture,9,143,14,0,0,73,88.0,14.21,2025-12-31
C0932,Meghalaya City 932,Meghalaya,Tier 3,4956616,495.11,11206,18.48852,80.221042,3088,46,4.76,18.02,No,No,No,No,No,Yes,Yes,170,16,70,82,63,8.23,1934,29.7,Tourism,56,228,2,9,0,39,77.87,35.5,2025-12-31
C0933,Goa City 933,Goa,Tier 3,4337599,258.82,300,16.13926,81.38519,11360,34,3.6,19.6,No,No,No,Yes,No,Yes,No,212,18,73,75,71,11.67,2500,19.4,Agriculture,40,94,7,7,0,0,87.74,44.46,2025-12-31
C0934,Kerala City 934,Kerala,Tier 3,3596813,456.89,14314,8.503123,76.068945,9683,51,2.97,16.14,No,No,Yes,Yes,No,Yes,No,44,32,54,63,55,4.98,1640,10.8,Services,44,240,7,6,0,70,82.45,15.42,2025-12-31
C0935,Jammu City 935,Jammu and Kashmir,Tier 3,1456430,152.74,5202,33.077576,92.0008,1843,20,3.31,8.02,No,No,Yes,Yes,No,Yes,Yes,230,42,80,64,72,11.88,2300,32.9,Services,57,168,15,15,0,38,63.63,15.41,2025-12-31
C0936,Maharashtra City 936,Maharashtra,Tier 3,690511,267.58,3378,8.251218,78.304903,7925,20,3.07,28.35,No,No,No,No,No,Yes,No,83,70,89,83,84,2.47,787,27.3,Services,75,177,10,1,0,73,79.86,52.35,2025-12-31
C0937,Chhattisgarh City 937,Chhattisgarh,Tier 2,4697293,490.23,5711,18.469172,83.046048,3612,32,3.84,22.79,No,No,Yes,Yes,No,Yes,Yes,180,24,69,84,86,-1.62,3034,29.1,Agriculture,30,282,2,8,0,49,67.18,17.63,2025-12-31
C0938,Kerala City 938,Kerala,Tier 3,1366895,78.31,10265,33.412745,84.652765,13998,61,2.97,22.94,No,No,Yes,Yes,No,Yes,Yes,161,30,59,80,62,1.43,456,17.4,Services,16,110,7,2,0,42,93.54,31.38,2025-12-31
C0939,Madhya City 939,Madhya Pradesh,Tier 2,576568,180.74,938,13.50447,91.445553,6663,8,3.8,16.08,No,No,Yes,Yes,No,No,No,187,45,69,70,70,3.85,3136,31.0,Services,35,166,10,9,0,15,89.76,54.52,2025-12-31
C0940,Kerala City 940,Kerala,Tier 2,1235805,221.11,10357,32.872923,85.340583,7390,17,2.22,9.34,No,No,Yes,Yes,No,Yes,No,56,68,74,74,89,-1.6,341,32.4,Manufacturing,25,138,4,3,0,51,80.35,35.04,2025-12-31
C0941,Chandigarh City 941,Chandigarh,Tier 2,1324606,352.9,10668,31.506014,78.31935,12253,33,2.68,23.51,No,No,No,Yes,No,Yes,Yes,191,27,81,86,55,8.19,145,18.6,Manufacturing,22,190,15,4,0,16,80.95,37.35,2025-12-31
C0942,Madhya City 942,Madhya Pradesh,Tier 2,1272784,44.34,10874,27.169237,94.473201,6179,43,3.36,14.9,No,No,Yes,No,No,Yes,No,61,19,89,72,55,1.43,862,32.5,Agriculture,47,272,20,0,0,18,94.71,66.86,2025-12-31
C0943,Uttar City 943,Uttar Pradesh,Tier 2,3238537,50.64,9350,8.831718,90.947553,4780,24,2.05,23.54,No,No,No,No,No,No,No,235,35,88,71,52,7.77,195,16.4,Agriculture,86,267,18,10,0,55,74.9,51.27,2025-12-31
C0944,Maharashtra City 944,Maharashtra,Tier 2,836585,453.27,5694,26.183145,78.278155,14993,16,2.88,16.85,No,No,No,No,No,No,No,208,68,89,89,65,-1.89,1694,26.5,Agriculture,58,75,4,0,0,11,97.71,57.96,2025-12-31
C0945,Madhya City 945,Madhya Pradesh,Tier 3,126516,463.39,8196,32.090528,76.035732,14141,36,5.61,2.57,No,No,Yes,Yes,No,Yes,Yes,114,17,66,83,87,8.96,3234,18.1,Manufacturing,76,96,18,9,0,39,62.79,52.68,2025-12-31
C0946,Haryana City 946,Haryana,Tier 3,3905416,410.17,12277,9.385609,78.488931,6840,36,2.51,7.33,No,No,No,Yes,No,No,No,85,50,53,86,71,7.93,616,26.4,Services,68,14,17,8,0,65,88.85,34.24,2025-12-31
C0947,Andaman City 947,Andaman and Nicobar Islands,Tier 3,2832741,208.6,11127,12.328242,93.836648,7822,57,4.65,19.94,No,No,Yes,Yes,No,Yes,Yes,224,58,57,83,63,-0.69,1629,15.2,Services,70,273,10,13,0,68,87.64,50.89,2025-12-31
C0948,West City 948,West Bengal,Tier 3,3485170,330.4,8531,8.535691,95.523612,6363,28,5.21,6.72,No,No,No,No,No,No,No,115,19,55,64,72,6.54,432,33.4,Tourism,49,178,19,5,0,64,86.6,39.31,2025-12-31
C0949,Lakshadweep City 949,Lakshadweep,Tier 3,2368897,70.88,11536,9.86673,86.447292,10427,32,4.74,29.49,No,No,Yes,No,No,No,No,224,17,57,89,89,4.4,1153,18.4,Tourism,83,218,11,10,0,9,89.17,56.72,2025-12-31
C0950,West City 950,West Bengal,Tier 3,986104,317.35,7518,23.352264,80.37627,13639,8,5.65,1.68,No,No,Yes,No,No,Yes,Yes,243,17,75,62,52,-1.71,3116,18.2,Services,88,89,5,8,0,18,64.8,26.85,2025-12-31
C0951,Lakshadweep City 951,Lakshadweep,Tier 2,2611122,392.98,10133,12.854397,79.065542,10865,11,4.27,15.69,No,No,No,No,No,Yes,Yes,235,50,82,52,67,-2.88,935,14.9,Tourism,75,12,2,10,0,28,76.67,24.52,2025-12-31
C0952,Andaman City 952,Andaman and Nicobar Islands,Tier 3,3407499,493.78,8262,11.025479,78.031696,6079,25,3.67,0.67,No,No,Yes,Yes,No,No,Yes,187,66,77,81,67,10.97,3477,34.8,Manufacturing,68,79,1,10,0,26,75.01,51.81,2025-12-31
C0953,Punjab City 953,Punjab,Tier 2,948298,311.67,2809,28.607323,91.809338,7518,34,3.78,18.87,No,No,Yes,No,No,Yes,Yes,51,66,72,70,63,5.36,180,26.8,Services,48,173,17,4,0,11,94.74,33.18,2025-12-31
C0954,Uttarakhand City 954,Uttarakhand,Tier 3,1874892,472.92,6374,19.532284,86.599084,6174,26,4.99,0.28,No,No,Yes,No,No,No,Yes,200,60,86,86,56,6.11,364,21.4,Tourism,52,45,4,8,0,38,63.65,28.41,2025-12-31
C0955,Karnataka City 955,Karnataka,Tier 3,1778125,345.93,7336,34.611933,85.977463,4713,41,5.04,22.85,No,No,No,No,No,No,No,143,37,72,74,70,5.74,250,22.0,Tourism,46,165,19,8,0,26,84.27,28.36,2025-12-31
C0956,West City 956,West Bengal,Tier 3,4182473,77.87,14387,19.90529,84.346642,4107,54,2.01,17.55,No,No,Yes,No,No,No,Yes,106,65,57,72,63,2.4,1999,21.7,Agriculture,89,34,3,3,0,42,84.45,37.74,2025-12-31
C0957,Manipur City 957,Manipur,Tier 3,2254783,142.98,1475,31.740769,87.118633,13174,42,3.94,5.35,No,No,No,No,No,No,No,95,16,64,71,67,6.72,3095,25.8,Tourism,17,211,17,10,0,47,77.77,47.17,2025-12-31
C0958,Rajasthan City 958,Rajasthan,Tier 2,2044704,434.53,9088,18.634838,78.813499,10855,9,5.34,20.29,No,No,No,No,No,No,No,122,69,82,56,76,3.04,736,29.7,Tourism,85,70,6,13,0,21,69.06,54.5,2025-12-31
C0959,Punjab City 959,Punjab,Tier 3,65778,171.27,7918,10.951098,79.612968,11514,70,3.78,21.55,No,No,No,No,No,No,Yes,104,17,85,72,70,5.58,270,23.0,Manufacturing,68,155,11,12,0,4,64.66,11.52,2025-12-31
C0960,Tripura City 960,Tripura,Tier 2,211858,66.58,6000,25.857466,68.905954,2444,56,2.42,22.54,No,No,No,No,No,No,Yes,155,44,77,88,61,11.16,1380,17.8,Agriculture,55,89,3,11,0,74,90.8,24.18,2025-12-31
C0961,Dadra City 961,Dadra and Nagar Haveli and Daman and Diu,Tier 3,3784353,218.85,4395,18.235277,73.740312,8819,39,6.0,11.17,No,No,No,No,No,Yes,No,44,39,58,58,84,5.07,1206,29.5,Manufacturing,34,186,3,6,0,78,60.28,26.33,2025-12-31
C0962,Bihar City 962,Bihar,Tier 3,2649524,107.54,10707,16.982924,85.820109,8881,33,5.4,27.7,No,No,No,No,No,No,No,226,62,54,67,83,11.45,902,27.6,Agriculture,90,36,14,7,0,46,89.42,36.22,2025-12-31
C0963,Telangana City 963,Telangana,Tier 2,3320147,417.45,8715,13.049082,92.644222,4773,68,5.97,12.57,No,No,No,No,No,Yes,Yes,159,65,83,74,77,11.08,524,12.2,Manufacturing,91,75,6,5,0,9,70.03,49.46,2025-12-31
C0964,Rajasthan City 964,Rajasthan,Tier 2,3217628,68.83,2072,24.981845,90.901825,10754,44,5.22,4.57,No,No,No,No,No,No,No,145,26,90,90,67,2.66,1624,27.5,Manufacturing,52,172,8,9,0,9,64.16,15.85,2025-12-31
C0965,Lakshadweep City 965,Lakshadweep,Tier 3,765783,130.5,7675,13.439827,96.024762,13058,29,2.58,6.34,No,No,Yes,Yes,No,No,No,161,29,56,84,67,9.93,428,16.5,Manufacturing,26,24,2,8,0,66,69.27,24.58,2025-12-31
C0966,Nagaland City 966,Nagaland,Tier 2,867435,82.31,7556,12.900535,74.004706,8176,8,2.78,15.34,No,No,No,No,No,No,No,41,56,86,50,76,6.92,2079,20.9,Manufacturing,64,203,4,11,0,0,78.36,49.25,2025-12-31
C0967,Chhattisgarh City 967,Chhattisgarh,Tier 3,1606437,480.48,8475,12.271171,76.176229,10377,62,4.06,16.92,No,No,No,Yes,No,No,Yes,41,24,60,74,69,6.82,3359,20.0,Services,64,162,3,2,0,51,61.41,53.08,2025-12-31
C0968,Manipur City 968,Manipur,Tier 2,3295583,398.77,4398,31.086456,84.504708,11049,54,4.84,14.7,No,No,Yes,Yes,No,No,Yes,116,62,57,88,78,7.24,605,23.8,Tourism,76,61,6,12,0,69,65.4,33.48,2025-12-31
C0969,Andhra City 969,Andhra Pradesh,Tier 3,2375926,112.32,5741,34.745931,69.942556,5879,48,5.61,21.91,No,No,No,Yes,No,No,Yes,65,21,57,77,86,8.02,3199,10.6,Services,51,151,16,0,0,18,92.86,65.68,2025-12-31
C0970,Manipur City 970,Manipur,Tier 2,3137487,286.26,12686,22.601082,76.643233,12981,61,4.49,2.66,No,No,No,No,No,No,Yes,235,30,55,80,69,2.07,1139,19.4,Manufacturing,93,186,3,0,0,20,87.91,28.26,2025-12-31
C0971,Goa City 971,Goa,Tier 2,4605683,144.94,1721,24.569347,78.661657,12200,45,4.83,17.07,No,No,Yes,Yes,No,No,No,55,41,81,55,81,7.49,887,10.8,Services,69,241,1,9,0,9,64.92,64.6,2025-12-31
C0972,Tripura City 972,Tripura,Tier 2,2817901,73.81,6725,15.347731,91.46539,14264,48,4.52,17.8,No,No,Yes,Yes,No,No,No,173,26,57,85,79,8.46,1753,21.4,Services,12,14,12,8,0,28,71.79,66.5,2025-12-31
C0973,Jammu City 973,Jammu and Kashmir,Tier 2,721331,330.35,8040,30.048823,69.293609,5499,19,3.06,23.78,No,No,No,No,No,No,No,117,17,50,69,84,1.21,2284,31.5,Tourism,94,234,6,3,0,69,63.52,30.67,2025-12-31
C0974,Arunachal City 974,Arunachal Pradesh,Tier 3,2478586,106.23,1143,21.195411,90.604064,11362,65,5.76,24.57,No,No,No,No,No,No,Yes,56,16,53,80,86,4.09,1356,32.0,Tourism,42,189,13,10,0,59,65.69,43.92,2025-12-31
C0975,Jammu City 975,Jammu and Kashmir,Tier 2,1446027,212.08,9747,14.092561,82.700388,6196,68,5.96,0.94,No,No,Yes,Yes,No,No,No,165,64,72,76,50,9.64,1652,28.1,Manufacturing,88,218,2,6,0,66,65.02,34.59,2025-12-31
C0976,Dadra City 976,Dadra and Nagar Haveli and Daman and Diu,Tier 3,333283,323.65,14427,20.84292,80.780511,9274,36,4.38,14.16,No,No,Yes,No,No,Yes,No,87,41,79,87,61,10.19,3409,29.0,Services,13,53,1,14,0,30,97.56,17.39,2025-12-31
C0977,Dadra City 977,Dadra and Nagar Haveli and Daman and Diu,Tier 3,1496122,118.09,13292,8.941979,83.649537,12501,66,2.67,6.21,No,No,Yes,Yes,No,Yes,Yes,231,19,63,89,87,10.94,1133,17.0,Agriculture,56,24,12,8,0,29,85.84,10.14,2025-12-31
C0978,Tamil City 978,Tamil Nadu,Tier 2,1649952,190.28,9109,33.518687,77.370442,4103,46,3.22,4.27,No,No,No,Yes,No,No,Yes,38,60,74,66,66,4.97,3491,23.9,Tourism,73,255,10,7,0,13,64.43,44.72,2025-12-31
C0979,Andaman City 979,Andaman and Nicobar Islands,Tier 2,2196855,108.36,6035,35.929481,94.230914,10473,59,2.03,7.58,No,No,No,No,No,No,Yes,123,31,51,80,85,9.89,1837,23.8,Services,74,213,0,5,0,5,68.69,45.41,2025-12-31
C0980,Himachal City 980,Himachal Pradesh,Tier 2,1076289,147.08,1531,34.594542,68.991297,3324,47,5.88,27.13,No,No,No,No,No,Yes,Yes,168,61,80,86,83,8.65,753,33.0,Services,30,49,8,5,0,39,81.56,57.83,2025-12-31
C0981,Kerala City 981,Kerala,Tier 2,4025272,460.39,9760,19.376753,76.712095,8797,8,2.94,22.86,No,No,Yes,No,No,Yes,Yes,112,15,52,61,83,4.32,1486,27.1,Manufacturing,7,85,5,0,0,10,87.48,39.35,2025-12-31
C0982,Punjab City 982,Punjab,Tier 3,2328270,61.41,4812,23.364991,85.965905,12589,63,4.78,1.86,No,No,No,No,No,No,Yes,149,30,51,56,72,-0.43,2889,27.0,Services,37,151,5,1,0,29,92.97,33.89,2025-12-31
C0983,Ladakh City 983,Ladakh,Tier 3,2502448,375.42,13489,13.47054,68.388508,7902,40,5.81,4.42,No,No,Yes,Yes,No,No,Yes,139,13,55,66,71,3.68,2534,13.8,Manufacturing,56,258,2,8,0,68,73.01,52.22,2025-12-31
C0984,Jammu City 984,Jammu and Kashmir,Tier 2,852402,201.54,12135,11.098866,80.536279,11782,70,5.39,14.6,No,No,Yes,Yes,No,Yes,No,48,46,58,52,57,9.73,733,23.7,Tourism,21,131,7,4,0,72,77.1,10.23,2025-12-31
C0985,Nagaland City 985,Nagaland,Tier 2,4048155,305.18,8582,12.684235,94.375244,7430,42,5.86,19.02,No,No,No,No,No,Yes,Yes,139,63,63,88,78,-1.75,2563,14.1,Agriculture,64,181,14,9,0,14,97.81,67.79,2025-12-31
C0986,Kerala City 986,Kerala,Tier 3,4758428,411.03,13845,14.908491,79.949317,8115,16,3.38,2.58,No,No,Yes,Yes,No,Yes,No,197,46,80,78,65,8.4,2745,20.9,Services,66,97,8,9,0,24,84.14,21.85,2025-12-31
C0987,Sikkim City 987,Sikkim,Tier 3,3929226,273.88,2999,25.504437,93.143279,7729,38,2.44,27.14,No,No,No,Yes,No,Yes,Yes,187,68,86,53,64,1.05,2287,26.2,Tourism,21,160,15,13,0,6,83.81,53.26,2025-12-31
C0988,Odisha City 988,Odisha,Tier 2,602100,226.91,6105,22.004947,81.858585,3888,26,5.52,12.28,No,No,Yes,Yes,No,No,No,182,19,52,64,76,8.73,1045,11.3,Agriculture,96,147,20,1,0,12,85.79,18.9,2025-12-31
C0989,Meghalaya City 989,Meghalaya,Tier 2,1003355,383.51,3320,31.768176,79.484057,2878,24,3.97,26.02,No,No,No,Yes,No,Yes,Yes,163,27,58,89,64,0.26,1451,25.3,Tourism,62,166,5,5,0,73,80.47,24.54,2025-12-31
C0990,Rajasthan City 990,Rajasthan,Tier 3,3534950,458.45,8185,30.837982,91.120261,3150,70,3.41,25.92,No,No,Yes,Yes,No,Yes,No,226,68,60,69,79,7.93,1067,20.1,Agriculture,10,113,4,0,0,73,61.44,68.28,2025-12-31
C0991,Bihar City 991,Bihar,Tier 3,2571732,425.94,6961,9.959057,92.380621,6907,27,2.58,15.2,No,No,Yes,No,No,No,No,198,70,53,68,61,6.62,611,20.0,Services,81,83,1,13,0,56,96.11,58.69,2025-12-31
C0992,Nagaland City 992,Nagaland,Tier 2,1697966,173.72,4087,27.833387,79.60712,2114,25,3.28,6.52,No,No,Yes,No,No,Yes,No,172,54,64,71,79,-0.03,3488,30.0,Agriculture,33,136,0,15,0,29,70.53,24.91,2025-12-31
C0993,Maharashtra City 993,Maharashtra,Tier 2,1566563,493.31,7232,16.996559,92.508881,4299,26,5.03,28.02,No,No,Yes,No,No,Yes,No,70,13,65,64,72,-2.33,397,20.0,Manufacturing,36,77,10,3,0,3,78.52,15.39,2025-12-31
C0994,Tamil City 994,Tamil Nadu,Tier 3,4532212,433.82,1187,31.315183,95.724643,6170,48,5.99,1.76,No,No,Yes,Yes,No,No,No,130,29,54,55,87,6.31,1620,30.3,Agriculture,21,174,7,1,0,62,89.29,14.52,2025-12-31
C0995,Goa City 995,Goa,Tier 2,2946245,454.61,6022,28.749408,74.4732,13081,27,4.44,7.77,No,No,Yes,No,No,Yes,No,207,41,70,72,81,11.24,1706,20.8,Manufacturing,27,273,20,4,0,35,75.56,11.05,2025-12-31
C0996,West City 996,West Bengal,Tier 2,3493668,93.04,14260,10.158571,87.41883,10589,50,3.46,28.46,No,No,No,Yes,No,No,Yes,32,65,50,79,77,11.09,1380,11.0,Manufacturing,12,170,19,12,0,64,90.73,50.06,2025-12-31
C0997,Uttarakhand City 997,Uttarakhand,Tier 3,3913617,442.31,5314,13.505577,74.257385,8721,9,5.65,15.25,No,No,Yes,Yes,No,Yes,Yes,102,58,76,56,53,7.99,2557,13.7,Agriculture,73,116,1,8,0,50,84.94,33.15,2025-12-31
C0998,Meghalaya City 998,Meghalaya,Tier 2,3469463,484.44,8051,28.523925,89.281914,3251,41,5.27,10.73,No,No,No,Yes,No,No,Yes,199,47,74,71,75,8.38,2296,29.0,Services,66,100,16,1,0,1,78.21,19.36,2025-12-31
C0999,Puducherry City 999,Puducherry,Tier 2,64911,370.28,9376,11.255536,87.394171,6557,36,2.62,5.96,No,No,Yes,No,No,No,No,34,39,83,64,51,11.39,1009,11.2,Services,82,237,16,11,0,13,84.38,30.8,2025-12-31
C1000,Odisha City 1000,Odisha,Tier 2,3503221,246.88,1601,15.546157,81.943373,11045,10,5.78,11.49,No,No,No,No,No,No,Yes,173,31,81,56,55,3.37,1551,20.8,Tourism,90,197,12,6,0,38,69.46,55.03,2025-12-31
